date,close,open,high,low,volume,change_percent,avg_vol_20d
20050104,986.927,996.682,996.682,984.795,2323762.03,-0.9787474841524172,2323762.03
20050105,1003.633,986.57,1008.855,985.677,3486101.13,1.7295275550645153,2904931.58
20050106,994.595,1003.49,1003.49,990.792,2933905.59,-0.8864064415190964,2914589.5833333335
20050107,997.606,993.434,1009.0,990.446,3391626.98,0.41995744055468465,3033848.9325
20050110,1006.337,996.928,1006.457,993.123,2949405.33,0.9437993516081393,3016960.212
20050111,1008.343,1006.211,1009.501,999.86,3136115.21,0.21188398854712862,3036819.3783333334
20050112,1008.62,1008.01,1008.743,998.361,3196393.8,0.060515272665947126,3059615.7242857143
20050113,1013.07,1008.098,1014.841,1005.348,4715733.61,0.4932060176689264,3266630.46
20050114,1000.169,1012.699,1019.48,999.266,4016937.34,-1.2372876837046323,3349997.8911111113
20050117,977.522,990.987,991.022,974.333,4358603.2,-1.3587463811331448,3450858.422
20050118,991.419,977.603,991.839,974.149,4516132.58,1.4132526189056325,3547701.527272727
20050119,986.241,991.291,991.291,981.227,4255249.31,-0.5094366840816741,3606663.8425
20050120,972.463,983.198,983.198,966.887,4652048.48,-1.0918451827607474,3687078.0453846157
20050121,988.519,971.501,989.718,951.427,6185255.83,1.7517223348200395,3865519.3157142857
20050124,1008.175,1009.947,1009.947,998.37,7323355.14,-0.1754547515859791,4096041.7040000004
20050125,999.553,1006.0,1006.0,989.946,4694803.44,-0.6408548707753482,4133464.3125
20050126,987.955,997.638,997.638,985.669,4113900.82,-0.9705925395784836,4132313.518823529
20050127,971.373,986.146,986.146,970.354,4123213.75,-1.498054040679566,4131807.9761111108
20050128,952.413,971.373,971.941,949.112,4072373.28,-1.9518763646920425,4128679.834210526
20050131,922.653,948.439,948.439,921.58,4095099.05,-2.7187831795191832,4127000.7950000004
20050201,913.331,919.8,929.688,911.933,4199745.68,-0.7033050663187582,4220799.9775
20050202,964.243,913.025,964.423,913.025,6553566.22,5.609704005914414,4374173.232
20050203,945.312,963.746,967.936,944.764,6371300.84,-1.912744644335745,4546042.9945
20050204,962.028,944.447,963.81,943.472,5193013.91,1.8615126100247044,4636112.341
20050216,972.337,967.432,979.304,965.939,4693322.68,0.5070123791646309,4723308.2085
20050217,977.272,971.838,977.44,964.324,4031958.49,0.5591466890572382,4768100.3725000005
20050218,964.769,977.12,977.12,964.554,4112811.45,-1.264020795808089,4813921.255000001
20050221,981.819,965.001,981.887,964.471,4765203.14,1.7427961214547947,4816394.731500001
20050222,1007.688,982.418,1008.671,980.505,9575789.05,2.572224857443571,5094337.317
20050223,1019.258,1008.293,1023.33,1002.801,10201823.34,1.0874815157895603,5386498.324
20050224,1024.446,1018.292,1024.873,1012.445,8683232.83,0.6043453154890623,5594853.3365
20050225,1024.118,1024.569,1035.474,1023.744,9650761.25,-0.04401850924632913,5864628.9335
20050228,1020.847,1023.191,1026.037,1014.941,7028051.56,-0.22908723786663984,5983429.0875
20050301,1021.162,1020.595,1023.96,1011.561,6675636.9,0.05555582772794372,6007948.141
20050302,1006.148,1021.357,1028.329,1005.335,7457971.16,-1.4890973479400393,6014678.942
20050303,1011.288,1004.1,1011.7,996.362,5372494.18,0.7158649536898704,6048563.479
20050304,1003.21,1011.2,1012.665,1001.848,4525189.36,-0.7901503164556971,6069127.906
20050307,1006.953,1004.341,1008.356,1001.861,4475140.53,0.26007103165159706,6086724.245
20050308,1029.457,1007.684,1029.457,1007.684,7187007.99,2.1606972026945095,6242455.9805
20050309,1032.55,1031.602,1034.618,1024.89,8257822.73,0.09189590559148444,6450592.1645
20050310,1005.545,1032.274,1032.274,1002.415,7106020.49,-2.589331902188753,6595905.905
20050311,1009.434,1003.781,1010.857,999.111,5955310.53,0.5631706517656759,6565993.1205
20050314,1007.766,1009.177,1016.538,991.059,7550503.25,-0.13981690030589858,6624953.240999999
20050315,993.831,1007.892,1007.892,992.015,6499568.05,-1.3950899501137062,6690280.948000001
20050316,983.916,992.642,992.642,977.132,5311964.51,-0.8790681836956323,6721213.0395
20050317,970.966,983.105,984.246,970.338,5313307.42,-1.234761292028828,6785280.486
20050318,949.509,969.118,973.1,945.597,5393917.03,-2.0233862130308213,6849335.765000001
20050321,949.553,947.571,952.756,940.094,4192190.1,0.20916638436591778,6820685.113
20050322,922.564,948.784,949.067,918.093,5795013.26,-2.7635373277795607,6631646.3235
20050323,923.194,921.069,937.682,914.541,5290283.44,0.23071018566470047,6386069.3285
20050324,933.347,922.181,933.919,914.646,4319201.33,1.2108252067652596,6167867.7535
20050325,931.417,933.173,936.125,927.181,4189844.6,-0.18817518295106822,5894821.921
20050328,922.923,930.168,930.168,909.172,4019570.19,-0.7788915550739226,5744397.8525
20050329,916.811,922.659,929.455,916.654,3698567.09,-0.6338202954721036,5595544.362000001
20050330,888.949,915.088,915.088,887.981,4689495.59,-2.8564465931145433,5457120.5835
20050331,896.068,887.07,896.408,880.878,4125613.75,1.0143506149458252,5394776.562000001
20050401,927.546,895.227,934.549,884.626,6921793.47,3.6101458065943137,5514606.7675
20050404,909.87,919.139,920.623,904.618,5333838.08,-1.0084437718342933,5557541.6450000005
20050405,901.744,908.185,912.382,899.796,4572502.75,-0.7092167344758962,5426816.383
20050406,918.557,901.744,921.638,893.027,6805027.76,1.8644981280718238,5354176.6345
20050407,932.333,919.235,945.571,917.626,9540235.21,1.4248804712614245,5475887.3705
20050408,949.457,931.774,949.468,928.058,7997380.66,1.8977777873175248,5577990.876999999
20050411,948.509,949.847,957.342,943.722,8688242.48,-0.14086479190858794,5634877.8385
20050412,927.41,947.115,947.115,927.11,6039966.52,-2.0805287636665075,5611897.762
20050413,950.229,932.311,951.198,932.311,8141086.33,1.921890871179253,5753353.853
20050414,935.425,952.538,954.141,934.128,6983687.86,-1.7965687458138213,5836872.875
20050415,913.271,931.666,931.666,911.318,6661596.96,-1.9744200174740836,5900256.8715
20050418,901.118,910.889,910.889,895.275,5003269.08,-1.0726883297525778,5940810.820499999
20050419,902.785,899.934,905.052,893.29,4798602.98,0.31680100985183346,5890990.3065
20050420,884.083,902.22,902.22,880.928,5321650.39,-2.0102635720777697,5892558.654
20050421,867.328,881.676,886.437,863.138,6250349.12,-1.6273551735558265,5989116.043500001
20050422,857.401,865.817,870.005,851.343,6224884.82,-0.9720298862230765,6090868.054500001
20050425,841.058,846.142,847.812,829.548,5819861.95,-0.6008447754632271,6180882.6425
20050426,855.24,839.248,858.107,835.857,6199955.1,1.9055154137990156,6305952.043
20050427,839.953,857.951,857.951,839.562,5943654.92,-2.0977888014583637,6368660.009500001
20050428,860.616,837.384,863.452,825.509,7643112.42,2.7743544180447643,6544534.943
20050429,847.611,860.393,860.393,845.436,6013685.38,-1.4856001850317284,6499129.5385
20050509,818.399,848.088,851.209,818.105,4206100.47,-3.5006980407693504,6442742.658
20050510,818.088,814.765,818.497,791.103,4946935.84,0.40784766159567226,6461464.3125
20050511,811.57,816.817,822.773,809.58,4637579.06,-0.6423715471151993,6353091.8775
20050512,807.51,810.16,814.887,799.816,4597105.46,-0.32709588229485254,6105935.39
20050513,814.878,806.728,819.416,801.868,5197528.45,1.0102537658293862,5965942.7795
20050516,808.171,814.055,814.055,802.823,4537502.51,-0.7228012849254536,5758405.7809999995
20050517,818.455,806.808,821.049,803.424,4955081.9,1.443590048685691,5704161.55
20050518,824.643,818.12,824.771,811.036,4558077.02,0.7973157971935688,5525011.0845
20050519,824.94,824.826,828.582,814.151,4776276.12,0.013821096813150014,5414640.4975000005
20050520,819.13,824.574,828.079,818.365,4327522.1,-0.6602197013245579,5297936.7545
20050523,793.724,816.195,816.195,793.052,4312715.37,-2.753141099859715,5263409.069
20050524,808.743,791.129,811.671,788.817,4695292.23,2.2264384190189,5258243.5315000005
20050525,809.697,808.521,817.668,803.942,5294537.61,0.14545076751253766,5256887.8925
20050526,799.024,808.661,812.694,795.425,4838787.43,-1.1917231077051995,5186309.808
20050527,790.998,797.183,806.252,789.859,4167631.64,-0.7758569864134013,5083447.148999999
20050530,797.532,788.637,799.403,783.854,3848708.0,1.1278953434850376,4984889.4515
20050531,796.872,798.334,802.036,793.876,4299736.99,-0.1831313710802733,4889878.546
20050601,778.673,795.817,795.817,774.354,4648727.01,-2.1542641084570957,4825132.1504999995
20050602,769.421,777.469,779.23,764.15,4950638.44,-1.0351538132067004,4690508.4514999995
20050603,765.967,767.67,772.831,755.255,4586315.03,-0.22184011359047176,4619139.933999999
20050606,778.21,764.656,778.4,751.321,4763542.5,1.7725617794145456,4647012.035499999
20050607,779.844,779.723,795.42,776.121,7087300.37,0.015518331510048389,4754030.262
20050608,841.36,782.007,845.059,782.007,14973544.05,7.589829758557157,5270828.5115
20050609,849.725,840.233,858.746,829.276,15311451.99,1.129686646442127,5806545.838
20050610,831.605,850.024,850.024,827.753,10035948.22,-2.1668799939766386,6048466.8265
20050613,834.252,830.796,837.382,818.584,6894838.97,0.415986595987451,6166333.6495
20050614,818.191,835.353,841.334,817.531,7401586.53,-2.0544608087838223,6288658.881
20050615,796.26,815.731,815.731,794.848,5884532.12,-2.3869388315510878,6354981.636
20050616,803.945,795.755,804.038,786.005,5514482.0,1.0292112522070305,6391891.93
20050617,800.137,805.753,809.578,796.891,5478499.35,-0.6969877865797706,6449440.7925
20050620,823.733,799.467,823.913,786.428,7966476.78,3.0352722501366487,6632128.863
20050621,816.197,823.538,824.038,813.276,6385113.2,-0.8913978468510266,6716619.911499999
20050622,818.647,814.912,819.491,808.767,4992737.25,0.4583316971648489,6701529.8935
20050623,809.347,818.189,821.456,808.562,5246658.69,-1.0806794029252391,6721923.456499999
20050624,813.203,807.678,813.277,802.486,4276755.09,0.6840597366772374,6727379.629000001
20050627,834.346,817.284,838.42,817.284,9280984.46,2.087646399537983,6998993.452000001
20050628,819.046,832.155,832.155,817.286,5747787.22,-1.5753074847834745,7071395.963500001
20050629,814.064,818.091,821.078,813.079,5149890.44,-0.49224352792049336,7096454.135000001
20050630,791.502,813.152,813.152,790.757,5354700.28,-2.6624788477431145,7116657.227000001
20050701,760.352,789.177,789.177,758.707,6469073.13,-3.6525392909322045,7210795.132000001
20050704,749.483,756.033,756.033,732.864,5909701.96,-0.8663642989128871,7268103.1049999995
20050705,744.595,747.894,752.773,739.621,4391462.53,-0.4411052903218876,7133311.2129999995
20050706,743.444,744.795,750.302,738.38,4280243.02,-0.18139219516779773,6598646.1615
20050707,747.418,743.323,751.128,740.485,3925134.92,0.5509045193004962,6029330.308
20050708,722.854,746.289,746.289,722.283,5099620.55,-3.1402043980281027,5782513.9245
20050711,714.475,725.635,742.947,712.966,5045519.45,-1.5379633011086797,5690047.9485
20050712,739.534,712.307,740.594,708.992,6903271.73,3.822368725844331,5665132.2085
20050713,732.443,738.614,738.74,729.591,5718450.61,-0.8354837574159234,5656828.133
20050714,732.544,732.005,740.05,729.269,5236366.86,0.07363337682119483,5642922.376
20050715,714.488,732.674,736.409,712.443,5942104.09,-2.4821407611024715,5666102.613
20050718,696.848,712.32,712.32,694.848,4817896.76,-2.1720575022461945,5508673.612
20050719,703.066,695.767,705.076,692.697,4185245.35,1.049058089849041,5398680.2195
20050720,707.293,703.173,711.008,699.192,4243009.01,0.585915557053528,5361193.807499999
20050721,704.788,707.049,707.938,695.384,4745981.07,-0.3197798172403847,5336159.9265
20050722,721.445,704.611,728.523,704.231,9508555.87,2.3891196702861666,5597749.965499999
20050725,718.867,720.609,720.987,714.684,5771020.03,-0.2417399727175313,5422251.744
20050726,735.861,718.623,736.721,718.6,9191361.82,2.3987542842352583,5594430.474
20050727,750.015,736.289,750.093,731.076,9472478.44,1.8642136443706208,5810559.874
20050728,747.23,750.4,755.942,744.022,10747152.08,-0.42244136460553827,6080182.464
20050729,744.825,746.589,748.38,739.396,7056953.11,-0.23627457677517483,6109576.463
20050801,750.488,744.771,751.046,742.896,6317943.48,0.7676185028686803,6129988.539
20050802,763.29,750.964,763.29,746.819,8902167.02,1.641356975833716,6355523.763499999
20050803,769.752,764.938,781.027,763.865,14083549.65,0.6293320504406846,6845689.095000001
20050804,765.262,767.566,769.342,761.362,8661784.61,-0.3001696271069963,7082521.5795
20050805,787.819,765.39,787.926,765.39,12490262.98,2.9304014946628483,7452053.700999999
20050808,800.117,792.401,805.597,790.179,15361394.04,0.9737494021335169,7967847.430499999
20050809,814.186,800.837,814.258,794.179,14016400.53,1.666881025726839,8323503.8705
20050810,823.839,814.763,823.987,804.522,15201123.07,1.113943563956638,8797637.4935
20050811,832.841,823.72,833.682,820.288,16463304.15,1.1072937405914607,9358984.358
20050812,816.386,833.462,839.521,811.38,17643086.61,-2.0488036647141707,9944033.484000001
20050815,839.667,814.842,839.679,814.564,12625261.06,3.046602899703261,10334401.699
20050816,839.264,841.322,846.656,830.728,15515941.42,-0.24461502254784648,10900936.5025
20050817,854.526,837.896,854.607,823.439,16792374.57,1.9847331888444384,11528404.7805
20050818,820.664,855.879,865.692,819.884,21332119.94,-4.11448347254694,12357711.724000001
20050819,820.869,816.96,828.117,803.281,13860548.08,0.4784811985898932,12575311.3345
20050822,831.496,819.478,833.271,817.165,9724413.22,1.4665433361237312,12772980.993999999
20050823,816.914,830.736,830.736,809.461,9183851.15,-1.6638258122917513,12772605.4605
20050824,826.716,816.742,826.731,816.608,8841057.52,1.2211934735816266,12741034.414500002
20050825,836.418,827.014,836.578,821.58,10375848.74,1.1371028785486093,12722469.247499999
20050826,840.431,837.41,842.297,830.582,11880800.79,0.3607551856318974,12963661.6315
20050829,832.248,839.305,840.041,826.356,10782556.6,-0.8408147217042558,13186892.2875
20050830,827.55,831.492,834.208,827.092,9242035.58,-0.4740875438368628,13203885.7155
20050831,845.142,827.228,845.15,822.166,11349943.16,2.1655456536771123,13067205.391
20050901,865.405,845.934,865.405,842.812,17034066.14,2.301716209538806,13485819.467500001
20050902,872.485,866.549,874.157,861.475,15365547.93,0.6850160810294669,13629583.715
20050905,884.29,873.856,884.396,871.882,12504192.03,1.194018236414234,13486723.614500001
20050906,862.491,885.362,892.216,860.358,17050903.53,-2.5832371391588955,13638448.764500001
20050907,888.125,860.384,888.181,857.758,13957595.18,3.2242580057276733,13576272.37
20050908,889.69,890.193,894.739,878.284,14699157.17,-0.056504600687708066,13488065.021000002
20050909,879.503,889.549,893.827,875.606,10399467.23,-1.1293363266104437,13125884.052
20050912,883.561,878.73,883.561,874.766,7656523.23,0.5497706917938409,12877447.160500001
20050913,904.311,884.247,904.311,883.458,12496272.41,2.269049258860938,12726463.71
20050914,914.983,906.214,915.134,902.562,16597333.85,0.9676522322541797,12716711.673999999
20050915,918.505,914.906,920.954,910.767,13582384.77,0.39337374549954274,12329224.9155
20050916,917.638,918.259,918.803,910.841,10961532.31,-0.0676279785986286,12184274.127
20050919,930.489,918.129,930.591,915.927,12056208.78,1.346216054606707,12300863.905000001
20050920,924.16,931.88,931.894,915.137,15747605.92,-0.8284328454307451,12629051.6435
20050921,909.787,921.92,922.18,908.983,15603139.42,-1.3160577924331749,12967155.738499999
20050922,880.013,906.049,907.29,866.949,14408321.68,-2.8735752702116493,13168779.385499999
20050923,868.549,876.31,883.536,868.158,9799784.0,-0.8856454907509862,13064728.546
20050926,874.84,867.222,875.026,862.185,6965689.99,0.8784371245194486,12873885.2155
20050927,856.958,875.097,877.662,856.495,8805881.26,-2.0727987868773416,12852077.4995
20050928,852.359,855.796,863.813,849.886,7510781.5,-0.40161440343259514,12660119.416499998
20050929,871.291,852.038,871.487,852.038,8835360.2,2.2596410019271493,12250184.1195
20050930,869.509,871.229,873.114,866.825,7529963.06,-0.19742226211478578,11858404.875999998
20051010,858.748,870.049,870.049,857.965,6119495.22,-1.298892361234819,11539170.0355
20051011,878.623,857.642,878.694,854.274,7635267.57,2.446358737095431,11068388.2375
20051012,887.711,879.05,891.862,874.98,9459205.1,0.9852681872476035,10843468.7335
20051013,883.45,888.303,890.857,881.227,8287048.87,-0.5463225948803451,10522863.318500001
20051014,876.053,882.872,883.841,873.46,7954049.96,-0.7723656430377178,10400592.455
20051017,878.757,874.854,878.885,868.461,7687888.22,0.44613158309842627,10402160.704499999
20051018,893.699,878.781,893.979,878.454,9716210.52,1.6975788051858207,10263157.61
20051019,886.314,893.467,900.68,884.989,9843633.21,-0.8005891655763471,9925472.578
20051020,886.551,885.34,886.835,872.477,9521935.84,0.13678360855716593,9722450.1315
20051021,895.027,886.431,898.248,885.278,10024927.03,0.9697314286165538,9675619.8675
20051024,897.757,895.428,899.436,891.955,8789354.37,0.26009908110981017,9512277.147
20051025,877.577,896.693,896.693,877.543,8676966.44,-2.131833303036824,9158745.173
20051026,854.028,875.54,876.414,853.602,9382014.39,-2.45699796696895,8847688.921500001
20051027,847.593,851.081,856.967,841.864,8103937.16,-0.4098317316448207,8532469.6955
20051028,825.063,846.702,850.912,814.117,8668966.92,-2.555680747181418,8475928.841500001
20051031,828.659,823.233,831.178,819.355,6492574.58,0.6591086606100636,8452273.070999999
20051101,823.328,827.894,827.894,808.399,6944239.72,-0.5515198805644238,8359190.994
20051102,840.316,823.206,843.154,823.206,9095992.65,2.0784590977228077,8438451.5515
20051103,828.906,839.858,842.518,826.116,7559623.93,-1.3040299669706068,8374664.738
20051104,835.122,828.04,835.224,820.895,6449610.44,0.8552726921404756,8320647.107000001
20051107,842.002,835.063,842.058,829.74,6132963.12,0.8309552692431548,8321320.502000001
20051108,848.965,841.929,849.111,835.812,7297838.34,0.8356999224400227,8304449.0405
20051109,845.11,848.741,852.027,844.763,7612746.61,-0.42781013289094927,8212126.115999999
20051110,821.269,843.62,843.62,820.639,8439580.06,-2.64941561366492,8219752.6755
20051111,823.956,818.717,828.394,814.721,6380093.94,0.6399036541320179,8141054.874500001
20051114,827.569,821.782,827.581,819.189,4468436.16,0.7042013575376341,7980082.271500001
20051115,820.491,827.516,832.993,816.79,5871615.67,-0.8489261839045985,7787852.529000001
20051116,826.692,820.066,826.692,808.212,5542224.41,0.8079837476495766,7572782.089
20051117,825.797,827.218,830.372,822.995,5533816.28,-0.17178059471625806,7373376.111
20051118,843.738,824.804,845.7,824.359,9690756.74,2.2955756761606496,7356667.596499999
20051121,846.958,844.629,849.304,842.439,6608677.37,0.27574236735891744,7247633.7465
20051122,831.771,847.182,847.451,831.365,6275090.55,-1.819089640714753,7127539.952
20051123,838.117,831.701,838.557,828.066,4940421.58,0.7714310791979256,6905460.3115
20051124,841.699,837.678,843.959,836.858,5531201.16,0.48001738138042993,6776823.511500001
20051125,841.13,841.714,841.783,836.44,4849548.15,-0.06938223672174396,6585852.573000001
20051128,838.342,841.211,841.876,835.052,4591305.28,-0.34105593008175455,6490789.108000001
20051129,827.005,839.25,839.25,826.436,4499554.96,-1.4590408102472452,6368554.87
20051130,829.5,826.335,829.704,821.673,4805174.58,0.38301657318157445,6154013.9665
20051201,828.193,829.335,832.119,824.281,3927208.88,-0.13770068790055318,5972393.214000001
20051202,817.864,827.154,827.91,816.422,4399086.23,-1.1231282203797555,5869867.0035
20051205,796.926,819.791,819.791,796.34,4895370.12,-2.789125521016943,5807987.3535
20051206,798.878,795.111,800.578,792.113,3727782.49,0.47377032892263504,5629484.561
20051207,806.778,800.183,806.889,798.291,3755355.45,0.8241864673455982,5436615.0030000005
20051208,805.561,807.406,808.903,801.192,3896999.45,-0.22850957263135444,5209485.9725
20051209,819.2,805.521,819.525,803.814,5563455.62,1.6981556036403878,5168654.056500001
20051212,824.518,820.109,825.608,817.934,5468310.96,0.5376114638420004,5218647.7965
20051213,824.861,824.628,824.964,815.351,4917438.26,0.02825516475307014,5170938.926000001
20051214,832.513,824.861,833.472,819.527,5933929.04,0.9276714500988704,5190524.1575
20051215,827.539,833.465,837.477,826.605,6089472.57,-0.7110076607896006,5218306.972000001
20051216,834.537,827.162,834.658,824.517,5199474.52,0.8916028540962955,4993742.861
20051219,834.712,834.956,836.465,831.977,4859568.93,-0.029223096785941798,4906287.439
20051220,836.119,834.885,836.281,829.361,4454202.7,0.14780478748570608,4815243.046499999
20051221,830.766,836.632,838.14,829.189,5205742.7,-0.7011445892578799,4828509.1025
20051222,835.503,830.447,835.56,828.321,5080676.18,0.6088287392211712,4805982.8535
20051223,845.589,835.765,845.626,835.544,6446099.54,1.1754500367926473,4885810.4229999995
20051226,853.169,846.931,855.127,846.8,7860415.5,0.7365417017442911,5049265.933999999
20051227,854.526,854.751,855.965,849.481,6528869.32,-0.02632345560286244,5150731.652000001
20051228,857.206,854.641,857.263,852.22,5615717.24,0.3001260178250347,5191258.785
20051229,866.747,858.413,866.777,858.413,8617095.64,0.9708613452964886,5425753.123
20051230,860.131,868.442,869.264,857.713,7552316.09,-0.9570011583963046,5583414.616
20060104,871.73,860.044,871.961,859.305,8039010.03,1.3587676909553508,5740596.611500001
20060105,882.732,872.088,882.813,871.603,10885811.59,1.2205190301896147,6098498.066500001
20060106,891.94,884.924,896.055,879.178,13370231.66,0.7928364469717261,6579241.877
20060109,905.068,893.525,905.431,892.211,12361296.48,1.2918496964270731,7002456.728499999
20060110,911.191,907.635,911.294,898.73,11200080.16,0.39178744759733153,7284287.955499999
20060111,906.496,910.761,915.018,901.397,12953141.72,-0.4682897049829743,7658529.493499999
20060112,927.42,906.939,927.42,905.426,14024614.57,2.2582555166334224,8113888.309
20060113,932.499,930.303,935.528,924.546,14459388.93,0.23605212495284078,8540161.3035
20060116,920.332,933.217,935.527,919.916,12592136.22,-1.3807078096519878,8865294.486000001
20060117,919.279,918.52,922.68,914.376,8918319.46,0.08263293123720927,9051236.733
20060118,939.136,920.062,939.215,919.626,11474786.63,2.073121159226221,9381997.617999999
20060119,949.913,941.168,950.036,935.758,13989234.75,0.9291646124815127,9858749.2205
20060120,952.769,950.627,954.646,943.121,14779172.37,0.22532496973050975,10337420.704
20060123,961.069,955.086,962.084,946.604,14125714.19,0.6264357345830582,10789672.6045
20060124,960.353,961.653,969.425,956.983,14103819.26,-0.13518389689420907,11172558.5905
20060125,957.787,960.027,963.742,947.296,12817111.53,-0.23332677101789936,11420393.392
20060206,980.91,961.034,980.988,960.316,12923121.67,2.068189054705658,11740106.0095
20060207,981.574,983.339,989.696,970.307,17016907.92,-0.17949049107175652,12310165.5435
20060208,982.943,979.145,983.037,970.411,13588630.93,0.38788943414918137,12558742.308
20060209,969.577,982.181,982.181,967.314,11835024.22,-1.2832665262309129,12772877.714499999
20060210,980.801,971.249,980.801,970.828,11797244.37,0.9834759160627213,12960789.431499999
20060213,977.396,981.633,981.712,967.129,11393721.63,-0.4316277060775341,12986184.9335
20060214,986.056,977.277,986.057,976.16,10447628.1,0.898312351564602,12840054.7555
20060215,986.161,987.088,990.492,982.027,12322016.19,-0.09391259948454657,12838090.741
20060216,958.59,986.326,986.326,958.18,14477526.83,-2.812051999034801,13001963.0745
20060217,949.993,961.254,962.498,949.428,11246007.67,-1.171490573771341,12916606.372000001
20060220,943.765,949.025,952.419,942.709,9821570.7,-0.5542530491820543,12706454.1785
20060221,960.017,943.109,960.088,933.37,10166777.25,1.7927938340107044,12491823.594500002
20060222,959.947,960.103,967.607,957.663,10339439.93,-0.0162482566974532,12379188.780000001
20060223,958.722,959.126,960.668,946.881,9184009.41,-0.042121681614302645,12392473.2775
20060224,967.163,959.342,967.292,958.377,10007130.28,0.8152462833900763,12319090.46
20060227,963.379,968.211,969.339,959.446,9025472.9,-0.4990647699726602,12070902.367500002
20060228,964.726,962.524,964.948,947.866,8702274.94,0.2287735162967363,11767057.496000001
20060301,972.067,966.842,972.246,963.238,9658441.28,0.5404192205137989,11543693.8505
20060302,953.369,972.15,972.15,950.38,11407653.56,-1.9319035128323767,11408885.5655
20060303,954.457,951.932,956.952,941.801,9435551.66,0.26525003886832016,11239807.572
20060306,952.351,955.25,957.204,949.463,7323049.13,-0.3034807641978541,10959803.945
20060307,928.576,951.638,951.638,927.501,8621116.72,-2.4234004947259367,10540014.385000002
20060308,924.83,924.611,927.785,913.713,7226656.45,0.023685636446035243,10221915.661
20060309,920.13,923.324,926.562,917.492,6110908.8,-0.3459240743227686,9935709.89
20060310,921.683,922.444,925.098,917.912,6049099.21,-0.08249823295505931,9648302.632000001
20060313,928.518,921.234,928.828,920.046,5621891.26,0.7906785898045438,9359711.1135
20060314,931.721,929.011,931.862,923.471,6342600.18,0.29170806373660124,9154459.717500001
20060315,942.689,931.272,942.709,929.997,7998642.78,1.2259576149610334,8938291.047
20060316,945.523,942.723,945.562,939.206,8182272.65,0.2970119536703855,8623528.338
20060317,943.725,944.952,946.532,938.903,8944893.02,-0.129847865288393,8508472.6055
20060320,956.138,944.104,956.138,939.848,9120389.03,1.2746477083033216,8473413.522
20060321,959.927,957.893,963.991,955.01,11865276.99,0.21234104435464002,8558338.509
20060322,972.137,959.516,972.137,957.383,11514166.06,1.315350655955709,8617074.8155
20060323,980.841,972.715,982.615,971.181,13897920.9,0.8353937175842848,8852770.389999999
20060324,974.269,982.456,983.836,972.851,12647982.32,-0.8333197619028242,8984812.992
20060327,984.152,974.563,984.302,969.67,10706853.31,0.9839281811437595,9068882.0125
20060328,994.52,987.534,994.981,986.345,13360061.35,0.707418681280846,9301771.333
20060329,997.704,995.686,1007.989,993.705,15784085.42,0.20267433709019864,9608053.54
20060330,986.957,997.138,998.912,986.514,13329955.28,-1.021022165437486,9704168.626
20060331,1000.251,988.955,1000.532,985.414,13282342.54,1.1422157732151548,9896508.169999998
20060403,1025.788,1001.322,1025.788,1001.322,17490890.99,2.44336986503842,10404900.263
20060404,1038.109,1029.106,1038.109,1024.166,18674872.48,0.8748369944398273,10907588.050999999
20060405,1048.666,1039.778,1049.08,1037.596,18667858.5,0.8547978510797419,11479648.1535
20060406,1053.693,1052.354,1064.58,1045.897,21173354.49,0.1272385528063695,12232770.438
20060407,1068.11,1056.29,1068.172,1051.786,21288522.04,1.1190108776945664,12994741.579499999
20060410,1090.72,1071.185,1090.72,1069.731,21976514.29,1.8236812502042208,13812472.731
20060411,1094.409,1097.273,1098.957,1081.69,22595820.98,-0.2610107056311242,14625133.770999998
20060412,1095.497,1095.075,1101.485,1089.129,20140515.46,0.03853617332146433,15232227.405000001
20060413,1062.69,1097.292,1103.662,1062.472,22614391.44,-3.1533994597609265,15953833.3445
20060414,1088.183,1058.708,1088.266,1053.885,16434914.47,2.78405377120036,16328334.417
20060417,1093.513,1086.243,1097.499,1080.617,19137336.6,0.6692793417310843,16829181.7955
20060418,1097.73,1094.358,1100.883,1087.01,17175728.67,0.3081258600933215,17094704.3795
20060419,1100.661,1098.582,1100.661,1082.18,18561782.29,0.18924395265896862,17447085.191
20060420,1091.851,1102.274,1102.274,1084.202,19770248.52,-0.9455906607612785,17740701.572
20060421,1102.547,1091.657,1106.54,1081.189,20485060.16,0.9975660853180166,18132555.463999998
20060424,1094.375,1106.116,1107.593,1083.094,22778341.84,-1.061461908154297,18736129.8905
20060425,1103.059,1091.835,1109.305,1076.905,20744156.41,1.0279941566262238,19105334.6435
20060426,1116.811,1103.746,1125.866,1102.833,22602809.99,1.1836962489558127,19446270.872
20060427,1125.32,1119.67,1127.965,1110.688,18574313.51,0.5046129663204214,19708488.783499997
20060428,1141.685,1117.511,1146.382,1098.773,20532797.54,2.1632001832644137,20071011.5335
20060508,1180.728,1148.084,1181.526,1148.084,22440402.31,2.8433459572644515,20318487.0995
20060509,1218.094,1188.797,1218.094,1182.951,29808582.18,2.464424119509052,20875172.5845
20060510,1241.571,1227.286,1247.23,1214.734,31202885.28,1.1639503750551912,21501923.923499998
20060511,1237.772,1247.122,1278.7,1237.721,36588883.8,-0.7497261695327431,22272700.389000002
20060512,1283.677,1239.755,1283.751,1237.633,32967163.75,3.542796762263495,22856632.4745
20060515,1344.924,1303.378,1344.963,1291.372,40668941.69,3.187563392968122,23791253.844499998
20060516,1297.932,1347.186,1357.811,1291.441,39381620.48,-3.6560653094672833,24630543.819500003
20060517,1318.966,1302.61,1327.244,1289.15,32137141.58,1.2556329215958726,25230375.1255
20060518,1328.206,1311.427,1336.441,1294.906,28510402.11,1.279445977549646,25525175.659
20060519,1365.647,1332.16,1369.427,1327.193,30783975.75,2.51373708863799,26242628.723
20060522,1386.748,1370.503,1396.494,1364.448,33218174.65,1.185331225104952,26946670.6255
20060523,1326.156,1388.028,1388.028,1325.991,31406252.07,-4.457546965911355,27658196.7955
20060524,1308.693,1333.308,1360.164,1279.954,26600866.84,-1.8461600770414643,28060151.023000002
20060525,1324.919,1304.081,1329.628,1298.732,19663824.67,1.5979068784837902,28054829.8305
20060526,1355.501,1330.227,1355.627,1329.138,20931172.62,1.8999764701813966,28077135.453499995
20060529,1387.524,1362.843,1387.564,1352.976,23429286.01,1.8109936360974677,28109682.662
20060530,1410.542,1391.621,1411.381,1380.2,24941388.77,1.359637430018649,28319544.279999994
20060531,1402.332,1408.911,1426.081,1392.152,27598876.82,-0.46695639398087957,28569347.621499997
20060601,1455.741,1402.335,1455.741,1401.838,33069585.68,3.8083624811475114,29294111.229999997
20060602,1457.763,1462.614,1475.085,1440.273,38325542.48,-0.3316664547173836,30183748.476999998
20060605,1484.29,1461.023,1484.458,1443.31,29413874.22,1.5925142862227393,30532422.0725
20060606,1470.449,1482.804,1485.568,1464.101,25329401.76,-0.8332186856792952,30308463.0515
20060607,1370.809,1470.257,1470.257,1370.386,27931262.67,-6.763987520549135,30144881.920999996
20060608,1376.079,1357.299,1379.367,1326.784,24671632.99,1.3836302833789735,29549019.380499996
20060609,1346.481,1371.402,1386.933,1345.598,23220739.36,-1.8171914580845039,29061698.160999995
20060612,1352.582,1339.537,1361.905,1329.202,14672115.56,0.9738439475729355,27761856.854500003
20060613,1361.526,1350.736,1369.612,1342.474,14557767.69,0.7988237523838827,26520664.214999996
20060614,1347.878,1351.335,1351.335,1328.867,13987922.27,-0.2558210954352627,25613203.2495
20060615,1352.336,1346.0,1366.396,1344.783,13827267.39,0.4707280832095106,24879046.513499998
20060616,1382.41,1362.058,1382.598,1360.422,15949331.91,1.4942094976865956,24137314.321499996
20060619,1397.995,1367.057,1405.131,1359.747,17174543.31,2.263109731342576,23335132.754499998
20060620,1414.905,1397.155,1415.884,1391.362,17933394.61,1.2704388561040114,22661489.8815
20060621,1410.502,1414.942,1426.984,1399.688,18241678.97,-0.313793780946502,22243530.487999998
20060622,1411.278,1409.148,1416.031,1399.278,16067073.75,0.1511551661003748,22063692.942
20060623,1430.513,1408.418,1430.633,1401.503,16886956.28,1.5687814271047393,21861482.125
20060626,1457.137,1433.242,1458.795,1433.242,20453222.19,1.667199258743463,21712678.934
20060627,1464.686,1460.897,1466.124,1447.677,20306082.62,0.2593612006869743,21480913.6265
20060628,1461.793,1463.235,1468.858,1454.757,17768400.85,-0.09854876352739016,20989389.828
20060629,1488.164,1465.855,1489.956,1465.855,24385373.12,1.5219104208806444,20555179.2
20060630,1485.995,1495.506,1501.265,1476.222,24636734.5,-0.6359720388952096,19870738.801000003
20060703,1514.068,1489.459,1514.068,1483.948,25348765.23,1.6522106348680912,19667483.351499997
20060704,1508.839,1516.703,1525.187,1496.628,27850126.12,-0.5184930734626378,19793519.5695
20060705,1497.656,1508.358,1508.358,1475.018,21574748.94,-0.709513258788696,19475693.882999998
20060706,1539.177,1498.042,1539.39,1497.21,25426140.11,2.7459176712001394,19513419.239
20060707,1541.253,1544.973,1549.609,1534.186,25026863.1,-0.2407809068508011,19603725.426000003
20060710,1550.04,1542.904,1551.091,1530.534,19808479.23,0.46250447208640116,19860543.609500002
20060711,1561.843,1551.642,1561.904,1543.712,20802043.99,0.6574325778755681,20172757.4245
20060712,1562.06,1564.449,1577.396,1560.068,25275444.3,-0.1527055212410327,20737133.526
20060713,1459.778,1558.426,1558.601,1459.671,34944606.58,-6.329976527598995,21793000.4855
20060714,1470.467,1442.328,1484.886,1435.749,21196877.86,1.950943197386456,22055377.783
20060717,1494.793,1467.262,1494.793,1460.731,17734058.7,1.8763520080258298,22083353.552500002
20060718,1506.592,1494.964,1506.592,1481.072,17912038.95,0.7778113720464277,22082285.7695
20060719,1472.354,1503.677,1503.677,1460.054,19013809.38,-2.0830936431161655,22120892.29
20060720,1484.409,1470.534,1486.939,1462.412,16248454.74,0.943534797563334,22129961.3395
20060721,1493.036,1483.038,1494.806,1482.921,15893080.27,0.6741566972660207,22080267.539
20060724,1496.607,1464.274,1497.519,1453.089,16307505.25,2.2081249820730333,21872981.692
20060725,1518.172,1498.225,1522.443,1498.225,17835350.09,1.3313754609621464,21749445.0655
20060726,1523.863,1521.893,1529.286,1512.013,17399888.84,0.12944405421406285,21731019.465
20060727,1506.56,1523.152,1531.689,1492.673,19791143.06,-1.0893200415979558,21501307.962
20060728,1492.114,1504.583,1510.802,1472.63,18604575.54,-0.8287346061998607,21199700.014
20060731,1425.044,1487.78,1487.78,1424.521,17977062.41,-4.216752476844687,20831114.873000003
20060801,1408.902,1422.271,1435.652,1403.403,14318330.84,-0.93997557427522,20154525.109
20060802,1401.859,1409.634,1417.368,1378.599,13078178.18,-0.5515616110281173,19729696.571000002
20060803,1401.156,1402.93,1412.12,1387.043,11173162.84,-0.12644964467222986,19017047.7075
20060804,1354.778,1401.619,1407.771,1353.179,13257335.69,-3.3419210213331794,18428571.336999997
20060807,1323.726,1349.239,1349.239,1321.1,12436967.37,-1.8909177692017438,18059995.744
20060808,1364.99,1322.996,1364.99,1322.996,12371064.0,3.174159256717323,17638446.7445
20060809,1367.395,1365.158,1375.455,1355.542,11927142.64,0.1638638164959719,16971031.6615
20060810,1391.144,1367.323,1391.144,1367.302,12458222.36,1.7421633366804998,15846712.4505
20060811,1398.011,1391.472,1401.326,1382.052,12293776.99,0.4699339979532457,15401557.407
20060814,1356.848,1397.921,1401.281,1352.809,12974801.4,-2.9381488653507666,15163594.542000001
20060815,1383.361,1355.879,1383.361,1346.163,10117217.44,2.0268770295874634,14773853.4665
20060816,1407.313,1383.828,1407.313,1378.921,13800771.05,1.6971039753495467,14513201.549999997
20060817,1395.718,1406.444,1406.444,1381.136,12259591.28,-0.7626325683781142,14313758.377
20060818,1384.899,1392.156,1402.907,1383.705,10095910.7,-0.5212777878341265,14023899.8985
20060821,1392.969,1339.517,1392.969,1329.817,11813110.62,3.9903935523028076,13799180.167000001
20060822,1408.846,1392.234,1413.019,1389.675,14067522.48,1.1931902252064008,13610788.786500001
20060823,1403.578,1409.877,1414.975,1398.542,13522173.16,-0.4467765627781699,13416903.002500001
20060824,1416.898,1402.829,1416.898,1391.732,12826365.49,1.0029019930440533,13068664.124
20060825,1421.095,1418.115,1429.237,1416.1,15006759.96,0.21013810586588663,12888773.345
20060828,1457.321,1425.484,1457.321,1425.484,19226082.93,2.233416860518953,12951224.371000001
20060829,1456.44,1460.521,1482.413,1456.081,24396299.82,-0.279420836810967,13455122.819999998
20060830,1468.664,1452.737,1468.988,1445.913,16136869.34,1.0963443486329532,13608057.378
20060831,1479.9,1469.862,1479.9,1463.195,17971384.6,0.6829212538319931,13947968.466
20060901,1451.95,1477.478,1481.654,1447.029,18102291.52,-1.7278091450431083,14190216.257499998
20060904,1484.443,1456.678,1484.443,1455.304,16296001.74,1.9060492435527872,14383167.976
20060905,1490.153,1488.017,1492.925,1480.782,19483676.51,0.14354674711377405,14738798.601499999
20060906,1497.005,1491.834,1497.005,1476.37,17850907.78,0.34662033443399526,15034986.8585
20060907,1472.505,1497.539,1497.539,1465.044,14341706.06,-1.6716759964181154,15129161.0435
20060908,1473.922,1470.828,1480.391,1469.408,11912110.21,0.2103577032800607,15110077.704499999
20060911,1481.932,1474.47,1481.932,1453.594,14193197.25,0.5060801508338583,15170997.497
20060912,1487.741,1481.996,1490.423,1479.043,15312015.75,0.387652868158881,15430737.4125
20060913,1466.043,1488.138,1488.755,1464.853,14936861.4,-1.4847413344730145,15487541.930000002
20060914,1467.796,1464.454,1469.105,1448.544,15010711.18,0.22820791912891072,15625097.925
20060915,1484.687,1468.059,1484.687,1466.84,15522868.94,1.1326520255657253,15896445.837000001
20060918,1507.942,1487.864,1507.942,1485.958,17494033.44,1.3494512939354655,16180491.978
20060919,1512.963,1510.142,1516.866,1502.65,19406254.0,0.18680362508955534,16447428.554000001
20060920,1517.29,1510.35,1521.653,1499.76,17609937.54,0.45949614327805177,16651816.772999998
20060921,1521.95,1516.255,1523.752,1511.155,16687352.0,0.3755964531032007,16844866.0985
20060922,1509.385,1522.785,1523.547,1505.147,18487551.37,-0.879966640070666,17018905.669
20060925,1514.277,1508.2,1522.403,1499.477,17092074.91,0.4029306458029438,16912205.268
20060926,1508.2,1513.468,1514.649,1497.404,15939399.63,-0.34807475281935457,16489360.2585
20060927,1522.45,1506.801,1522.45,1505.043,13780127.29,1.0385578453956505,16371523.156
20060928,1535.272,1523.034,1540.51,1521.416,16197201.79,0.8035276953764544,16282814.0155
20060929,1550.803,1537.697,1552.313,1537.697,19163800.81,0.8523135572222762,16335889.48
20061009,1579.521,1562.489,1579.521,1560.325,21129866.39,1.09005567399194,16577582.7125
20061010,1588.806,1581.113,1591.446,1571.795,25278769.12,0.4865559893568634,16867337.343000002
20061011,1591.451,1587.637,1591.451,1573.48,21603318.09,0.24023123673736999,17054957.8585
20061012,1567.291,1591.386,1591.386,1567.012,22633593.73,-1.514088976527381,17469552.242
20061013,1575.861,1566.009,1579.071,1561.452,17678774.58,0.6291151583420075,17757885.460500002
20061016,1567.085,1577.248,1579.213,1563.842,18015112.42,-0.6443501592647454,17948981.219
20061017,1568.509,1566.741,1575.479,1562.044,16322135.34,0.11284570966101155,17999487.1985
20061018,1588.59,1568.133,1588.59,1565.566,15533562.27,1.3045449588778426,18029322.242
20061019,1597.38,1589.394,1597.38,1586.814,18859082.61,0.5024556529092286,18221740.8135
20061020,1587.902,1598.131,1600.431,1586.56,19020177.17,-0.6400601702864184,18396606.225
20061023,1537.321,1586.824,1588.753,1529.47,21134776.54,-3.1196276335623963,18578643.38
20061024,1577.086,1535.848,1577.086,1535.848,17996568.5,2.6850313312254896,18508159.104999997
20061025,1565.901,1579.577,1583.116,1550.837,19871334.2,-0.865801413922837,18621228.938
20061026,1556.69,1568.815,1568.815,1551.284,15862159.1,-0.7728763429722434,18579969.293
20061027,1530.26,1555.109,1557.625,1524.973,16776153.61,-1.5978944241207487,18494399.405
20061030,1527.216,1527.008,1531.52,1504.132,13871483.55,0.0136214086632065,18333369.837
20061031,1541.639,1526.526,1541.639,1523.971,14091961.48,0.9900257185268923,18240997.9295
20061101,1548.518,1541.611,1548.518,1531.104,15680124.59,0.44803779941891464,18335997.7945
20061102,1545.826,1548.2,1548.2,1530.846,15894523.05,-0.15333936183955713,18320863.857499998
20061103,1549.655,1545.676,1553.683,1544.18,14239271.62,0.25742781799031894,18074637.398
20061106,1540.606,1540.082,1547.007,1531.552,14907359.28,0.03402416234978964,17763512.0425
20061107,1525.649,1540.801,1540.801,1507.517,16321673.86,-0.9833846161834036,17315657.2795
20061108,1521.448,1524.976,1527.196,1517.188,12096574.59,-0.23134790318011692,16840320.1045
20061109,1537.862,1518.724,1538.568,1515.985,13194955.61,1.2601367990497385,16368388.198500002
20061110,1498.871,1539.205,1539.818,1490.612,15683384.01,-2.620443670596174,16268618.669999998
20061113,1445.679,1496.418,1496.674,1437.825,14993645.76,-3.390696984398731,16117545.337000001
20061114,1461.716,1443.572,1461.716,1422.742,12422880.67,1.256882233792288,15922582.6035
20061115,1484.446,1461.263,1484.446,1453.854,13274863.29,1.5865042774640836,15809647.654499998
20061116,1462.675,1485.908,1487.059,1461.547,15009693.23,-1.563555751769285,15617178.1855
20061117,1476.745,1459.706,1476.745,1452.694,12995218.67,1.1672898515180445,15315930.260499999
20061120,1466.653,1476.476,1476.887,1453.125,14596352.37,-0.665300350293543,14989009.052000001
20061121,1477.679,1465.825,1477.679,1450.34,14237566.61,0.8086913512868209,14801058.9575
20061122,1500.813,1478.122,1509.191,1474.567,18195598.74,1.5351236230838883,14717272.1845
20061123,1509.315,1500.118,1509.315,1495.918,16538872.31,0.6130851039718287,14751107.844999999
20061124,1532.019,1509.632,1533.851,1499.889,19774506.38,1.4829441877225669,14901025.483499998
20061127,1567.049,1532.543,1567.049,1530.655,19812298.78,2.2515518324771366,15198066.245
20061128,1577.179,1567.007,1582.517,1563.786,19723051.56,0.6491355813981702,15479620.749000002
20061129,1596.998,1561.777,1596.998,1543.124,20951209.28,2.2551875203694256,15743174.983499998
20061130,1623.816,1599.043,1626.844,1599.043,27614668.9,1.5492391386598197,16329182.276000002
20061201,1629.207,1626.751,1637.209,1619.319,27637902.86,0.15097577932948134,16999113.838
20061204,1663.197,1631.611,1663.197,1631.611,29837775.74,1.9358780983947634,17745634.661
20061205,1675.458,1666.437,1680.334,1651.89,35176816.27,0.5413345959073272,18688391.7815
20061206,1649.139,1674.31,1678.227,1598.808,37482819.7,-1.503365565516544,19957704.037
20061207,1632.908,1644.812,1662.961,1632.897,32934337.76,-0.7237301284280512,20944673.1445
20061208,1571.183,1618.16,1622.348,1570.723,25808656.91,-2.9031121767934005,21450936.7895
20061211,1621.263,1565.949,1621.263,1565.949,20101755.83,3.532298944601634,21706342.293
20061212,1626.586,1626.03,1631.763,1596.075,21683956.03,0.03419371106314398,22169396.060999997
20061213,1634.84,1627.568,1637.002,1612.386,18968559.02,0.4468016082891734,22454080.847500004
20061214,1662.266,1636.545,1662.266,1634.816,21859160.74,1.5716646960517433,22796554.223
20061215,1689.671,1667.717,1689.671,1666.656,26099503.22,1.316410398167072,23451768.4505
20061218,1717.225,1699.065,1718.292,1696.908,30747037.4,1.068823146848405,24259302.702
20061219,1724.533,1720.566,1724.533,1681.442,32015719.84,0.2305636633526334,25148210.3635
20061220,1756.002,1706.201,1756.002,1702.031,33838259.11,2.9188237493706737,25930343.382
20061221,1737.381,1755.485,1769.07,1733.532,36040827.86,-1.0312819534202693,26905441.159500003
20061222,1728.396,1721.334,1741.611,1707.45,27420472.46,0.41026320284151113,27287739.4635
20061225,1744.817,1742.497,1755.696,1730.232,26413506.99,0.13314226652900613,27617799.874
20061226,1726.777,1747.976,1751.209,1709.536,23931457.82,-1.212774088431424,27828220.187
20061227,1738.525,1727.818,1738.525,1723.367,20997489.65,0.6196833231277893,27830534.2055
20061228,1704.724,1739.857,1741.05,1689.999,24081394.63,-2.0193038853193133,27653870.491999995
20061229,1726.146,1706.54,1733.458,1706.54,24615518.09,1.1488743305167177,27502751.253500003
20070104,1723.686,1738.929,1748.091,1719.498,32129867.78,-0.8765740291869402,27617355.8555
20070105,1770.475,1719.283,1770.483,1712.737,29545474.4,2.9775202802563636,27335788.762000002
20070108,1851.964,1773.023,1851.964,1773.023,39719320.34,4.452339309755149,27447613.794
20070109,1891.871,1855.347,1893.723,1853.901,42845908.5,1.9685805404595538,27943192.331
20070110,1940.832,1896.711,1940.832,1884.619,45406336.64,2.3261846427842774,28923076.317499995
20070111,1952.236,1946.501,2005.061,1935.396,53883464.91,0.29463123830915716,30612161.771500003
20070112,1881.753,1941.345,1972.865,1879.59,44080093.89,-3.0696244098807837,31731968.664499998
20070115,1986.539,1881.467,1986.539,1881.467,38812630.32,5.584578416735445,32724172.229499996
20070116,2055.016,1991.691,2055.016,1991.041,48074418.98,3.1794590626758894,34034935.141499996
20070117,2035.651,2064.289,2093.89,1992.539,58832887.0,-1.3873057503091935,35671604.33049999
20070118,2085.403,2025.853,2085.403,2002.656,50949460.0,2.9395025206665895,36681725.460499994
20070119,2159.638,2097.505,2159.646,2097.505,57925168.0,2.9622337014691174,37977197.8685
20070122,2258.986,2183.437,2259.029,2183.437,63589201.0,3.4600952534925433,39464744.963
20070123,2261.785,2267.454,2268.687,2175.598,61080176.0,-0.25001609734972896,40716712.37
20070124,2283.696,2260.707,2295.258,2236.575,51041222.0,1.0168942724554768,41897749.846999995
20070125,2174.239,2271.519,2271.519,2172.984,48175660.0,-4.282596799762615,42985857.497499995
20070126,2186.27,2143.994,2196.278,2061.66,44759405.0,1.9718338764007657,44027254.8565
20070129,2260.596,2201.586,2261.242,2201.586,45646662.0,2.6803404454788606,45259713.474
20070130,2255.938,2271.474,2280.725,2230.652,50247687.0,-0.6839611635440273,46568028.092499994
20070131,2142.891,2251.318,2258.698,2129.786,49046924.0,-4.816156580278758,47789598.388
20070201,2165.405,2120.007,2176.195,2080.162,42338845.0,2.1414080236527586,48300047.249
20070202,2127.104,2170.03,2190.958,2124.298,38610610.0,-1.9781293346175115,48753304.029
20070205,2152.25,2122.369,2166.094,2118.871,30134110.0,1.4079078614510414,48274043.512
20070206,2198.239,2158.498,2198.626,2148.099,30876185.0,1.841141386278791,47675557.337
20070207,2237.944,2209.652,2237.944,2208.378,38327050.0,1.2803826122846456,47321593.004999995
20070208,2278.445,2245.078,2282.193,2233.521,39053897.0,1.4862289862534928,46580114.6095
20070209,2287.381,2282.627,2300.806,2263.612,37161822.0,0.20826880607299858,46234201.015
20070212,2341.072,2291.66,2341.072,2291.66,36188353.0,2.156166272483713,46102987.149000004
20070213,2384.158,2351.65,2384.158,2338.565,38163783.0,1.382348563774363,45607455.35
20070214,2435.959,2386.835,2445.765,2380.736,44065582.0,2.0581229955149727,44869090.1
20070215,2512.402,2451.436,2512.55,2451.318,51516459.0,2.486950505744384,44897440.05
20070216,2541.409,2528.836,2581.56,2519.232,54056751.0,0.497185266264808,44704019.2
20070226,2642.114,2557.254,2642.114,2532.097,48963084.0,3.318403255992566,43972713.35
20070227,2405.574,2654.435,2673.53,2402.719,72404254.0,-9.375290786928288,44538917.25
20070228,2513.533,2370.951,2520.0,2369.053,53025029.0,6.013705049155376,44638107.6
20070301,2459.511,2526.154,2526.159,2417.842,58828139.0,-2.6381210330011564,45170731.55
20070302,2503.677,2458.26,2515.023,2452.965,47238104.0,1.8475262990895964,45294666.5
20070305,2511.916,2508.386,2548.254,2419.288,49535978.0,0.14072794219072343,45489132.3
20070306,2516.003,2501.286,2524.632,2467.68,33321666.0,0.5883773386969782,44642831.25
20070307,2580.597,2525.534,2580.597,2525.466,37230709.0,2.180251780415552,44052020.5
20070308,2634.879,2587.748,2634.879,2562.499,43077065.0,1.8213133581786116,44088931.5
20070309,2638.047,2637.596,2662.328,2590.438,48031705.0,0.01709890369867189,44559986.25
20070312,2696.497,2639.894,2696.871,2610.402,51367091.0,2.1441391207374263,45621635.3
20070313,2727.455,2701.502,2740.462,2694.382,53596162.0,0.9606877951598768,46757634.15
20070314,2708.687,2704.445,2740.532,2622.755,56580271.0,0.1568528847878117,47670295.2
20070315,2760.844,2703.929,2760.844,2703.57,51009806.0,2.1048999437485216,48268090.65
20070316,2710.861,2769.151,2777.409,2671.955,55633131.0,-2.104977301707273,49191656.1
20070319,2751.477,2623.736,2760.089,2609.312,47649881.0,4.868668189177569,49764732.5
20070320,2810.714,2761.01,2811.153,2758.995,43558984.0,1.8002107924273987,50034492.55
20070321,2859.006,2821.44,2859.032,2801.925,48276756.0,1.3314477713507926,50245051.25
20070322,2861.146,2869.749,2899.346,2852.671,56005698.0,-0.29978231545684353,50469513.2
20070323,2897.999,2862.629,2901.785,2820.99,52272355.0,1.235577505852134,50380293.4
20070326,2989.051,2915.048,2989.051,2915.048,56736775.0,2.5386545950529857,50768977.95
20070327,3039.534,2995.464,3040.348,2979.126,56957800.0,1.4712244914310493,49996655.25
20070328,3004.295,3048.501,3060.189,2873.377,67009339.0,-1.4500897326259734,50695870.75
20070329,2894.779,3005.062,3008.223,2894.743,55994799.0,-3.669907642504544,50554203.75
20070330,2926.064,2878.242,2935.239,2859.728,35962417.0,1.6615003185972432,49990419.4
20070402,2993.63,2935.211,2993.63,2932.636,37673587.0,1.9902828110142787,49397299.85
20070403,3042.461,3004.897,3042.461,2993.186,46766983.0,1.2500927652428635,50069565.7
20070404,3078.901,3049.917,3084.617,3032.485,53126353.0,0.9503209431600901,50864347.9
20070405,3133.142,3076.759,3137.018,3063.424,52801657.0,1.8325452204738757,51350577.5
20070406,3182.797,3110.949,3189.108,3097.061,56252054.0,2.309520342506417,51761594.95
20070409,3240.302,3201.148,3243.883,3201.148,62143752.0,1.2231237043710568,52300428.0
20070410,3261.527,3253.673,3261.527,3151.49,63556608.0,0.24138873205759367,52798450.3
20070411,3309.745,3267.609,3309.984,3231.31,67723772.0,1.2895055681386594,53355625.35
20070412,3387.412,3316.203,3387.412,3302.359,64707446.0,2.147305216236757,54040507.35
20070413,3358.632,3393.96,3419.994,3341.27,67535073.0,-1.0409079659159204,54635604.45
20070416,3458.067,3362.733,3458.073,3362.733,60396858.0,2.835015447256735,55272953.3
20070417,3558.216,3482.358,3558.216,3420.306,77944237.0,2.178351565232515,56992215.95
20070418,3649.714,3572.699,3652.72,3548.36,71614000.0,2.1556531910468775,58159078.15
20070419,3435.78,3642.852,3642.852,3356.019,78014301.0,-5.684337436711666,59259508.3
20070420,3614.391,3456.738,3624.823,3456.738,62251145.0,4.56074484094543,59758447.8
20070423,3782.256,3667.553,3784.079,3667.553,73720028.0,3.1275076324732045,60607610.45
20070424,3821.416,3813.532,3861.574,3753.134,81814319.0,0.2067374811591987,61850436.4
20070425,3805.046,3802.688,3822.413,3712.041,64389272.0,0.062008768534250504,61719433.05
20070426,3853.269,3814.918,3854.046,3788.867,55433349.0,1.0052902840899767,61691360.55
20070427,3845.813,3861.055,3871.401,3801.554,58297402.0,-0.39476257136973536,62808109.8
20070430,3903.689,3831.55,3909.044,3809.974,65571150.0,1.882762850543505,64202987.95
20070508,4091.133,3990.71,4093.01,3972.034,73123973.0,2.5164193840193794,65520837.45
20070509,4099.126,4107.553,4125.418,3918.745,83052499.0,-0.20515864311427462,67017144.75
20070510,4128.081,4103.573,4146.585,4062.48,68513921.0,0.5972356285607643,67802757.95
20070511,4109.403,4101.649,4130.901,4028.361,60242752.0,0.18904591787351635,68002292.85
20070514,4133.826,4051.84,4164.809,4014.565,58751381.0,2.023426393934604,67832674.3
20070515,3998.777,4140.326,4161.519,3989.364,64001794.0,-3.418788762044341,67854933.6
20070516,4118.139,3981.822,4118.244,3929.515,55559394.0,3.4234830185779277,67246714.7
20070517,4221.913,4146.324,4235.05,4135.373,62708702.0,1.8230365017302061,67146777.5
20070518,4235.185,4219.607,4261.456,4188.321,59209700.0,0.3691813005334485,66730508.85
20070521,4364.156,4089.854,4364.156,4076.517,71621745.0,6.706889781395622,67291753.2
20070522,4459.813,4402.925,4484.533,4402.762,80650687.0,1.292050171193012,67427075.7
20070523,4582.306,4486.022,4582.454,4463.271,74290000.0,2.1463113645006566,67560875.7
20070524,4571.714,4606.15,4625.921,4460.926,83135281.0,-0.747609174690353,67816924.7
20070525,4649.857,4559.429,4665.978,4525.291,71208667.0,1.983318525192516,68264800.8
20070528,4761.701,4707.693,4784.428,4700.615,81156435.0,1.147228589459844,68636621.15
20070529,4853.643,4782.412,4853.88,4730.48,75634106.0,1.4894367110152735,68327610.5
20070530,4456.279,4486.506,4751.035,4430.688,80630305.0,-0.6737314070236362,69139662.15
20070531,4267.781,4329.809,4414.612,4095.403,74445307.0,-1.4325805133667615,70090260.05
20070601,3960.442,4260.768,4317.302,3945.404,66043514.0,-7.048635363389886,70477565.65
20070604,3618.688,3901.789,3930.341,3615.107,45166435.0,-7.255671693164343,69457329.9
20070605,3659.941,3430.55,3660.509,3317.866,70413230.0,6.686712043258359,69321792.75
20070606,3736.931,3676.691,3786.77,3563.233,67135673.0,1.6384297728582642,68525951.45
20070607,3936.766,3751.669,3936.835,3736.164,64774241.0,4.933724163832156,68338967.45
20070608,4002.868,3970.279,4036.883,3931.382,64571339.0,0.8208239269834674,68555396.8
20070611,4104.551,4057.166,4117.254,4056.821,61730087.0,1.167933478689317,68704332.1
20070612,4218.436,4138.33,4218.606,3945.679,73569739.0,1.9357083654517586,69182729.35
20070613,4372.53,4263.624,4398.61,4254.626,77713292.0,2.554305914405209,70290424.25
20070614,4311.975,4365.982,4399.521,4249.206,68961106.0,-1.2369954800546499,70603044.45
20070615,4316.53,4262.75,4349.162,4232.303,52084749.0,1.2616268840537153,70246796.9
20070618,4439.185,4400.395,4454.784,4400.395,57885770.0,0.8815117733748892,69559998.15
20070619,4529.033,4446.695,4529.281,4394.226,61844389.0,1.8516673619396125,68619683.25
20070620,4396.218,4539.579,4589.219,4371.003,67280998.0,-3.158024125144642,68269233.15
20070621,4374.488,4372.354,4452.479,4277.04,52002466.0,0.048806661125792065,66712592.4
20070622,4123.215,4376.381,4386.932,4050.674,55689411.0,-5.784825407111495,65936629.6
20070625,3851.944,4139.283,4184.327,3824.889,47652136.0,-6.941757787520214,64261414.65
20070626,3928.703,3739.191,3930.039,3667.821,43627271.0,5.0682620919872825,62661072.9
20070627,4022.313,3944.36,4031.634,3877.079,42012260.0,1.9763155492906321,60730170.65
20070628,3757.978,4017.175,4026.095,3756.603,39969481.0,-6.452220777038593,59006379.35
20070629,3585.486,3636.306,3718.176,3527.316,38787818.0,-1.3975721515186061,57643594.55
20070702,3644.79,3571.722,3658.144,3489.117,33504868.0,2.045735922336614,57060516.2
20070703,3704.706,3675.355,3710.083,3587.714,30575776.0,0.7985895240051671,55068643.5
20070704,3622.518,3711.611,3716.505,3605.448,26839808.0,-2.400386247373441,53053850.25
20070705,3380.179,3562.278,3570.052,3378.451,29414090.0,-5.111869427372027,51285842.7
20070706,3591.377,3359.092,3594.416,3309.148,37954628.0,6.915112774523586,49955007.15
20070709,3711.714,3627.978,3737.692,3603.508,41519753.0,2.3080625075455217,48944490.45
20070710,3606.187,3704.877,3704.877,3587.156,34736935.0,-2.663786139188968,47002850.25
20070711,3653.311,3581.905,3653.311,3564.149,24806420.0,1.9935202078223722,44357506.65
20070712,3671.175,3659.396,3687.151,3634.483,23598616.0,0.321883720701449,42089382.15
20070713,3655.845,3671.463,3672.344,3596.249,20163549.0,-0.42538900705251265,40493322.15
20070716,3532.064,3654.863,3662.36,3532.064,20845935.0,-3.359879700005171,38641330.4
20070717,3610.382,3514.279,3641.503,3492.265,21454454.0,2.7346434361073797,36621833.65
20070718,3624.341,3601.286,3673.903,3573.529,24959894.0,0.640187977294773,34505778.45
20070719,3640.282,3615.967,3652.535,3593.211,18838755.0,0.6724342340513632,32847592.9
20070720,3788.744,3642.334,3791.308,3642.334,35232854.0,4.019675296115082,31824765.05
20070723,3984.788,3813.978,3984.788,3813.978,50433562.0,4.478526095326191,31963836.35
20070724,3993.019,4012.795,4097.468,3977.448,51089454.0,-0.4928235805716538,32336945.5
20070725,4106.826,3991.352,4106.826,3991.175,41057606.0,2.8931048927781906,32289212.8
20070726,4190.881,4135.064,4212.322,4103.282,47620395.0,1.3498460966988661,32671758.5
20070727,4269.767,4171.894,4269.852,4111.686,48190964.0,2.3460087912108887,33141915.8
20070730,4353.092,4279.041,4386.287,4277.832,53009654.0,1.7305513081085102,34117155.1
20070731,4403.584,4349.61,4403.665,4279.301,50712508.0,1.240892861658865,35123991.7
20070801,4161.135,4423.042,4435.243,4155.48,59398872.0,-5.921422405665606,36751944.9
20070802,4336.811,4181.491,4336.811,4171.857,46425759.0,3.714464529518292,37602528.35
20070803,4408.047,4376.961,4424.266,4323.987,53896072.0,0.7102188024978822,38399600.55
20070806,4504.344,4446.206,4504.661,4418.258,54750123.0,1.3075867379963932,39061119.05
20070807,4470.142,4510.079,4510.079,4405.602,51098863.0,-0.8855055532286663,39879215.45
20070808,4395.427,4435.79,4465.566,4294.058,46105603.0,-0.9099393794566533,40944174.6
20070809,4442.06,4392.991,4444.957,4392.99,38807227.0,1.116983849955541,41704605.15
20070810,4348.811,4443.122,4443.122,4243.742,40678678.0,-2.122629088285233,42730361.6
20070813,4329.765,4343.733,4350.349,4257.381,40502417.0,-0.32156672613164405,43713185.7
20070814,4436.206,4329.947,4440.757,4324.86,37008299.0,2.45404851375779,44490877.95
20070815,4412.795,4448.922,4460.17,4300.555,37001028.0,-0.8120394108954823,45092934.65
20070816,4438.959,4396.902,4462.576,4344.458,39367719.0,0.9565143821718062,46119382.85
20070817,4390.883,4422.648,4482.731,4384.53,38005656.0,-0.7182348674368914,46258022.95
20070820,4570.571,4475.399,4570.571,4468.854,45576502.0,2.1265589950750665,46015169.95
20070821,4625.28,4598.379,4636.636,4571.764,49591844.0,0.5850105004393905,45940289.45
20070822,4685.058,4566.175,4704.878,4543.517,55468434.0,2.6035576823052073,46660830.85
20070823,4733.839,4708.668,4739.892,4662.031,50015585.0,0.534567312879147,46780590.35
20070824,4742.953,4752.304,4765.17,4703.052,50881115.0,-0.19676771519666372,46915097.9
20070827,4724.544,4802.428,4822.023,4680.098,52241819.0,-1.6217629915534395,46876706.15
20070828,4729.791,4706.027,4734.562,4630.42,47776479.0,0.5049694785006572,46729904.7
20070829,4701.439,4711.043,4762.46,4642.645,44907270.0,-0.20386143790237873,46005324.6
20070830,4843.707,4721.387,4849.632,4721.387,51519909.0,2.5907641123254805,46260032.1
20070831,4897.636,4871.995,4914.965,4868.455,55587884.0,0.5262936435690212,46344622.7
20070903,5008.833,4941.979,5023.522,4941.979,64639716.0,1.3527779053694755,46839102.35
20070904,4980.529,5032.546,5055.614,4957.888,57774062.0,-1.033612012687014,47172862.3
20070905,5010.729,4985.498,5016.475,4900.541,45766789.0,0.5060878572210976,47155921.6
20070906,5065.515,5036.055,5080.34,5028.053,51029933.0,0.5849816969830559,47767056.9
20070907,4939.231,5036.791,5051.539,4937.811,57324598.0,-1.936947552519062,48599352.9
20070910,5038.941,4881.124,5038.949,4834.323,49224554.0,3.233210219613351,49035459.75
20070911,4718.312,5041.229,5054.09,4712.09,55784241.0,-6.405521352035394,49974256.85
20070912,4770.769,4692.405,4797.423,4590.272,47944355.0,1.6700178266795065,50521423.2
20070913,4872.661,4788.871,4872.661,4765.23,41370635.0,1.749681709947918,50621569.0
20070914,4936.694,4892.23,4948.102,4824.015,46901566.0,0.9088697792213541,51066364.5
20070917,5047.597,4926.836,5052.762,4919.704,52511732.0,2.4510862549514436,51413126.0
20070918,5096.239,5068.11,5096.539,5002.233,49774866.0,0.5550195240434779,51422277.1
20070919,5029.101,5106.86,5114.962,5008.454,43110976.0,-1.522638176883643,50804404.2
20070920,5079.078,5043.424,5083.288,5020.586,41224370.0,0.7069403643239286,50364843.45
20070921,5028.843,5093.255,5098.759,4922.329,42901057.0,-1.2646529576862,49965840.55
20070924,5054.73,5040.301,5080.564,4974.564,39626579.0,0.2862725857046866,49335078.55
20070925,5013.06,5054.473,5081.849,4977.45,33147225.0,-0.8193336872112988,48603615.85
20070926,4932.521,5010.219,5034.802,4903.29,27770924.0,-1.550790494387577,47746798.55
20070927,4972.716,4934.369,4972.827,4898.227,25245216.0,0.7771409069731239,46433063.9
20070928,5083.65,5009.905,5099.057,5009.905,35372404.0,1.4719839996965989,45422289.9
20071008,5088.596,5169.235,5178.6,5084.659,36258309.0,-1.559979377993071,44003219.55
20071009,5141.892,5089.641,5142.174,5036.066,35443191.0,1.0266146472806275,42886676.0
20071010,5109.1,5157.894,5166.088,5074.957,37983666.0,-0.9460062575927282,42497519.85
20071011,5005.498,5110.683,5114.231,4998.599,36394377.0,-2.0581397828822565,41765742.05
20071012,4891.386,5005.562,5006.513,4662.109,47244762.0,-2.2809826349169082,41261750.25
20071015,4890.596,4896.829,4905.594,4774.239,34245875.0,-0.12728645415227233,40512816.3
20071016,4943.559,4898.385,4943.978,4833.925,28644935.0,0.9222223242966809,39155851.0
20071017,4929.536,4942.829,4955.684,4887.454,27959089.0,-0.2689350572313885,38156587.7
20071018,4814.462,4923.337,4923.337,4812.535,27461488.0,-2.2114066130350203,37461130.35
20071019,4813.952,4831.987,4884.427,4782.513,22176601.0,-0.3732418982087463,36224882.1
20071022,4688.292,4775.677,4812.223,4686.087,23355677.0,-1.8297929277880247,34767079.35
20071023,4688.722,4689.109,4736.027,4551.13,22961573.0,-0.008253167072905018,33426414.7
20071024,4596.635,4700.002,4712.314,4590.865,22316589.0,-2.1992969364693926,32386695.35
20071025,4251.497,4564.339,4564.339,4245.652,30098040.0,-6.854048307980622,31830378.85
20071026,4228.946,4196.252,4268.312,4126.572,21560562.0,0.7791238467089083,30763354.1
20071029,4288.789,4251.173,4289.233,4211.149,18080846.0,0.8848381376151944,29686067.45
20071030,4388.327,4303.702,4388.428,4264.772,18713901.0,1.9663303825404266,28964401.25
20071031,4550.183,4422.602,4556.794,4414.323,26309613.0,2.8847497468684753,28891335.7
20071101,4431.099,4557.644,4557.644,4430.265,23393038.0,-2.776544196957903,28798726.8
20071102,4329.631,4372.868,4404.255,4303.565,21624770.0,-0.9887561206969906,28111345.1
20071105,4361.872,4306.725,4396.036,4279.022,17471051.0,1.280485751934473,27171982.2
20071106,4395.011,4365.138,4431.381,4362.217,16420338.0,0.6843540799855699,26220839.55
20071107,4385.856,4404.773,4432.363,4304.854,15667195.0,-0.42946594523714093,25105016.0
20071108,4205.65,4373.628,4373.628,4203.051,17215609.0,-3.840701586874789,24146077.6
20071109,4153.236,4174.465,4215.869,4098.298,15929249.0,-0.5085442086590801,22580301.95
20071112,4098.556,4090.908,4119.083,3996.161,17257974.0,0.18695116096474632,21730906.9
20071113,4114.509,4121.09,4171.249,4061.604,16725083.0,-0.15969076142477187,21134914.3
20071114,4263.995,4149.889,4264.397,4137.989,19491376.0,2.7496157126130303,20711528.65
20071115,4210.704,4258.373,4275.242,4201.033,19245921.0,-1.1194181439718849,20300750.3
20071116,4217.228,4175.57,4224.412,4146.1,15545429.0,0.997660199685321,19969191.7
20071119,4313.28,4228.578,4319.766,4226.947,17968551.0,2.003084724935884,19699835.4
20071120,4371.676,4305.544,4389.15,4285.991,19062835.0,1.5359731546118334,19504898.5
20071121,4308.422,4381.336,4399.813,4303.444,17508413.0,-1.6641955787002105,19264489.7
20071122,4113.309,4254.814,4259.764,4104.083,15528087.0,-3.325762301242783,18535992.05
20071123,4193.98,4084.577,4194.342,4067.409,11425117.0,2.678441366143895,18029219.8
20071126,4151.876,4238.577,4266.98,4148.759,14035768.0,-2.045521409661781,17826965.9
20071127,4108.951,4130.098,4173.195,4102.006,11995548.0,-0.5120217486364714,17491048.25
20071128,4078.041,4118.447,4154.996,4057.741,11482784.0,-0.9810979721239571,16749706.8
20071129,4185.267,4108.442,4187.229,4059.371,16398975.0,1.869930255800126,16400003.65
20071130,4122.932,4189.253,4196.686,4113.422,15511798.0,-1.5831223370849152,16094355.05
20071203,4170.263,4113.205,4186.483,4101.104,14052326.0,1.3871907672970347,15923418.8
20071204,4194.015,4174.788,4209.044,4174.788,13967543.0,0.4605503321366444,15800779.05
20071205,4273.045,4190.476,4273.134,4180.06,17699605.0,1.9703966804725865,15902399.55
20071206,4291.068,4281.896,4292.905,4251.783,15894081.0,0.21420417497296715,15836323.15
20071207,4362.22,4295.293,4362.22,4291.874,19130818.0,1.558147488425134,15996401.6
20071210,4483.831,4304.749,4484.107,4288.502,27756959.0,4.160103179070379,16521350.85
20071211,4534.937,4495.497,4535.145,4464.24,29101646.0,0.8773223516776809,17140179.0
20071212,4544.681,4520.926,4573.521,4497.669,25664017.0,0.5254454507771018,17448811.05
20071213,4402.636,4533.088,4564.363,4401.134,26583767.0,-2.8777733853831937,17815703.35
20071214,4499.53,4359.809,4499.559,4331.323,22307465.0,3.2047504833353835,18153805.15
20071217,4506.042,4512.376,4564.249,4498.96,28954406.0,-0.14036950821473726,18703097.9
20071218,4467.812,4489.419,4531.258,4453.768,17892083.0,-0.48128722224412496,18644560.3
20071219,4565.622,4490.767,4575.413,4490.767,23556730.0,1.6668644799429693,18946976.15
20071220,4621.393,4576.093,4627.69,4567.788,23552788.0,0.9899274337300441,19348211.2
20071221,4691.533,4603.763,4692.12,4602.095,26200857.0,1.90648389154699,20086998.2
20071224,4772.638,4724.165,4810.561,4724.077,34845138.0,1.0260649236425898,21127466.7
20071225,4815.209,4780.467,4820.43,4755.007,28556997.0,0.7267490812090156,21955539.15
20071226,4912.841,4829.593,4912.841,4829.593,30823799.0,1.723706324735863,22922589.9
20071227,4963.453,4933.731,4987.211,4932.919,35701877.0,0.602424412680802,23887735.0
20071228,4947.603,4972.076,4984.215,4927.637,29803571.0,-0.49220888819881187,24602323.65
20080102,5123.934,4963.052,5125.323,4960.354,34345911.0,3.2415940836404804,25617002.9
20080103,5230.749,5129.048,5241.552,5110.533,41987483.0,1.982843599825933,27017999.9
20080104,5243.032,5241.089,5246.107,5171.396,33308591.0,0.03707244811145567,27798449.2
20080107,5347.806,5237.939,5358.589,5222.202,40403713.0,2.097523472495561,29023930.8
20080108,5200.552,5358.806,5367.542,5158.121,42472884.0,-2.9531578489685932,30191034.1
20080109,5356.482,5176.268,5356.482,5167.338,34823785.0,3.481543073117542,30544375.4
20080110,5382.326,5372.82,5438.308,5354.858,40849678.0,0.17692757248521845,31131777.0
20080111,5376.797,5385.905,5392.266,5290.708,34948235.0,-0.16910807004579873,31595987.9
20080114,5445.102,5382.734,5450.887,5368.484,33850869.0,1.1586676956357025,31959343.0
20080115,5487.088,5451.637,5495.386,5418.116,36880404.0,0.6502817410623639,32687989.95
20080116,5412.911,5461.878,5463.2,5389.152,39059990.0,-0.8965231372798815,33193269.15
20080117,5270.956,5380.823,5467.134,5106.918,42935088.0,-2.0418252003457495,34445419.4
20080118,5317.448,5268.895,5320.454,5210.359,31238228.0,0.9215025161822333,34829494.3
20080121,5097.226,5331.667,5343.869,5078.503,35462972.0,-4.39714258223555,35425003.5
20080122,4661.826,4976.79,4976.79,4639.959,40374461.0,-6.328657628712482,36133683.7
20080123,4912.058,4662.708,4912.48,4624.944,38194757.0,5.3477507062419605,36301164.65
20080124,5080.926,4951.376,5116.489,4915.97,42780036.0,2.616444398486404,37012316.6
20080125,5096.69,5081.314,5146.858,5054.083,38904383.0,0.3025988946953346,37416345.8
20080128,4740.501,5073.628,5073.628,4712.613,34534567.0,-6.565853862364358,37357980.3
20080129,4840.636,4757.19,4888.785,4720.681,23744433.0,1.7541027371200402,37055023.4
20080130,4851.426,4878.399,4950.181,4725.387,24904476.0,-0.5529068040560019,36582951.65
20080131,4663.415,4839.403,4868.31,4661.594,18567935.0,-3.6365642621620946,35411974.25
20080201,4456.927,4653.538,4686.604,4308.52,22513663.0,-4.22497893000981,34872227.85
20080204,4820.387,4570.111,4821.075,4570.111,21305053.0,5.476365891331739,33917294.85
20080205,4838.995,4818.542,4889.378,4751.225,20773921.0,0.42446449569184036,32832346.7
20080213,4813.581,4798.568,4884.685,4749.147,15587040.0,0.31286417114438975,31870509.45
20080214,4910.358,4842.943,4929.771,4842.943,16113469.0,1.3920254688110094,30633699.0
20080215,4886.016,4884.365,4886.055,4800.644,19162780.0,0.03380173267149036,29844426.25
20080218,5043.144,4953.026,5072.113,4946.511,28922754.0,1.819453400809937,29598020.5
20080219,5133.361,5054.611,5137.84,5026.558,28823325.0,1.5579833937764944,29195166.55
20080220,5089.439,5152.281,5171.179,5079.772,31477151.0,-1.2196927923768064,28816024.6
20080221,5153.601,5068.026,5184.148,5022.654,31554579.0,1.6885272490709364,28246999.15
20080222,5029.198,5140.122,5151.292,4938.73,31199166.0,-2.1580032536192713,28245046.05
20080225,4869.654,5038.627,5068.982,4856.477,26735589.0,-3.3535524657808553,27808676.9
20080226,4868.814,4974.708,5021.597,4729.85,25287595.0,-2.1286475507708054,27054333.6
20080227,4977.335,4880.163,4977.335,4854.154,23774898.0,1.991163000088327,26333340.65
20080228,4989.412,4986.443,5045.109,4935.303,24117614.0,0.059541440662212536,25400219.55
20080229,5057.617,4984.396,5058.121,4976.147,25394688.0,1.4690044691473243,24724734.8
20080303,5227.732,5044.941,5227.791,5014.283,37422561.0,3.6232534731327912,24869134.5
20080304,5192.593,5246.414,5279.213,5177.736,43168115.0,-1.0258626177804482,25840318.6
20080305,5214.238,5171.783,5218.301,5068.2,38579300.0,0.8208967777650362,26524059.8
20080306,5223.82,5229.782,5296.263,5220.365,44758020.0,-0.11400092776334546,27833564.05
20080307,5115.916,5194.659,5208.895,5104.916,29953784.0,-1.515845409679432,28205570.1
20080310,4948.353,5081.109,5084.396,4915.44,23857879.0,-2.6127367076754364,28333211.4
20080311,5015.932,4906.144,5015.932,4841.557,20439510.0,2.2377655445906104,28316490.85
20080312,4881.03,5095.972,5122.536,4880.702,22539381.0,-4.217880318023726,28664107.9
20080313,4688.679,4829.236,4844.177,4589.508,25924778.0,-2.9105431997939175,29154673.35
20080314,4662.316,4665.829,4718.18,4598.154,16579345.0,-0.07529208635807098,29025501.6
20080317,4302.614,4641.921,4642.73,4299.559,21112847.0,-7.309624614464587,28635006.25
20080318,3986.319,4237.304,4327.38,3926.459,24330980.0,-5.923223823450008,28410389.0
20080319,4176.486,4064.996,4241.942,3989.636,25517310.0,2.7426841256424304,28112396.95
20080320,4347.743,4112.704,4394.755,3956.033,28428386.0,5.714950553212696,27956087.3
20080321,4405.856,4347.273,4448.064,4315.675,25717359.0,1.3475804257059454,27681996.95
20080324,4314.581,4459.507,4489.459,4312.767,25757548.0,-3.2498211125130982,27633094.9
20080325,4367.341,4233.951,4386.836,4190.543,22386574.0,3.150485208732938,27488043.85
20080326,4352.053,4383.73,4446.535,4317.058,19459637.0,-0.722603809997415,27272280.8
20080327,4119.785,4298.387,4298.387,4115.523,21748198.0,-4.155093526943941,27153810.0
20080328,4241.452,4072.038,4248.399,3948.846,23076199.0,4.160422864423176,27037885.55
20080331,4044.098,4129.928,4200.763,4042.621,19053105.0,-2.0782444633417323,26119412.75
20080401,3704.273,4024.439,4070.115,3695.508,22753575.0,-7.955543617383682,25098685.75
20080402,3500.522,3725.188,3778.573,3464.406,23076090.0,-6.0309976301867225,24323525.25
20080403,3588.762,3469.785,3631.552,3392.082,18938839.0,3.428944444684622,23032566.2
20080407,3822.371,3544.31,3825.849,3506.785,21854728.0,7.845278770762156,22627613.4
20080408,3908.802,3832.917,3941.242,3806.286,25150057.0,1.9798237217242172,22692222.3
20080409,3695.306,3887.992,3960.767,3694.962,24320221.0,-4.9559258352383475,22886257.85
20080410,3803.456,3639.608,3803.647,3614.703,20713312.0,4.501803490925395,22794954.4
20080411,3862.363,3831.043,3898.514,3823.671,19907941.0,0.8175319358200811,22494112.55
20080414,3607.218,3778.689,3779.253,3597.083,20826898.0,-4.537843680705134,22706490.2
20080415,3723.267,3588.234,3723.267,3529.179,18137731.0,3.7632161113238407,22557734.4
20080416,3633.675,3717.125,3732.775,3612.589,17413194.0,-2.245014628240907,22211845.1
20080417,3511.914,3632.825,3695.17,3458.526,17224704.0,-3.328291343513646,21797214.8
20080418,3338.274,3483.855,3495.028,3333.11,16732307.0,-4.178733041415333,21212410.85
20080421,3314.506,3578.8,3579.577,3273.578,21837805.0,-7.3849893819157355,21018433.15
20080422,3266.383,3264.662,3281.48,3093.67,19059849.0,0.052716023894663636,20683548.2
20080423,3409.774,3238.46,3428.555,3210.751,22778040.0,5.289983510680998,20703121.5
20080424,3723.071,3692.553,3726.868,3603.955,47085731.0,0.826474257783166,22084426.2
20080425,3756.33,3716.508,3873.332,3669.357,42792013.0,1.0714896887077903,23136616.95
20080428,3729.562,3696.934,3779.576,3667.581,30778741.0,0.8825691775941822,23521744.05
20080429,3759.545,3714.788,3782.524,3708.585,25885782.0,1.2048332233225707,23863377.9
20080430,3903.178,3771.193,3910.407,3771.193,37790831.0,3.4998208789632264,24615240.7
20080505,4040.159,3943.198,4046.675,3895.644,39172367.0,2.458943223241649,25420054.55
20080506,4024.99,4015.554,4086.429,3969.971,39841700.0,0.23498625594375508,26465197.6
20080507,3850.226,4001.592,4049.112,3849.984,37470529.0,-3.78264450748602,27245987.65
20080508,3985.197,3805.335,3985.197,3796.548,31820528.0,4.726574664254266,27579511.2
20080509,3986.24,4014.165,4049.784,3891.491,37449272.0,-0.6956614887529582,28235963.75
20080512,4069.145,3926.052,4110.7,3893.386,37697504.0,3.6447046549561706,29085173.35
20080513,4078.877,3944.543,4107.588,3932.714,46981037.0,3.4055656130507344,30438828.15
20080514,4168.486,4076.875,4171.273,4076.875,43683682.0,2.2470887628391814,31581667.35
20080515,4131.252,4186.746,4230.766,4131.252,39735067.0,-1.3254685142112679,32661534.15
20080516,4071.91,4126.646,4160.402,4005.07,30652808.0,-1.326404057920158,33323514.85
20080519,4070.049,4059.283,4100.563,4008.572,22805929.0,0.26521925177426847,33602576.1
20080520,3813.935,4070.795,4098.653,3792.149,31286546.0,-6.309824002436873,34330288.05
20080521,3908.772,3757.059,3932.3,3663.199,34400607.0,4.038078720616305,34958428.15
20080522,3871.553,3866.701,3958.446,3834.539,31415975.0,0.1254816444302226,35576234.45
20080523,3829.645,3857.221,3890.161,3746.013,29245492.0,-0.7149188496070105,35899607.05
20080526,3728.751,3804.296,3812.308,3726.759,28323669.0,-1.9857813377297566,34961503.95
20080527,3743.539,3712.762,3752.962,3678.997,20108659.0,0.8289515999140274,33827336.25
20080528,3847.258,3749.602,3864.812,3730.744,23523875.0,2.604436417518445,33464592.95
20080529,3749.216,3839.544,3859.848,3749.216,24258298.0,-2.3525710344770103,33383218.75
20080530,3755.631,3744.25,3781.331,3695.286,21345458.0,0.30395940442010705,32560950.1
20080602,3788.153,3747.588,3804.786,3730.138,21008026.0,1.0824295520211826,31652733.05
20080603,3771.097,3789.035,3804.556,3741.413,22600917.0,-0.4734186936779325,30790693.9
20080604,3704.078,3759.875,3764.565,3667.265,20518031.0,-1.4840121014661398,29943069.0
20080605,3657.487,3690.86,3705.455,3639.814,17225467.0,-0.9042066076740934,29213315.95
20080606,3629.923,3662.054,3680.268,3607.242,15106070.0,-0.8774037739476347,28096155.85
20080610,3312.794,3487.048,3487.048,3297.906,18875808.0,-4.997178128892975,27155071.05
20080611,3226.923,3250.439,3270.853,3165.704,20126343.0,-0.7234715064642062,25812336.35
20080612,3197.545,3209.919,3244.575,3125.092,20001540.0,-0.385492593426806,24628229.25
20080613,3045.105,3202.264,3227.481,3042.499,17586874.0,-4.9077465193375716,23520819.6
20080616,2977.818,3041.695,3076.441,2926.707,15780758.0,-2.1000461913505446,22777217.1
20080617,2791.289,2974.088,3005.787,2776.849,18512967.0,-6.14638840545404,22562569.0
20080618,2951.844,2767.804,2970.404,2684.666,26356834.0,6.649314763617653,22316083.4
20080619,2702.801,2927.164,2936.682,2700.369,23981574.0,-7.66485922893286,21795131.75
20080620,2764.28,2718.781,2866.612,2596.839,27585838.0,1.6735073549506287,21603624.9
20080623,2717.969,2726.448,2779.008,2693.064,16676657.0,-0.31099071025744174,20975183.15
20080624,2806.774,2708.777,2818.919,2702.627,20244826.0,3.6177581247921053,20571241.0
20080625,2966.895,2805.59,2966.895,2797.12,28449752.0,5.7494145616429995,20988295.65
20080626,3003.302,2965.46,3041.37,2939.859,30425738.0,1.2760920734051413,21333388.8
20080627,2792.705,2902.015,2920.109,2762.193,26066420.0,-3.766693142523383,21423794.9
20080630,2813.716,2762.342,2838.183,2737.747,16361769.0,1.859798678078232,21174610.45
20080701,2765.064,2819.534,2831.911,2741.114,17018353.0,-1.9318795233538681,20975126.8
20080702,2811.225,2768.722,2848.63,2754.686,17255785.0,1.5351125898519136,20707870.2
20080703,2941.521,2776.92,2973.377,2742.738,30751413.0,5.927466401624826,21219539.3
20080704,2941.085,2931.845,2979.802,2913.203,26879750.0,0.3151599078396108,21702253.45
20080707,3094.845,2948.69,3096.274,2948.69,34492532.0,4.956607849587435,22671576.55
20080708,3142.32,3101.294,3154.274,3044.672,36576108.0,1.3228671644803844,23556591.55
20080709,3226.147,3148.607,3226.197,3146.736,42098142.0,2.4626763517962056,24655181.5
20080710,3152.489,3186.586,3264.02,3152.489,42047451.0,-1.0700166259438708,25757477.05
20080711,3132.733,3133.685,3167.823,3074.055,30154709.0,-0.03037956910154565,26385868.8
20080714,3198.352,3111.58,3198.608,3100.044,26040784.0,2.7886797061300026,26898870.1
20080715,3106.326,3208.548,3231.374,3085.119,32645243.0,-3.185927092254807,27605483.9
20080716,2948.526,3072.408,3081.414,2893.36,27609955.0,-4.0320816766523215,27668139.95
20080717,2918.369,2991.352,3031.889,2901.944,23928851.0,-2.4397997962125393,27665503.8
20080718,3015.798,2935.645,3026.137,2855.921,23682383.0,2.730336944691875,27470331.05
20080721,3139.509,3002.464,3151.026,2982.511,28663797.0,4.564417758214589,28069688.05
20080722,3150.015,3138.764,3183.185,3126.17,29213112.0,0.3584532000494382,28518102.35
20080723,3122.687,3161.21,3180.181,3116.837,28395071.0,-1.2186156566631177,28515368.3
20080724,3200.735,3137.443,3206.379,3134.973,30853128.0,2.0173115495644036,28536737.8
20080725,3172.168,3167.896,3205.58,3148.503,26398364.0,0.13485291183801282,28553335.0
20080728,3215.846,3190.279,3229.155,3190.279,27742362.0,0.8014032628494251,29122364.65
20080729,3150.0,3179.777,3182.221,3126.017,27028920.0,-0.9364493170433034,29622893.0
20080730,3132.766,3184.226,3201.052,3105.96,22320518.0,-1.6160913201512719,29876129.65
20080731,3017.217,3139.785,3147.649,3015.663,20879750.0,-3.9037067824707665,29382546.5
20080801,3063.812,3000.999,3084.102,2958.031,20683963.0,2.0930696744650734,29072757.15
20080804,2990.168,3044.143,3067.043,2986.349,17827895.0,-1.7730770203633637,28239525.3
20080805,2897.725,2988.336,3005.638,2889.255,18506415.0,-3.032155687981535,27336040.65
20080806,2904.186,2913.872,2941.403,2857.909,18056001.0,-0.3324099342730118,26133933.6
20080807,2923.745,2899.845,2931.003,2871.182,17788436.0,0.8241819821404279,24920982.85
20080808,2711.964,2924.929,2924.929,2709.961,21309704.0,-7.281031437002407,24478732.6
20080811,2508.59,2699.085,2699.085,2497.275,19815711.0,-7.057762167549369,24167478.95
20080812,2473.417,2467.682,2508.429,2436.942,16283799.0,0.23240433734979335,23349406.75
20080813,2472.3,2454.885,2496.6,2369.379,17795574.0,0.7094018660751914,22858687.7
20080814,2483.696,2458.797,2506.465,2443.881,14520588.0,1.0126496819379514,22388274.55
20080815,2473.717,2478.155,2510.964,2446.029,13570525.0,-0.17908484336129504,21882681.65
20080818,2289.296,2479.392,2483.984,2287.28,15336331.0,-7.6670409519753235,21216308.35
20080819,2327.019,2255.716,2331.351,2235.709,13920257.0,3.160991897916222,20451665.6
20080820,2520.737,2316.681,2521.079,2287.693,26330757.0,8.80811816559984,20348449.9
20080821,2431.101,2484.825,2535.063,2419.711,25329285.0,-2.162083848963195,20072257.75
20080822,2382.523,2412.878,2418.889,2326.273,17875339.0,-1.2580412271155033,19646106.5
20080825,2374.06,2379.207,2413.883,2348.959,14033218.0,-0.21633258476458478,18960649.3
20080826,2244.993,2347.81,2347.81,2207.671,17692714.0,-4.379272598719659,18493839.0
20080827,2237.867,2230.151,2279.548,2180.938,16134188.0,0.3459855408893994,18184522.5
20080828,2236.824,2232.711,2256.959,2216.058,13263577.0,0.18421551199417588,17803713.85
20080829,2307.158,2242.164,2334.798,2242.164,19417917.0,2.8987174889972227,17740411.55
20080901,2238.047,2290.41,2290.41,2219.52,15455365.0,-2.286184569574872,17621785.05
20080902,2253.773,2224.8,2278.493,2198.643,15449478.0,1.3022743617403791,17468938.2
20080903,2237.28,2246.729,2268.38,2199.15,18866490.0,-0.42056696646545333,17509462.65
20080904,2254.688,2233.114,2278.515,2220.644,15600557.0,0.9660948791687335,17400068.7
20080905,2148.741,2193.565,2210.755,2145.659,17462008.0,-2.043431582834339,17207683.9
20080908,2039.889,2146.755,2160.859,2031.53,15894645.0,-4.978024972574896,17011630.6
20080909,2057.561,2044.301,2070.474,2021.816,12755283.0,0.6486324665497017,16835204.8
20080910,2072.808,2044.032,2108.595,2025.674,15341723.0,1.4078057486379894,16712512.25
20080911,2034.247,2068.175,2089.955,2023.248,13175295.0,-1.6404801334509949,16645247.6
20080912,2038.66,2032.355,2067.59,2031.206,10496691.0,0.31023123420859366,16491555.9
20080916,1993.461,2036.379,2037.682,1981.218,14941077.0,-2.1075644563217306,16471793.2
20080917,1956.035,1988.783,2013.011,1946.801,14183202.0,-1.6466351532570331,16484940.45
20080918,1899.323,1915.318,1938.821,1797.075,21147827.0,-0.8351093656510246,16225793.95
20080919,2086.826,2072.614,2086.826,2049.022,23083755.0,0.6857041397964112,16113517.45
20080922,2182.792,2213.527,2276.659,2097.78,46244381.0,-1.388508023620228,17531969.55
20080923,2042.197,2108.509,2110.064,2041.973,27446202.0,-3.14497116208658,18202618.75
20080924,2088.549,2006.013,2088.549,1984.228,21766416.0,4.114429966306303,18406303.85
20080925,2138.065,2091.387,2158.146,2086.077,34836875.0,2.2319159486025244,19341438.2
20080926,2136.001,2144.516,2156.962,2094.702,26804391.0,-0.39705928983508976,20018478.9
20081006,2054.042,2092.351,2096.35,2049.361,20982550.0,-1.8309069558597098,20096710.55
20081007,2046.191,1994.02,2070.715,1972.945,18706028.0,2.6163729551358585,20259243.7
20081008,1995.61,2005.913,2033.218,1975.822,16635678.0,-0.5136314486221542,20318553.7
20081009,1969.815,2034.554,2042.795,1968.896,15749337.0,-3.1819750176205712,20162696.05
20081010,1837.404,1901.029,1901.029,1836.504,19147469.0,-3.346871615319914,20340041.65
20081013,1872.947,1814.538,1872.947,1751.524,17247625.0,3.218946089858679,20329322.5
20081014,1816.32,1932.081,1941.103,1816.32,21644382.0,-5.991518989110704,20616809.35
20081015,1806.791,1801.393,1823.7,1781.165,14004050.0,0.29965698767564386,20679247.7
20081016,1704.565,1741.122,1756.358,1703.24,17651871.0,-2.09962311658804,20794755.1
20081017,1726.4,1717.579,1736.225,1696.724,13810887.0,0.513571719262994,20826534.7
20081020,1786.564,1725.557,1787.897,1705.566,16738951.0,3.5354960746008426,21138647.7
20081021,1782.664,1793.655,1824.379,1776.696,20064584.0,-0.612771129342041,21394823.05
20081022,1748.84,1765.615,1792.598,1747.456,16682010.0,-0.9500938766378906,21519763.45
20081023,1766.59,1716.298,1766.59,1706.828,15466692.0,2.9302603627108996,21235706.7
20081024,1741.181,1764.811,1777.686,1723.503,15940938.0,-1.3389535763319633,20878565.85
20081027,1604.758,1711.822,1711.822,1602.518,19565598.0,-6.254388598814588,19544626.7
20081028,1642.055,1570.987,1650.785,1562.4,20157776.0,4.523780273165849,19180205.4
20081029,1576.931,1662.038,1665.734,1576.876,18664424.0,-5.120641044308251,19025105.8
20081030,1590.226,1585.517,1613.396,1565.719,16592959.0,0.29700091515890775,18112910.0
20081031,1562.022,1590.45,1599.157,1553.492,13754040.0,-1.787418655097621,17460392.45
20081103,1539.795,1553.878,1563.687,1532.953,12354945.0,-0.9063131082362874,17029012.2
20081104,1513.495,1533.754,1535.738,1488.653,14212153.0,-1.3208767507696813,16804318.45
20081105,1563.369,1519.801,1573.521,1519.801,20628915.0,2.866691099690024,17003980.3
20081106,1536.598,1530.03,1542.757,1514.576,16775525.0,0.4292726286412674,17055289.7
20081107,1561.221,1512.977,1569.259,1503.629,17839227.0,3.1886803302363425,16989877.6
20081110,1676.277,1585.294,1677.382,1585.294,31892066.0,5.739187809958275,17722099.65
20081111,1662.848,1671.24,1702.175,1651.59,34852245.0,-0.502142122017188,18382492.8
20081112,1704.226,1648.085,1704.226,1642.396,26825960.0,3.406438381515521,19023588.3
20081113,1784.497,1686.073,1802.611,1680.767,47507868.0,5.837469670648897,20516388.15
20081114,1867.485,1802.246,1867.485,1781.718,55050340.0,3.619872092932918,22578360.8
20081117,1959.072,1864.308,1959.072,1851.874,56535913.0,5.083065673697688,24568208.9
20081118,1816.285,1949.213,1971.659,1806.522,63976109.0,-6.819572822467318,26763785.15
20081119,1944.327,1803.408,1949.462,1803.408,53437019.0,7.81403875329377,28601535.6
20081120,1948.681,1916.873,1990.302,1900.518,59822600.0,1.659369191386179,30819331.0
20081121,1921.04,1890.984,1973.279,1833.981,55083177.0,1.5894370338405845,32776442.95
20081124,1842.344,1920.549,1938.473,1839.085,37202085.0,-4.07201274218986,33658267.3
20081125,1827.642,1869.016,1886.458,1780.908,28119453.0,-2.213678213562646,34056351.15
20081126,1834.774,1825.338,1857.713,1806.088,23963110.0,0.5169453547781245,34321285.45
20081127,1861.518,1961.974,1965.65,1860.988,47539920.0,-5.1201494005527035,35868633.5
20081128,1841.45,1845.296,1868.33,1821.165,30741424.0,-0.20842184668475972,36718002.7
20081201,1919.475,1836.417,1919.475,1820.531,37176944.0,4.522828965316701,37959102.65
20081202,1957.322,1878.347,1973.103,1868.939,50216723.0,4.204494696666798,39759331.15
20081203,2039.927,1972.398,2039.927,1972.167,59429076.0,3.4237004904689625,41699339.2
20081204,2037.723,2062.643,2110.667,2034.641,74284731.0,-1.2081586585754331,44574799.5
20081205,2098.656,2024.414,2098.656,2020.546,51366290.0,3.6673328676841774,46251152.65
20081208,2190.532,2128.684,2190.532,2120.541,69811089.0,2.9054570805248665,48147103.8
20081209,2134.58,2196.028,2196.028,2123.931,60845045.0,-2.7981428287799552,49446743.8
20081210,2195.743,2123.036,2199.783,2113.145,52866679.0,3.424671084239734,50748779.75
20081211,2127.183,2195.483,2203.295,2125.851,51629822.0,-3.1109327651364267,50954877.45
20081212,2031.992,2107.475,2118.59,2001.184,45509821.0,-3.581679497977435,50477851.5
20081215,2073.029,2063.91,2082.775,2021.049,36196029.0,0.4418312814027813,49460857.3
20081216,2110.244,2058.666,2110.57,2008.405,36115418.0,2.5054088424251417,48067822.75
20081217,2136.309,2117.65,2164.59,2110.057,44330618.0,0.8811182206691428,47612502.7
20081218,2175.357,2135.679,2176.461,2118.297,41871992.0,1.8578634710553357,46714972.3
20081219,2194.994,2175.756,2216.89,2169.87,48167946.0,0.8841984119542947,46369210.75
20081222,2193.475,2196.389,2212.997,2154.432,42559939.0,-0.1326723089580313,46637103.45
20081223,2054.535,2197.793,2197.793,2052.616,45766100.0,-6.518266278944389,47519435.8
20081224,2010.104,2020.957,2043.154,1985.824,34314086.0,-0.5370228065218638,48036984.6
20081225,2003.488,2015.958,2035.835,1966.539,28189665.0,-0.6185644740614649,47069471.85
20081226,1983.757,2006.134,2018.14,1976.077,21288477.0,-1.115428979320422,46596824.5
20081229,1984.755,1977.214,1991.565,1928.071,20060068.0,0.3813952359228777,45740980.7
20081230,1971.466,1983.457,2004.641,1961.803,22269185.0,-0.6045505397898826,44343603.8
20081231,1939.433,1973.413,1983.125,1938.009,19916636.0,-1.7218899439701685,42367981.8
20090105,2020.243,1969.631,2020.243,1962.62,24718227.0,2.5696183701414044,39889656.6
20090106,2091.892,2016.869,2093.601,2005.327,38325979.0,3.7197755530973957,39237641.05
20090107,2104.922,2092.737,2120.206,2082.55,40155901.0,0.5822518548675704,37754881.65
20090108,2052.3,2069.216,2087.155,2034.396,33592609.0,-0.8175076937351979,36392259.85
20090109,2107.766,2050.322,2107.766,2050.322,31585564.0,2.801706268576348,35328204.1
20090112,2137.841,2105.154,2162.346,2100.039,38011768.0,1.5527130081694687,34647301.4
20090113,2081.672,2116.109,2125.46,2078.056,33355966.0,-1.6273736371803107,34039608.65
20090114,2160.064,2078.453,2160.064,2078.453,37642928.0,3.9265261230347703,34111953.6
20090115,2181.061,2143.046,2208.345,2135.701,50112554.0,1.7738769956407996,34811810.4
20090116,2195.634,2192.032,2228.9,2186.16,53147018.0,0.16432241865081632,35252630.4
20090119,2192.807,2209.131,2221.239,2166.085,40780846.0,-0.7389330917903949,35198073.1
20090120,2214.839,2188.611,2214.839,2170.901,32273924.0,1.1983856427661226,34403372.0
20090121,2217.626,2187.182,2236.438,2178.538,38764397.0,1.3919280608564086,34213594.9
20090122,2256.367,2232.81,2260.502,2222.496,42052269.0,1.055038270161825,34027903.35
20090123,2238.082,2253.321,2265.421,2233.501,37781175.0,-0.6762906838395432,34201257.8
20090202,2306.769,2258.512,2306.769,2245.262,42700513.0,2.136672286886215,34926800.2
20090203,2369.654,2307.886,2369.654,2300.982,63882148.0,2.6763886951088582,37056483.75
20090204,2423.887,2380.624,2423.923,2370.014,69846976.0,1.8172966415528187,39545829.15
20090205,2384.764,2421.363,2436.685,2362.233,73744119.0,-1.5115040578384864,42119575.85
20090206,2493.74,2390.242,2496.592,2390.242,76563552.0,4.330021813690814,44951921.65
20090209,2579.228,2528.801,2580.746,2500.537,90834108.0,1.994107088695399,48257715.7
20090210,2653.213,2564.755,2653.213,2535.648,81705152.0,3.4489844059179173,50426674.35
20090211,2658.05,2609.007,2723.455,2594.926,95073550.0,1.879757317630812,53172556.8
20090212,2707.922,2666.491,2707.922,2587.188,80197106.0,1.553764854259776,55502781.65
20090213,2805.01,2714.637,2808.482,2704.655,90039523.0,3.329100723227453,58425479.6
20090216,2854.444,2833.286,2854.562,2777.422,90691687.0,0.7467654165516613,61059475.55
20090217,2738.58,2844.215,2844.215,2734.372,85069086.0,-3.714030057502693,63645131.55
20090218,2632.908,2676.806,2736.593,2630.705,68995989.0,-1.6399395398844794,65212784.6
20090219,2687.489,2661.601,2696.778,2629.343,57010305.0,0.9726476658221844,65557672.15
20090220,2776.955,2694.784,2776.955,2671.179,60043581.0,3.0492610910559,65902500.3
20090223,2871.792,2769.626,2878.495,2753.849,73580422.0,3.688801303858344,67542479.1
20090224,2754.24,2838.24,2884.014,2746.024,85993462.0,-2.9595805851513615,70228456.0
20090225,2771.098,2780.335,2803.508,2677.264,68657574.0,-0.3322261526039157,71723114.85
20090226,2571.276,2769.243,2800.205,2535.531,65727755.0,-7.148776759569316,72906889.15
20090227,2416.949,2528.597,2542.547,2396.313,53180001.0,-4.415412974072188,73676830.45
20090302,2478.808,2385.838,2485.025,2382.022,37333121.0,3.8967440371056123,73408460.85
20090303,2499.826,2416.107,2526.853,2398.805,44132147.0,3.4650369375197396,72420960.8
20090304,2651.405,2508.268,2654.398,2508.268,61254466.0,5.706607108969224,71991335.3
20090305,2671.575,2680.324,2710.024,2608.134,70331772.0,-0.32641576167658276,71820717.95
20090306,2653.469,2621.228,2676.362,2608.556,50807742.0,1.2299960171339535,70532927.45
20090309,2536.01,2661.954,2692.748,2528.605,50605052.0,-4.7312613215705435,68521474.65
20090310,2601.417,2505.93,2601.5,2498.249,35740689.0,3.810441632447837,66223251.5
20090311,2587.371,2646.61,2655.216,2574.999,43868976.0,-2.23829729351888,63663022.8
20090312,2597.232,2572.389,2604.785,2507.233,38265162.0,0.9657559568167896,61566425.6
20090313,2569.629,2606.879,2625.61,2564.151,36035126.0,-1.4289117369851076,58866205.75
20090316,2603.058,2563.022,2604.002,2539.912,31294853.0,1.5620622842878469,55896364.05
20090317,2699.594,2608.228,2708.351,2594.122,54249799.0,3.5029913029075677,54355399.7
20090318,2734.547,2711.166,2778.148,2707.792,68328367.0,0.8623964744320287,54322018.6
20090319,2797.155,2737.375,2797.155,2733.701,65849600.0,2.1838440111420687,54763983.35
20090320,2784.106,2799.794,2802.712,2731.708,64333748.0,-0.5603269383390224,54978491.7
20090323,2843.879,2784.889,2846.632,2779.702,70752256.0,2.118217279036966,54837083.4
20090324,2865.333,2871.44,2877.452,2835.198,72372151.0,-0.21268074554927044,54156017.85
20090325,2785.664,2849.916,2873.133,2785.553,64925444.0,-2.254522589437722,53969411.35
20090326,2853.411,2784.891,2853.506,2746.795,57070365.0,2.460419456273153,53536541.85
20090327,2877.88,2871.391,2894.513,2852.927,69678993.0,0.22598803158469302,54361491.45
20090330,2883.214,2880.534,2904.591,2866.863,57376148.0,0.09303830470321947,55363642.8
20090331,2914.128,2825.931,2914.202,2808.605,59667522.0,3.120989153662992,56140411.55
20090401,2962.839,2924.393,2978.096,2924.31,76329270.0,1.3146659836759258,56894151.75
20090402,2965.735,2972.739,2996.387,2952.762,76376077.0,-0.23560763322982292,57196367.0
20090403,2934.253,2983.219,2990.066,2909.828,66739600.0,-1.6413813400893429,57992959.9
20090407,2968.519,2941.389,2968.525,2925.744,53024734.0,0.9223533507468632,58113944.0
20090408,2867.168,2959.809,2969.814,2867.168,61578797.0,-3.1299654808806943,59405849.4
20090409,2915.024,2862.107,2915.073,2838.627,49871136.0,1.8488826588244227,59705957.4
20090410,3009.376,2932.013,3012.25,2921.613,72079940.0,2.6385626530305384,61396696.3
20090413,3050.372,3030.701,3055.649,3019.157,77994885.0,0.6490577592444725,63494684.25
20090414,3099.429,3047.771,3102.785,3031.589,76936976.0,1.6949436161706342,65776790.4
20090415,3143.821,3084.043,3143.821,3055.253,83775471.0,1.9382998226678354,67253074.0
20090416,3159.26,3151.003,3182.579,3097.536,86665480.0,0.26204354613435976,68169929.65
20090417,3119.419,3152.36,3171.861,3083.64,76864812.0,-1.0449631387278184,68720690.25
20090420,3205.884,3111.474,3205.884,3109.896,73529071.0,3.034253218892392,69180456.4
20090421,3205.076,3173.533,3225.106,3142.119,79868178.0,0.9939395619960505,69636252.5
20090422,3042.638,3219.339,3235.449,3021.413,86051843.0,-5.488735420531979,70320237.1
20090423,3059.709,3013.086,3080.254,2978.653,55318761.0,1.5473504573052363,69839902.95
20090424,3036.761,3070.352,3082.5,3034.448,52483375.0,-1.0940439402387707,69610553.45
20090427,2916.114,3034.238,3042.797,2903.3,53130567.0,-3.8930367360767284,68783132.15
20090428,2959.952,2900.089,2959.952,2897.803,44365085.0,2.064178030398387,68132579.0
20090429,3040.04,2963.206,3043.407,2954.855,56199875.0,2.592934814521833,67959196.65
20090430,3086.217,3051.14,3096.762,3040.749,62320401.0,1.1496358738045527,67258753.2
20090504,3190.254,3096.389,3190.266,3096.389,69192010.0,3.0314343578923637,66899549.85
20090505,3220.615,3208.273,3234.133,3183.388,72957325.0,0.3846929485115401,67210436.1
20090506,3264.579,3215.6,3264.579,3204.307,72987002.0,1.5231683045154953,68208549.5
20090507,3242.626,3278.985,3285.772,3177.949,81373899.0,-1.1088492323081662,69198304.6
20090508,3257.588,3227.217,3274.572,3196.786,77862548.0,0.9410894897987986,70597875.2
20090511,3134.573,3269.022,3275.118,3134.44,79066335.0,-4.1128202869237365,70947194.95
20090512,3212.139,3105.859,3212.176,3101.316,50827090.0,3.4219196686005446,69588805.2
20090513,3234.151,3215.968,3247.843,3201.025,61448252.0,0.5653974168897201,68814369.0
20090514,3246.557,3211.21,3256.529,3200.113,59123915.0,1.1007377281460804,67581791.2
20090515,3270.738,3255.449,3285.446,3238.675,58945698.0,0.46964335795153783,66195802.1
20090518,3295.651,3265.005,3297.539,3211.388,56313856.0,0.9386203083915561,65168254.3
20090519,3325.531,3313.908,3338.252,3302.754,71390583.0,0.3507339370917976,65061329.9
20090520,3306.474,3328.121,3343.659,3302.743,70002826.0,-0.6504270728137569,64568062.3
20090521,3247.475,3288.24,3309.316,3225.548,70062883.0,-1.2397209449431876,63768614.3
20090522,3254.534,3235.413,3283.502,3227.189,49637979.0,0.5909910110393972,63484575.2
20090525,3271.501,3176.158,3277.685,3152.543,56607342.0,3.0018342916190033,63690773.55
20090526,3274.849,3274.63,3319.12,3271.906,61079104.0,0.006687778466576405,64088200.4
20090527,3276.748,3287.989,3300.223,3241.219,50492467.0,-0.34188070580528057,64394569.5
20090601,3332.337,3302.004,3335.069,3296.116,56432387.0,0.9186239629025308,64406195.1
20090602,3353.922,3346.072,3366.736,3333.459,64421806.0,0.2346034394956208,64511265.35
20090603,3380.188,3351.778,3380.359,3346.968,65177475.0,0.8476098357349535,64310538.6
20090604,3375.873,3373.381,3384.36,3321.272,65131059.0,0.07387247393639168,63919225.3
20090605,3355.778,3379.92,3393.077,3352.628,58164715.0,-0.7142772610002687,63178110.95
20090608,3350.238,3355.911,3380.714,3321.765,52720724.0,-0.16904500745103876,61745452.2
20090609,3366.911,3347.856,3366.911,3282.0,56322994.0,0.5691702391022743,60668474.5
20090610,3403.208,3373.029,3403.281,3363.883,61203676.0,0.8947151062146245,59775341.55
20090611,3382.997,3399.551,3422.131,3363.973,60964112.0,-0.48694665854402797,60282192.65
20090612,3309.587,3376.595,3391.374,3281.248,55539307.0,-1.9844843696090237,59986745.4
20090615,3356.714,3303.739,3356.714,3296.579,40944145.0,1.6034862318118928,59077756.9
20090616,3349.35,3330.628,3357.441,3317.829,40799703.0,0.5621162135188845,58170457.15
20090617,3403.962,3346.653,3406.913,3334.168,48982567.0,1.7124273117051634,57803892.7
20090618,3431.281,3410.629,3432.09,3406.326,59630871.0,0.6055188060618744,57215907.1
20090619,3434.055,3433.201,3448.842,3415.751,64737251.0,0.024874745172211426,56952628.35
20090622,3405.13,3451.866,3454.895,3393.324,57531259.0,-1.3539343647754543,56326047.15
20090623,3392.112,3365.241,3421.237,3353.025,49053197.0,0.7984866462758564,56296808.05
20090624,3431.444,3394.77,3431.444,3384.476,49764749.0,1.0803088279912918,55954678.4
20090625,3427.473,3435.002,3441.582,3411.527,51372645.0,-0.21918473409913578,55469355.45
20090626,3448.461,3433.725,3453.614,3419.369,50124718.0,0.42915492650109943,55450968.0
20090629,3476.788,3451.778,3484.231,3444.979,59346576.0,0.7245541283361856,55596677.45
20090630,3452.263,3483.578,3484.944,3439.768,53491816.0,-0.8989320750102354,55050177.95
20090701,3503.754,3446.446,3503.754,3444.47,60848601.0,1.662814389083711,54833734.25
20090702,3540.509,3516.309,3540.641,3500.891,71837652.0,0.6882216551503243,55169063.9
20090703,3584.858,3519.695,3584.858,3507.178,75130463.0,1.8513820089524804,56017351.3
20090706,3592.64,3593.624,3601.912,3557.667,74514065.0,-0.027381829595971185,57107018.35
20090707,3589.187,3588.669,3616.166,3563.273,71322379.0,0.014434320913966407,57856987.6
20090708,3633.433,3567.591,3640.337,3560.11,60148041.0,1.8455590901535546,57804205.85
20090709,3701.79,3637.388,3701.79,3631.297,75239647.0,1.7705562343087966,58517982.6
20090710,3719.97,3706.56,3747.122,3697.98,77856249.0,0.36179098679098287,59633829.7
20090713,3754.344,3711.447,3782.109,3705.433,75672516.0,1.1558025751142327,61370248.25
20090714,3813.876,3762.319,3813.876,3762.319,74369594.0,1.3703516368495134,63048742.8
20090715,3848.632,3824.326,3850.962,3820.242,84360835.0,0.6355629724035042,64817656.2
20090716,3829.207,3860.68,3873.333,3821.242,84348618.0,-0.8152190805764776,66053543.55
20090717,3852.863,3827.252,3862.288,3809.498,76085168.0,0.669174645411378,66620939.4
20090720,3919.426,3863.472,3919.448,3855.774,90161039.0,1.44828278812425,68252428.4
20090721,3824.288,3922.109,3922.571,3814.922,89371035.0,-2.494091826616749,70268320.3
20090722,3894.563,3817.865,3894.694,3817.865,77173835.0,2.0089238357039947,71638774.6
20090723,3933.113,3900.015,3933.113,3892.651,76614399.0,0.8486634025766557,72900862.3
20090724,3907.967,3945.237,3952.317,3831.396,82625756.0,-0.9446834245952773,74525914.2
20090727,3972.644,3918.267,3972.668,3914.317,79283866.0,1.3877818943936173,75522778.7
20090728,4022.91,3974.006,4023.013,3936.205,88281336.0,1.2305970348308481,77262254.7
20090729,3764.64,4013.033,4019.195,3678.888,94637684.0,-6.189657548293274,78951708.85
20090730,3803.124,3773.148,3830.351,3670.905,69836967.0,0.7944559821136,78851674.6
20090731,3928.584,3826.193,3933.37,3816.471,75259167.0,2.6760542398148663,78858109.8
20090803,4020.266,3944.697,4020.625,3928.927,85107280.0,1.9157111433400325,79387770.55
20090804,4069.346,4024.681,4071.129,3975.507,93650297.0,1.109777396022193,80504166.45
20090805,4069.338,4065.426,4099.527,3993.107,88793349.0,0.09622607815270189,81936431.85
20090806,4015.421,4040.222,4093.701,3946.59,78729672.0,-0.6138524071202124,82110933.1
20090807,3893.125,4008.225,4036.204,3875.756,66695008.0,-2.871595282200972,81552871.05
20090810,3933.047,3935.045,3970.177,3857.5,53810692.0,-0.05077451464977013,80459779.85
20090811,3953.293,3946.151,3964.422,3900.058,44640435.0,0.1809864853118971,78973321.9
20090812,3770.137,3944.344,3944.344,3762.236,53833018.0,-4.416627961455691,77446931.05
20090813,3778.14,3772.668,3800.529,3705.368,42709925.0,0.14504324260708212,75364996.4
20090814,3609.698,3780.394,3789.754,3609.658,50726464.0,-4.515296553745454,74097061.2
20090817,3358.103,3558.321,3571.817,3356.201,48213667.0,-5.626754865567212,71999692.6
20090818,3424.775,3326.866,3436.479,3310.898,38126226.0,2.9429799697372876,69437452.15
20090819,3247.526,3427.099,3436.952,3215.547,43905918.0,-5.239796107436648,67774056.3
20090820,3374.351,3247.209,3378.807,3239.825,42960837.0,3.915423984104512,66091378.2
20090821,3468.042,3366.461,3469.067,3344.309,51580488.0,3.0174417585707998,64539114.8
20090824,3541.804,3472.493,3556.712,3449.221,54607549.0,1.9960011438468026,63305298.95
20090825,3485.924,3523.815,3523.815,3384.445,59825452.0,-1.0752834640865108,61882504.75
20090826,3595.115,3466.215,3622.666,3444.816,59667702.0,3.7187537414730367,60134005.65
20090827,3629.513,3585.368,3662.473,3557.766,65426057.0,1.231254364963373,59913460.15
20090828,3531.41,3615.075,3627.366,3512.432,48276206.0,-2.314336493710365,58564312.1
20090831,3277.997,3477.116,3477.116,3276.108,47314228.0,-5.7265561459554455,56674659.5
20090901,3245.274,3242.929,3319.717,3207.268,37392876.0,0.07231117301673272,53861788.45
20090902,3265.074,3229.021,3279.098,3195.852,31058498.0,1.1165303663246502,50975045.9
20090903,3427.442,3266.18,3437.159,3262.967,47946513.0,4.9373273977551815,49435887.95
20090904,3489.063,3422.954,3509.282,3408.083,53833605.0,1.9313435120658917,48792817.8
20090907,3527.254,3503.003,3564.65,3487.493,58320117.0,0.6922917279830976,49018289.05
20090908,3592.806,3505.443,3592.806,3473.181,55785166.0,2.4922099717496424,49575525.6
20090909,3613.41,3598.014,3616.254,3556.314,55879161.0,0.42790272633735527,49677832.75
20090910,3581.683,3598.266,3624.756,3558.616,49193023.0,-0.4608608702080414,50001987.65
20090911,3641.816,3567.62,3659.439,3565.868,53522287.0,2.079705798263266,50141778.8
20090914,3736.576,3653.469,3744.834,3652.577,69996412.0,2.274742169702274,51230916.05
20090915,3775.213,3742.445,3791.841,3718.881,71362909.0,0.8755773297937586,52892750.2
20090916,3781.064,3764.567,3808.895,3706.297,72237439.0,0.4382177286258909,54309326.25
20090917,3868.667,3785.245,3881.849,3785.245,77663275.0,2.2038731971114163,56044448.15
20090918,3739.732,3879.099,3892.17,3707.022,80515878.0,-3.5927672895174934,57491217.65
20090921,3804.331,3704.171,3805.037,3637.501,61094420.0,2.7039788389898933,57815561.2
20090922,3708.199,3793.79,3834.725,3708.199,57192977.0,-2.256081649221488,57683937.45
20090923,3595.706,3693.032,3733.694,3572.628,49935069.0,-2.635395523244857,57197305.8
20090924,3568.669,3572.481,3620.386,3477.406,44118224.0,-0.106704556301359,56131914.15
20090925,3536.811,3555.468,3583.602,3516.359,33151502.0,-0.5247410467482677,55375678.95
20090928,3434.655,3546.341,3581.976,3418.456,32287692.0,-3.149330535332042,54624352.15
20090929,3372.074,3430.289,3449.173,3306.384,32639226.0,-1.6970873299596665,54386669.65
20090930,3400.623,3396.927,3444.768,3396.561,28863895.0,0.10880422216903432,54276939.5
20091009,3576.444,3456.082,3576.636,3454.796,36436931.0,3.4826141277897946,53701460.4
20091012,3597.863,3586.041,3629.578,3555.945,39199707.0,0.3296671733535579,52969765.5
20091013,3659.081,3591.615,3659.081,3583.85,37932288.0,1.8784307338063893,51950374.05
20091014,3692.648,3668.372,3729.942,3667.506,52256030.0,0.661764946412204,51773917.25
20091015,3704.404,3711.101,3733.276,3677.135,44252953.0,-0.18045857550091243,51192606.85
20091016,3716.897,3712.918,3725.321,3654.696,42916352.0,0.10716638503731606,50878773.3
20091019,3808.181,3719.532,3808.181,3714.485,56594402.0,2.3833374736391537,51032379.05
20091020,3865.832,3827.626,3865.832,3811.786,67725086.0,0.9981643974620215,50918812.75
20091021,3839.947,3859.512,3887.889,3836.876,65471956.0,-0.5069293734544692,50624265.1
20091022,3855.768,3827.181,3880.294,3815.166,56752283.0,0.7469466429729869,49850007.3
20091023,3908.435,3858.449,3926.192,3858.449,69440068.0,1.295494640463043,49438846.95
20091026,3911.653,3914.608,3925.422,3869.149,58061835.0,-0.07548648549229915,48316144.8
20091027,3807.976,3884.564,3887.437,3807.976,57622839.0,-1.9715983569842006,48142565.75
20091028,3846.415,3794.993,3846.415,3763.173,50009616.0,1.354995911718415,47783397.7
20091029,3777.505,3786.725,3814.915,3761.785,47908871.0,-0.2434821646673524,47682087.8
20091030,3827.683,3823.8,3872.23,3799.662,51748368.0,0.10154819812751219,48063595.0
20091102,3955.783,3754.943,3955.783,3738.696,65950702.0,5.348683055907897,49703555.0
20091103,4053.212,3970.452,4053.212,3967.003,82590018.0,2.084397443918218,52218671.3
20091104,4083.482,4057.024,4091.993,4040.324,77912158.0,0.6521529081415364,54482317.9
20091105,4125.781,4082.874,4134.847,4068.94,70886945.0,1.050901889208439,56583470.4
20091106,4145.137,4147.832,4175.5,4130.69,83945695.0,-0.06497370192429727,58958908.6
20091109,4176.188,4148.431,4176.433,4120.391,68324554.0,0.6690963402790241,60415150.95
20091110,4182.77,4193.656,4211.148,4176.131,69802584.0,-0.25958256948112846,62008665.75
20091111,4199.549,4172.664,4209.253,4149.287,62783803.0,0.6443126022128842,62535054.4
20091112,4213.245,4203.618,4251.611,4197.697,66825437.0,0.22901700392375085,63663678.6
20091113,4267.008,4200.666,4267.008,4166.142,63309285.0,1.579320993385326,64683325.25
20091116,4364.973,4295.723,4366.852,4295.723,88374848.0,1.6120685621489095,66272347.55
20091117,4387.552,4381.99,4400.394,4341.778,78861378.0,0.12692863288140543,66829162.15
20091118,4406.779,4386.132,4413.624,4363.882,77771461.0,0.47073366693024393,67444137.4
20091119,4476.138,4412.098,4476.138,4400.753,86056225.0,1.451463680090514,68909334.5
20091120,4508.293,4462.577,4541.274,4443.135,88271203.0,1.0244305028238043,69850891.25
20091123,4591.339,4516.278,4592.007,4513.561,82837180.0,1.6620101774071412,71089658.5
20091124,4347.657,4607.034,4611.888,4328.436,116086824.0,-5.630021397714875,74012857.75
20091125,4512.08,4333.701,4512.677,4317.849,87596047.0,4.116089227198644,75892179.3
20091126,4328.408,4519.132,4541.945,4304.153,103729262.0,-4.2203679821700115,78683198.85
20091127,4215.338,4262.567,4355.231,4187.585,70829628.0,-1.1079943142242754,79637261.85
20091130,4405.328,4251.955,4405.693,4251.955,62939505.0,3.6071171966777755,79486702.0
20091201,4525.288,4405.731,4525.649,4386.826,76089665.0,2.713669990292185,79161684.35
20091202,4591.384,4547.98,4605.878,4534.45,87627876.0,0.9543577588292045,79647470.25
20091203,4621.941,4582.261,4625.636,4555.473,79041822.0,0.8659480549012676,80055214.1
20091204,4506.082,4614.683,4651.148,4403.136,93985357.0,-2.353379419561423,80557197.2
20091207,4581.242,4508.626,4581.578,4503.494,60493098.0,1.6106015446834574,80165624.4
20091208,4571.764,4584.16,4598.095,4520.924,66403637.0,-0.27040940979371864,79995677.05
20091209,4498.152,4524.624,4566.237,4474.096,55351671.0,-0.5850651899472697,79624070.45
20091210,4536.557,4517.704,4553.819,4485.821,45417818.0,0.41731375052460423,78553689.5
20091211,4534.763,4546.61,4576.217,4517.528,47113646.0,-0.26056776367446854,77743907.55
20091214,4513.594,4533.364,4533.797,4417.726,46093144.0,-0.4360999910882852,75629822.35
20091215,4523.493,4507.158,4545.354,4492.24,46581034.0,0.3624235050113627,74015805.15
20091216,4506.039,4509.822,4543.097,4491.02,43417892.0,-0.08388357677975664,72298126.7
20091217,4364.926,4506.367,4518.944,4362.838,44927096.0,-3.138692432285249,70241670.25
20091218,4203.48,4318.065,4318.987,4194.965,42987152.0,-2.6536191558024265,67977467.7
20091221,4256.389,4195.117,4257.017,4185.109,32099719.0,1.4605552121669056,65440594.65
20091222,4136.822,4260.744,4263.337,4124.08,36848967.0,-2.9084591798990878,61478701.8
20091223,4210.173,4132.155,4210.665,4129.892,32888848.0,1.8880705104237387,58743341.85
20091224,4345.296,4213.821,4350.525,4209.975,44360080.0,3.1200898187179846,55774882.75
20091225,4376.193,4342.35,4398.458,4324.855,42724540.0,0.7793706172924764,54369628.35
20091228,4447.205,4388.778,4447.757,4388.274,43749736.0,1.331281737194264,53410139.9
20091229,4463.604,4451.928,4465.461,4393.902,45272145.0,0.2622683924807496,51869263.9
20091230,4446.067,4459.723,4470.308,4408.384,48089604.0,-0.30620735861846016,49892350.3
20091231,4485.255,4444.248,4487.451,4432.289,45292800.0,0.9226982832641321,48204899.2
20100104,4510.527,4508.93,4542.71,4487.365,51256734.0,0.03541860263964516,46068468.05
20100105,4557.475,4513.403,4558.21,4480.188,57040745.0,0.9764694178649705,45895850.4
20100106,4550.279,4553.369,4595.102,4538.719,57875979.0,-0.06786184032085334,45469467.5
20100107,4459.155,4540.009,4554.932,4436.767,57873440.0,-1.780921579670883,45595555.95
20100108,4514.452,4439.206,4514.719,4426.235,46573646.0,1.6950328504692076,45653347.35
20100111,4542.949,4549.318,4558.461,4502.994,57089732.0,-0.13999900644449556,46152151.65
20100112,4639.632,4535.304,4640.353,4524.675,62061689.0,2.300352964211429,46950578.9
20100113,4591.024,4544.429,4650.059,4526.838,67898807.0,1.0253213329991568,48016467.55
20100114,4714.1,4598.405,4714.873,4598.405,67918483.0,2.5159810847457025,49241497.1
20100115,4747.648,4720.217,4753.189,4712.624,58513372.0,0.5811385366393218,49920810.9
20100118,4829.062,4744.325,4829.361,4738.911,63284357.0,1.7860707266049456,50935671.15
20100119,4830.016,4835.827,4852.325,4791.99,66154944.0,-0.12016558905024112,52638432.4
20100120,4651.074,4830.421,4831.701,4635.669,78086537.0,-3.7128647792811567,54700310.9
20100121,4667.209,4646.622,4696.161,4611.76,50936676.0,0.44305303939075596,55602702.3
20100122,4537.88,4613.193,4633.394,4453.69,60187183.0,-1.6325568863041304,56394057.45
20100125,4481.16,4515.131,4542.786,4477.187,41395083.0,-0.7523812708867241,56327584.6
20100126,4294.383,4467.521,4492.645,4254.323,41520282.0,-3.875482622241729,56216111.9
20100127,4267.113,4290.736,4344.132,4229.517,32924152.0,-0.5505582259080865,55598712.25
20100128,4336.381,4266.056,4340.409,4249.771,32127330.0,1.648478125931791,54800598.55
20100129,4374.649,4316.237,4418.402,4298.654,39888065.0,1.353308449003154,54530361.8
20100201,4331.366,4366.489,4372.572,4269.33,43095029.0,-0.8043762391248346,54122276.55
20100202,4301.768,4344.037,4388.351,4296.883,38532505.0,-0.9730349902636702,53196864.55
20100203,4363.079,4299.966,4363.668,4160.352,48526679.0,1.4677557915574069,52729399.55
20100204,4408.441,4342.68,4445.754,4316.813,51873782.0,1.5142953199406706,52429416.65
20100205,4311.293,4312.549,4382.344,4270.71,49670405.0,-0.02912430676150724,52584254.6
20100208,4310.894,4299.251,4330.204,4279.662,31946076.0,0.2708146139874138,51327071.8
20100209,4311.891,4300.32,4334.343,4284.517,29896579.0,0.2690729992186608,49718816.3
20100210,4366.25,4333.854,4366.495,4326.019,25897196.0,0.7475101837763738,47618735.75
20100211,4356.517,4367.721,4385.197,4352.114,24485410.0,-0.256518216250528,45447082.1
20100212,4416.219,4365.619,4418.539,4365.477,24511379.0,1.1590567110872563,43746982.45
20100222,4419.547,4412.553,4457.223,4401.057,31469426.0,0.15850234546757141,42156235.9
20100223,4459.155,4414.055,4459.726,4352.442,38842110.0,1.0217362493217563,40790594.2
20100224,4556.281,4438.395,4556.723,4419.452,48024568.0,2.656050216350719,39287495.75
20100225,4629.965,4565.744,4632.97,4564.024,55519410.0,1.4065834615344281,39516632.45
20100226,4634.671,4618.639,4656.927,4602.016,49530522.0,0.34711524325672893,38983799.4
20100301,4686.266,4635.953,4692.833,4635.953,53862437.0,1.0852784745660533,39607167.1
20100302,4690.293,4692.606,4705.16,4660.166,56628861.0,-0.049290309052157845,40362596.05
20100303,4758.434,4690.436,4761.577,4680.311,63573551.0,1.4497159752313111,41895066.0
20100304,4586.523,4763.637,4780.016,4572.07,68470706.0,-3.7180414880478843,43712234.8
20100305,4604.586,4590.886,4632.04,4550.096,52371476.0,0.29841734253474855,44336405.35
20100308,4654.583,4618.857,4665.061,4612.218,45039469.0,0.7734814045985762,44433627.35
20100309,4660.126,4653.062,4674.509,4607.864,47214429.0,0.15181400978539092,44867723.55
20100310,4598.994,4659.5,4674.064,4564.431,44799559.0,-1.2985513467110272,44681367.55
20100311,4562.872,4594.501,4608.643,4519.026,37561118.0,-0.6884099056676646,43965734.35
20100312,4492.861,4561.609,4575.996,4489.534,35400212.0,-1.5070997974618277,43252224.7
20100315,4454.76,4485.875,4498.103,4426.189,29928780.0,-0.6936216457212869,43151359.9
20100316,4491.465,4453.812,4492.04,4426.607,27664476.0,0.8454106280193292,43039754.75
20100317,4616.053,4500.427,4616.109,4500.255,44369453.0,2.569222875962663,43963367.6
20100318,4630.953,4627.998,4653.681,4605.912,49791347.0,0.06385050296047745,45228664.45
20100319,4663.903,4632.05,4665.909,4609.013,46415546.0,0.687665288587128,46323872.8
20100322,4690.198,4669.413,4695.082,4649.531,47200320.0,0.4451308976096303,47110417.5
20100323,4658.626,4690.273,4697.727,4642.975,47048667.0,-0.6747368436762622,47520745.35
20100324,4683.065,4662.987,4692.318,4662.536,47442767.0,0.43058237134265054,47491655.3
20100325,4620.749,4675.222,4675.222,4609.165,48954116.0,-1.165142532269055,47163390.6
20100326,4686.931,4609.752,4693.762,4601.691,45219282.0,1.6742549273800231,46947828.6
20100329,4723.611,4701.789,4723.745,4682.409,50283238.0,0.4641212100330346,46768868.65
20100330,4744.423,4720.577,4748.908,4708.428,47343723.0,0.5051501119460513,46304611.75
20100331,4756.157,4744.344,4757.316,4726.518,49108276.0,0.24899121986095657,45581348.0
20100401,4827.214,4756.298,4828.103,4755.933,61878857.0,1.490991523239296,45251755.55
20100402,4843.175,4833.81,4851.938,4820.065,59431946.0,0.19373951396516995,45604779.05
20100406,4852.904,4853.328,4862.168,4814.252,57397050.0,-0.008736273336563655,46222658.1
20100407,4863.639,4851.831,4865.753,4829.017,53289186.0,0.24337203830883625,46526395.95
20100408,4864.922,4856.411,4881.907,4845.605,57175510.0,0.17525287707320308,47145193.5
20100409,4939.176,4866.519,4939.408,4866.243,58419225.0,1.4929973560156684,48188098.85
20100412,4976.38,4948.103,4976.832,4932.626,72281718.0,0.5714715316152481,50032174.15
20100413,4919.873,4977.757,4993.367,4793.284,73469443.0,-1.1628530681590126,52209207.3
20100414,4977.508,4910.701,4978.269,4896.573,56202291.0,1.3604371351462812,53636098.05
20100415,4914.747,4975.078,4984.356,4879.912,54251123.0,-1.212664404457581,54130181.55
20100416,4898.67,4900.6,4936.876,4852.407,43045737.0,-0.03938293270212404,53792901.05
20100419,4688.836,4850.863,4880.535,4688.12,58277447.0,-3.340168543205612,54385996.1
20100420,4749.934,4680.197,4750.489,4607.2,52719073.0,1.4900441156643636,54661933.75
20100421,4893.978,4753.118,4896.661,4747.387,63953385.0,2.9635283618037604,55507169.65
20100422,4902.405,4881.255,4950.494,4849.557,65995208.0,0.43329020917775524,56434791.7
20100423,4864.164,4892.037,4936.731,4840.168,55763900.0,-0.5697626571508044,56775280.9
20100426,4866.553,4868.725,4904.97,4847.913,48510450.0,-0.04461126886403483,56939839.3
20100427,4739.269,4852.193,4852.193,4645.159,53715867.0,-2.327277583558609,57111470.75
20100428,4714.432,4682.326,4767.801,4652.872,44319858.0,0.6856848497947339,56960277.5
20100429,4561.4,4730.49,4758.76,4560.131,48293400.0,-3.5744711435813237,56919533.7
20100430,4438.681,4540.652,4547.479,4350.147,43819654.0,-2.24573475351118,56016573.55
20100504,4434.131,4353.452,4484.46,4324.504,31837592.0,1.853219008731464,54636855.85
20100505,4564.807,4388.503,4565.239,4377.384,43298498.0,4.017406391199917,53931928.25
20100506,4419.781,4557.446,4583.184,4418.739,44983501.0,-3.0206611334506204,53516644.0
20100507,4350.758,4313.653,4443.534,4285.466,42211550.0,0.8601758184999944,52768446.0
20100510,4269.108,4346.702,4391.034,4175.665,40192159.0,-1.785123525836371,51857092.7
20100511,4144.352,4350.771,4366.687,4134.601,40025811.0,-4.7444234596580666,50244297.35
20100512,4042.516,4100.604,4154.475,3979.128,36571835.0,-1.4165718025929883,48399416.95
20100513,4157.842,4042.315,4158.347,3974.102,36516862.0,2.8579415508192603,47415145.5
20100514,4184.841,4129.892,4217.607,4107.176,36942440.0,1.3305190547355845,46549711.35
20100517,3915.752,4125.661,4132.379,3915.752,37603132.0,-5.087887734838129,46277581.1
20100518,3972.154,3894.094,3983.876,3818.29,37712984.0,2.0045741063261424,45249357.95
20100519,3977.377,3946.148,4037.847,3908.64,34960518.0,0.7913793400551579,44361430.2
20100520,3901.257,3941.61,4025.803,3890.352,33434323.0,-1.0237694749100004,42835477.1
20100521,3982.385,3787.15,3982.412,3768.097,40230813.0,5.155195859683406,41547257.35
20100524,4163.477,4016.351,4170.729,4016.351,54419277.0,3.6631758529072718,41480026.2
20100525,4133.346,4134.931,4177.786,4087.096,47451018.0,-0.0383319576554007,41427054.6
20100526,4144.662,4117.49,4165.29,4097.242,34229709.0,0.6599165996760279,40452746.7
20100527,4218.637,4133.325,4228.444,4083.622,43652360.0,2.06400416129871,40419371.8
20100528,4235.322,4254.849,4270.167,4203.488,45314112.0,-0.45893520545617583,40270407.4
20100531,4104.364,4214.623,4259.164,4104.364,41408221.0,-2.616105877085567,40149835.75
20100601,4025.789,4059.415,4091.441,3933.393,38746191.0,-0.828345956252311,40495265.7
20100602,4083.616,4004.128,4084.048,3960.335,32708799.0,1.9851513238337992,39965780.75
20100603,4053.985,4099.855,4146.656,4053.546,37543527.0,-1.1188200558312291,39593782.05
20100604,4089.035,4025.277,4095.486,4013.969,31415125.0,1.583940682839959,39053960.8
20100607,4072.568,4000.65,4082.379,3985.146,34970362.0,1.7976578805944066,38792870.95
20100608,4109.317,4064.784,4122.39,4047.819,34239596.0,1.0955809706001574,38503560.2
20100609,4211.881,4124.807,4212.175,4110.434,47558272.0,2.1109836169304534,39052882.05
20100610,4223.566,4191.293,4261.161,4176.428,41886171.0,0.7700010474094782,39321347.5
20100611,4197.995,4239.059,4252.102,4193.082,34418006.0,-0.9687055546997648,39195125.8
20100617,4145.243,4221.599,4237.101,4144.069,28998362.0,-1.8086985523731594,38764887.3
20100618,3972.286,4131.677,4131.677,3945.727,35042623.0,-3.8577797828823415,38631369.25
20100621,4087.017,3960.25,4087.447,3924.415,35086242.0,3.200984786313991,38637655.45
20100622,4119.722,4081.642,4136.592,4069.225,34616538.0,0.9329578635264908,38696766.2
20100623,4094.568,4098.259,4138.777,4039.925,31267977.0,-0.0900626339135668,38248624.4
20100624,4095.295,4090.974,4120.84,4070.488,24970787.0,0.10562276856318109,36776199.9
20100625,4028.433,4079.192,4080.023,3992.374,25801715.0,-1.244339565286459,35693734.75
20100628,3961.382,4023.107,4036.429,3944.47,21119469.0,-1.5342619522672378,35038222.75
20100629,3736.982,3960.676,3973.927,3735.119,33575643.0,-5.647874251769141,34534386.9
20100630,3664.464,3699.181,3701.331,3620.274,25537340.0,-0.9385050366554136,33545548.3
20100701,3606.593,3657.956,3692.903,3604.357,22463470.0,-1.404144828423313,32598310.75
20100702,3585.576,3600.76,3609.002,3430.361,30876868.0,-0.4216887545962574,32204844.6
20100705,3563.882,3535.741,3586.578,3498.903,22484253.0,0.7959010572324182,31693617.3
20100706,3665.334,3556.19,3665.379,3554.071,29592012.0,3.0691273525880165,31296041.55
20100707,3718.662,3672.15,3718.931,3656.298,28947693.0,1.2666149258608639,31172669.95
20100708,3698.342,3729.238,3736.51,3663.731,27792471.0,-0.8284802418081048,30813775.4
20100709,3807.604,3699.313,3817.669,3677.338,40733295.0,2.9273273172613323,31138460.35
20100712,3849.52,3809.747,3866.782,3799.429,40014436.0,1.0439800858167259,30761268.55
20100713,3788.751,3816.463,3816.463,3747.396,34445295.0,-0.7261173500175421,30389224.75
20100714,3824.046,3795.211,3862.386,3795.176,35409659.0,0.7597733037767871,30438807.4
20100715,3735.395,3817.178,3850.196,3735.285,32710612.0,-2.1424989874718943,30624419.9
20100716,3757.432,3713.659,3764.835,3672.02,27987211.0,1.1787027295720927,30271649.3
20100719,3842.313,3718.13,3848.631,3701.931,35074236.0,3.3399316322990322,30271049.0
20100720,3951.358,3849.042,3951.542,3848.741,52683504.0,2.6582198895205678,31174397.3
20100721,3959.427,3953.773,4001.427,3937.484,52042488.0,0.14300264582716296,32213122.85
20100722,4017.864,3947.994,4018.056,3940.463,46178883.0,1.769759528509919,33273527.65
20100723,4015.467,4020.914,4028.513,3965.704,44710462.0,-0.1354667122947697,34218965.0
20100726,4071.094,4023.064,4071.47,4011.746,43857872.0,1.1938661676771785,35355885.15
20100727,4068.864,4062.251,4091.312,4041.898,41066283.0,0.1627915163292428,35730417.15
20100728,4162.321,4061.019,4162.66,4050.187,57902007.0,2.4944970708090786,37348650.5
20100729,4194.04,4170.762,4196.026,4139.942,62749036.0,0.5581234316415141,39362928.8
20100730,4191.13,4181.218,4203.643,4137.235,47298289.0,0.23706011023582751,40183999.85
20100802,4267.895,4192.66,4268.395,4192.523,54273135.0,1.7944455309994272,41773443.95
20100803,4193.641,4277.27,4289.459,4193.298,59405904.0,-1.95519572063491,43264138.55
20100804,4248.014,4178.191,4248.234,4137.646,54686762.0,1.6711299220164975,44551092.0
20100805,4267.955,4247.05,4306.648,4231.469,58414578.0,0.49222401431581314,46082197.35
20100806,4356.012,4260.63,4356.213,4228.669,63696275.0,2.238683011667279,47230346.35
20100809,4413.568,4357.182,4414.526,4352.923,59991104.0,1.294093292407809,48229179.75
20100810,4246.46,4412.268,4417.203,4246.46,62485512.0,-3.757885967035547,49631190.6
20100811,4297.904,4230.353,4309.788,4230.353,42638846.0,1.5968170977693916,49992649.95
20100812,4241.592,4248.984,4317.946,4228.531,45326653.0,-0.1739710010675666,50623452.0
20100813,4323.052,4240.495,4323.248,4212.205,41849585.0,1.9468717685081527,51316570.7
20100816,4423.315,4322.02,4429.902,4315.022,56252593.0,2.3436957718844234,52375488.55
20100817,4457.759,4436.376,4470.457,4414.214,56911702.0,0.4819925092011996,52586898.45
20100818,4457.127,4462.578,4475.923,4409.594,56897208.0,-0.12214912546066468,52829634.45
20100819,4461.488,4456.274,4491.738,4423.987,59312862.0,0.11700357742813708,53486333.4
20100820,4366.604,4442.693,4444.851,4350.155,58298747.0,-1.7126774233556075,54165747.65
20100823,4404.718,4363.169,4416.826,4362.72,48536656.0,0.9522665750512983,54399686.85
20100824,4456.497,4401.523,4476.262,4370.569,54699663.0,1.2489767746300577,55081355.85
20100825,4368.304,4428.36,4457.837,4364.061,54285398.0,-1.3561679718902617,54900525.4
20100826,4399.284,4376.923,4415.836,4355.032,42401538.0,0.5108840160085036,53883150.5
20100827,4431.444,4393.99,4437.794,4375.391,36949889.0,0.8523915621109888,53365730.5
20100830,4553.023,4453.05,4553.398,4453.05,55412906.0,2.2450455305913914,53422719.05
20100831,4589.289,4541.767,4605.176,4529.735,59063491.0,1.046332847986256,53405598.4
20100901,4530.229,4595.208,4613.088,4473.568,64648953.0,-1.4140600381962984,53903707.95
20100902,4625.395,4562.431,4631.0,4545.787,65126400.0,1.3800537476621753,54239299.05
20100903,4662.96,4632.26,4671.343,4596.122,67592641.0,0.6627434556782179,54434117.35
20100906,4651.963,4682.262,4692.106,4616.069,64243959.0,-0.6471017640618996,54646760.1
20100907,4679.942,4650.949,4680.332,4613.393,54167865.0,0.6233781535768377,54230877.75
20100908,4720.375,4660.898,4723.833,4644.349,55226504.0,1.276084565678113,54860260.65
20100909,4658.009,4730.861,4746.029,4649.038,70247230.0,-1.5399311034502994,56106289.5
20100910,4705.31,4655.704,4712.56,4593.45,62314076.0,1.0654886994534163,57129514.05
20100913,4789.693,4713.062,4791.48,4707.358,62354602.0,1.6259281121275366,57434614.5
20100914,4805.416,4796.464,4821.55,4770.364,61049814.0,0.18663748961735616,57641520.1
20100915,4730.143,4802.611,4802.611,4712.529,60256287.0,-1.508929205384318,57809474.05
20100916,4610.916,4721.555,4739.427,4558.399,56016231.0,-2.343274620331652,57644642.5
20100917,4603.489,4616.572,4646.197,4575.79,42085317.0,-0.2833920926609731,56833971.0
20100920,4553.12,4608.853,4622.512,4531.484,38806392.0,-1.2092596574462273,56347457.8
20100921,4546.724,4561.669,4576.037,4516.613,28514132.0,-0.32762131579471704,55038181.25
20100927,4673.602,4570.608,4673.762,4570.608,36480284.0,2.2533982349831727,54147925.55
20100928,4654.345,4672.15,4695.04,4643.173,41678014.0,-0.3810879359609469,54111749.35
20100929,4590.317,4648.162,4659.562,4577.403,39953484.0,-1.2444703949647247,54261929.1
20100930,4660.605,4564.812,4660.605,4553.959,35289019.0,2.0985092047602327,53255734.75
20101008,4767.967,4696.379,4787.448,4691.637,51551489.0,1.5243233137700287,52880134.65
20101011,4789.155,4784.653,4825.355,4746.544,76595412.0,0.09409250785792611,53477457.6
20101012,4806.029,4772.91,4808.126,4748.743,67833440.0,0.6938953384832439,53612809.6
20101013,4836.737,4808.389,4838.859,4765.944,77370404.0,0.5895529667004885,54101697.75
20101014,4679.548,4842.689,4848.857,4675.383,75713462.0,-3.3688101796336816,54675172.9
20101015,4691.45,4654.273,4719.928,4638.239,71827387.0,0.7987713655816855,55558149.0
20101018,4636.639,4699.028,4701.156,4545.066,83674560.0,-1.32770011159755,56980551.8
20101019,4778.607,4637.959,4779.113,4637.05,65163143.0,3.032540822374673,56726347.45
20101020,4794.194,4682.654,4828.9,4661.194,76638057.0,2.3819825252944153,57442546.5
20101021,4833.8,4805.704,4844.54,4771.607,67899414.0,0.5846385878114936,57719787.1
20101022,4877.927,4837.328,4892.619,4826.825,66071922.0,0.8392856552212139,57970892.5
20101025,4998.5,4894.852,4998.892,4894.806,81029247.0,2.1174899670102416,59009540.5
20101026,5046.148,5010.024,5046.65,4983.839,89138490.0,0.7210344700943507,60665653.45
20101027,4994.774,5046.211,5088.85,4976.714,80491678.0,-1.0193192476493729,62585971.5
20101028,4999.59,4978.536,5020.066,4952.708,61781621.0,0.4228954053962869,63734732.95
20101029,5055.492,5005.657,5068.704,4992.81,65471877.0,0.995573608019887,65582620.2
20101101,5199.525,5072.758,5199.812,5072.758,85238377.0,2.4989759022606606,68020524.85
20101102,5173.066,5211.466,5272.446,5171.501,96864368.0,-0.7368368132882483,70779842.55
20101103,5098.539,5165.912,5197.959,5096.457,76317124.0,-1.3041840433983485,72598024.55
20101104,5228.296,5104.775,5228.924,5104.775,76126009.0,2.419714874798608,74639874.05
20101105,5311.77,5274.568,5313.483,5244.377,89504908.0,0.7053089466284296,76537545.0
20101108,5431.091,5338.512,5431.394,5330.514,95076487.0,1.734172368630072,77461598.75
20101109,5467.839,5435.364,5468.36,5398.702,92700581.0,0.5974760843984022,78704955.8
20101110,5484.742,5459.4,5504.881,5432.626,88592641.0,0.4641902040517375,79266067.65
20101111,5440.099,5462.758,5581.354,5440.099,98773284.0,-0.4147904776305238,80419058.75
20101112,5111.189,5411.866,5445.708,5094.799,105143255.0,-5.5558840518224155,82084852.15
20101115,5255.267,5117.16,5255.852,5083.851,67850335.0,2.6988993895051157,81293640.9
20101116,5068.465,5259.513,5288.967,5017.246,78362153.0,-3.632427565061628,81953591.4
20101117,4855.85,4989.798,5039.089,4830.509,54307890.0,-2.684437325919795,80837083.05
20101118,4932.401,4885.909,4941.199,4814.422,42024505.0,0.9515527202819412,79543337.6
20101119,5081.03,4959.062,5081.03,4919.28,54210574.0,2.459497380754664,78950270.2
20101122,5150.665,5049.463,5190.605,5036.316,60867651.0,2.004213121276465,77942190.4
20101123,5063.237,5129.372,5129.372,4970.488,53772275.0,-1.28933912377578,76173879.65
20101124,5206.149,5022.128,5206.422,5017.934,54086198.0,3.664203700104829,74853605.65
20101125,5259.81,5228.268,5278.319,5226.983,60786557.0,0.603297306105968,74803852.45
20101126,5227.648,5255.255,5256.399,5169.034,54072353.0,-0.525321796944201,74233876.25
20101129,5248.747,5214.449,5273.791,5180.657,50070999.0,0.6577492655504098,72475507.35
20101130,5110.875,5238.5,5257.098,4960.708,64600123.0,-2.436289014030734,70862295.1
20101201,5116.837,5090.402,5139.96,5071.354,40821237.0,0.5193106556220982,69087500.75
20101202,5138.487,5175.258,5192.633,5135.673,47746715.0,-0.7105153018458158,67668536.05
20101203,5100.366,5135.826,5145.805,5052.433,37637974.0,-0.6904439519563169,65075189.35
20101206,5016.528,5103.86,5114.069,4989.281,34135678.0,-1.7110970912211432,62028148.9
20101207,5084.583,4999.589,5088.755,4931.88,33681596.0,1.7000197416227552,59077199.65
20101208,5069.97,5077.549,5133.247,5059.584,33016178.0,-0.14926493077663502,56298376.5
20101209,4964.901,5047.044,5047.044,4964.253,35036069.0,-1.627546738249162,53111515.75
20101210,5039.165,4944.929,5045.95,4935.281,30412527.0,1.9057098696462553,49374979.35
20101213,5179.021,5063.009,5179.518,5063.009,45563549.0,2.2913646805684076,48260640.05
20101214,5244.038,5194.939,5244.531,5181.198,49363283.0,0.9451314057778012,46810696.55
20101215,5230.68,5244.803,5276.137,5211.7,46795723.0,-0.269276081484845,46435088.2
20101216,5216.851,5219.084,5250.386,5200.879,35520439.0,-0.04278528569381475,46109884.9
20101217,5228.337,5212.136,5230.33,5187.398,30412144.0,0.31083225763871125,44919963.4
20101220,5163.529,5246.417,5264.206,5043.659,45587756.0,-1.5798972899028023,44155968.65
20101221,5222.792,5166.336,5223.395,5123.268,40388406.0,1.0927667112630717,43486775.2
20101222,5174.539,5225.766,5226.18,5157.318,40779135.0,-0.980277341159169,42821422.05
20101223,5069.523,5161.257,5170.18,5060.526,34608134.0,-1.7773577250658024,41512500.9
20101224,4991.544,5046.942,5046.942,4947.222,30950786.0,-1.097654777883323,40356422.55
20101227,4849.63,4993.383,5048.595,4832.529,34155338.0,-2.8788698964209174,39560639.5
20101228,4730.497,4820.824,4827.345,4700.561,29554248.0,-1.8736838349626397,37808345.75
20101229,4812.532,4730.63,4813.242,4723.291,21476837.0,1.731312742700233,36841125.75
20101230,4828.489,4810.442,4846.653,4777.84,23532241.0,0.3751630307568321,35630402.05
20101231,4936.716,4833.887,4936.716,4833.887,27654614.0,2.127252871240073,35131234.05
20110104,5011.498,4964.214,5012.057,4938.942,36995644.0,0.9524972130532577,35274232.35
20110105,5028.766,4989.105,5038.872,4964.866,34752218.0,0.7949522008456439,35327763.45
20110106,5001.283,5026.331,5047.259,4992.165,31238743.0,-0.49833566472243424,35238891.7
20110107,4975.144,4990.698,5028.274,4945.784,34996233.0,-0.3116598119140867,35236899.9
20110110,4830.562,4966.563,4970.422,4816.581,31137862.0,-2.7383323235807175,35273166.65
20110111,4804.822,4811.16,4815.497,4747.492,27506089.0,-0.13173538190373504,34370293.65
20110112,4833.58,4813.485,4846.947,4764.469,26914398.0,0.4174729951376239,33247849.4
20110113,4826.757,4851.682,4859.531,4810.905,25443773.0,-0.5137393588450394,32180251.9
20110114,4723.426,4816.662,4816.662,4719.152,27811774.0,-1.9356973771462453,31794818.65
20110117,4519.913,4690.877,4691.571,4507.571,30677510.0,-3.644606328411528,31808086.95
20110118,4536.964,4502.064,4550.287,4483.502,19442866.0,0.7751999971568515,30500842.45
20110119,4646.087,4538.986,4646.088,4530.607,24360938.0,2.359579870922725,29699469.05
20110120,4477.359,4637.773,4637.773,4476.561,28652463.0,-3.458858378795162,29093135.45
20110121,4506.322,4459.988,4549.586,4445.23,27095042.0,1.0388817189642625,28717480.85
20110124,4398.495,4506.61,4521.13,4397.017,25220682.0,-2.3990316446286633,28430975.65
20110125,4341.909,4390.157,4392.215,4307.907,21336169.0,-1.0990039763953887,27790017.2
20110126,4424.892,4339.862,4426.247,4339.862,19743124.0,1.9592788895130708,27299461.0
20110127,4502.808,4397.929,4514.428,4369.867,27964817.0,2.3847360882815503,27623860.0
20110128,4548.206,4497.829,4559.362,4493.837,25817665.0,1.1200292407737245,27738131.2
20110131,4610.86,4544.334,4611.0,4536.187,26406322.0,1.4639328887357277,27675716.6
20110201,4630.58,4612.399,4638.606,4604.912,23946695.0,0.3941766529738555,27023269.15
20110209,4609.717,4597.537,4654.589,4584.899,27542085.0,0.2649244584654649,26662762.5
20110210,4733.973,4604.844,4734.056,4602.333,34578250.0,2.804199230201933,26829737.85
20110211,4786.806,4736.272,4803.099,4729.387,39915983.0,1.0669573031278534,27075725.35
20110214,4872.495,4792.853,4884.993,4792.853,47815133.0,1.6616825093529848,27909588.9
20110215,4869.687,4878.681,4932.331,4862.772,51557041.0,-0.1843531069155718,29112136.5
20110216,4952.667,4860.888,4952.946,4855.949,44671367.0,1.8881118017942493,29999984.95
20110217,4987.48,4962.125,4990.754,4917.952,50445327.0,0.5109706023125086,31250062.65
20110218,4941.432,4977.22,4984.182,4915.666,42906719.0,-0.7190359276865492,32004809.9
20110221,5042.967,4911.806,5043.248,4905.363,47370220.0,2.670321262688308,32839445.4
20110222,4909.745,5052.357,5058.747,4908.246,57381961.0,-2.8226825618221376,34736400.15
20110223,4979.057,4891.245,4983.233,4891.245,44830064.0,1.795289338399526,35759856.45
20110224,5027.731,4976.341,5033.104,4963.761,50090685.0,1.0326864658189505,36831767.55
20110225,5032.797,5019.504,5039.792,4964.35,44455450.0,0.26482696298279,37699787.95
20110228,5095.208,5040.223,5095.569,5007.648,51242787.0,1.0909239531663515,39000893.2
20110301,5122.441,5099.698,5143.77,5082.044,57798418.0,0.4459675847471651,40824005.65
20110302,5108.74,5099.475,5120.412,5024.864,53142790.0,0.18168536957234652,42493988.95
20110303,5009.047,5106.39,5124.61,5000.542,51710389.0,-1.9062977955072125,43681267.55
20110304,5067.621,5005.555,5067.917,4989.647,42559604.0,1.2399424239669687,44518364.5
20110307,5138.248,5085.455,5138.652,5085.455,57478588.0,1.0381175332393986,46071977.8
20110308,5165.735,5135.355,5166.36,5113.086,53140081.0,0.5915851971285356,47531647.1
20110309,5181.368,5168.132,5186.033,5147.866,51146197.0,0.2561080096251564,48711852.7
20110310,5143.413,5174.026,5174.026,5139.782,52319886.0,-0.5916669147004728,49598934.5
20110311,5139.746,5118.071,5200.699,5113.482,51719335.0,0.4234994004577151,50189102.1
20110314,5190.037,5127.142,5190.727,5111.01,53410133.0,1.226706808588497,50468852.1
20110315,5131.332,5178.085,5178.085,5016.883,63336064.0,-0.9029013621831179,51057803.25
20110316,5199.358,5122.271,5200.065,5119.192,55561319.0,1.5049379464694554,51602300.85
20110317,5104.134,5151.638,5185.415,5080.527,56740777.0,-0.9221144808699662,51917073.35
20110318,5126.934,5133.772,5160.803,5105.058,42676833.0,-0.13319640996911702,51905579.05
20110321,5086.108,5120.672,5130.928,5062.79,41919675.0,-0.6749895326238314,51633051.8
20110322,5085.812,5093.408,5102.431,5020.755,39106999.0,-0.14913393939775604,50719303.7
20110323,5155.337,5084.77,5155.585,5076.72,46373560.0,1.3878110514339883,50796478.5
20110324,5169.264,5159.198,5185.502,5149.663,48996692.0,0.19510784428121972,50741778.85
20110325,5212.345,5164.824,5218.064,5164.779,58577397.0,0.920089435767814,51447876.2
20110328,5199.552,5223.068,5231.728,5187.454,69123030.0,-0.4502334643163851,52341888.35
20110329,5111.153,5185.679,5191.536,5105.034,70333327.0,-1.4371502748241811,52968633.8
20110330,5064.545,5101.114,5117.221,5036.286,53628602.0,-0.7168826260303045,52992924.4
20110331,5000.402,5065.12,5079.233,4985.024,45793403.0,-1.277718987901567,52697075.1
20110401,5065.076,4999.764,5065.076,4991.794,39117302.0,1.3063016574382291,52524960.0
20110406,5057.84,5046.9,5070.336,5019.492,45714761.0,0.21676672809052114,51936768.65
20110407,5089.751,5056.088,5090.022,5045.186,44968886.0,0.6657914181873509,51528208.9
20110408,5148.799,5087.313,5149.053,5079.649,45371604.0,1.2086144493173483,51239479.25
20110411,5107.137,5157.067,5162.489,5102.709,52617550.0,-0.968185986336813,51254362.45
20110412,5114.459,5096.566,5139.03,5083.386,52714365.0,0.351079530805645,51304113.95
20110413,5165.207,5098.644,5165.492,5069.387,48871329.0,1.305503973213272,51077173.75
20110414,5150.869,5162.306,5175.238,5139.996,48913119.0,-0.22154827706842442,50356026.5
20110415,5162.415,5143.297,5162.415,5103.086,52794112.0,0.371707097606854,50217666.15
20110418,5178.894,5149.342,5179.447,5140.41,56460231.0,0.5738985680112253,50203638.85
20110419,5116.144,5149.656,5153.556,5095.604,64017974.0,-0.6507619149706255,51270695.9
20110420,5152.395,5116.111,5154.741,5116.111,50876715.0,0.709210570294518,51718547.9
20110421,5188.111,5169.623,5191.014,5159.96,53830707.0,0.35762762584428853,52454733.3
20110422,5165.123,5187.764,5193.214,5150.424,54987670.0,-0.4364308014011534,52885438.8
20110425,5054.768,5152.071,5152.071,5054.768,50114044.0,-1.8886191591691939,52941306.4
20110426,4970.572,5033.79,5047.339,4943.063,39257718.0,-1.2558728115396123,51975322.45
20110427,4913.497,4977.952,5003.858,4872.507,41128258.0,-1.294809592378551,50575583.85
20110428,4755.416,4920.935,4937.108,4752.406,40775602.0,-3.363568102403308,49097697.6
20110429,4836.866,4749.531,4837.004,4738.454,30110310.0,1.8388131375497927,47921783.0
20110503,4920.57,4836.86,4920.709,4816.023,35460535.0,1.7306682434471958,47405139.6
20110504,4814.781,4900.436,4900.436,4798.406,40627915.0,-1.7479056965543422,47480670.25
20110505,4827.212,4792.13,4842.37,4784.697,34700031.0,0.7320752984581039,46929933.75
20110506,4849.969,4787.522,4874.976,4764.837,36905771.0,1.3043699851405406,46526778.0
20110509,4889.92,4855.837,4897.756,4855.837,34562508.0,0.7018975307449493,45986323.2
20110510,4918.674,4893.953,4918.868,4871.446,35224545.0,0.5051335801549288,45116672.95
20110511,4929.488,4919.243,4949.018,4880.31,42374924.0,0.2082637511503272,44599700.9
20110512,4863.795,4896.335,4940.818,4863.122,47355573.0,-0.6645787104027802,44523913.1
20110513,4902.564,4860.034,4903.107,4817.829,42464083.0,0.8750967585823608,44201461.3
20110516,4900.706,4900.004,4931.125,4892.239,40995343.0,0.01432651891713202,43611522.85
20110517,4873.954,4892.293,4912.709,4823.065,46860595.0,-0.3748548993283915,43131541.05
20110518,4906.189,4859.321,4907.746,4850.45,36080751.0,0.964496891643923,41734679.9
20110519,4879.892,4912.813,4929.212,4875.803,34682656.0,-0.6701048869558087,40924976.95
20110520,4863.185,4875.08,4886.591,4837.978,30219964.0,-0.24399599596313348,39744439.8
20110523,4679.527,4853.899,4853.92,4677.455,42852622.0,-3.592410966936071,39137687.4
20110524,4672.076,4656.012,4676.835,4590.126,32871981.0,0.345016292913341,38275584.25
20110525,4618.748,4667.636,4689.694,4613.676,34181692.0,-1.0473824437038541,38021782.95
20110526,4572.942,4635.946,4662.29,4572.323,35701838.0,-1.3590322234124363,37750461.95
20110527,4428.894,4561.772,4567.228,4425.763,33902386.0,-2.9128593011662947,37406801.15
20110530,4345.048,4402.999,4427.001,4339.079,26592575.0,-1.316171091567362,37230914.4
20110531,4444.276,4347.99,4444.591,4339.625,26472384.0,2.2144945135568403,36781506.85
20110601,4490.892,4439.386,4494.0,4424.2,27467294.0,1.1602054878760126,36123475.8
20110602,4429.999,4434.863,4452.534,4363.895,30385988.0,-0.10967644321821188,35907773.65
20110603,4506.196,4425.488,4514.305,4424.198,26719691.0,1.8237084814149225,35398469.65
20110607,4547.303,4496.959,4548.218,4490.624,25352427.0,1.1195120969526307,34937965.6
20110608,4562.972,4542.698,4568.288,4486.645,29693704.0,0.44629865335532826,34661423.55
20110609,4456.73,4552.066,4553.712,4456.59,30127452.0,-2.0943457322455394,34049049.95
20110610,4469.049,4442.511,4469.578,4383.199,27162727.0,0.5973648686519754,33039407.65
20110613,4468.787,4439.868,4475.693,4408.064,22902974.0,0.6513481932345706,32061352.2
20110614,4540.939,4466.99,4546.73,4461.534,29955585.0,1.6554547917053883,31509364.3
20110615,4499.694,4531.363,4562.039,4498.778,29547811.0,-0.6988846402285552,30643725.1
20110616,4402.143,4461.257,4466.776,4396.206,27906069.0,-1.3250525580570585,30234991.0
20110617,4337.367,4392.983,4415.159,4332.487,22826897.0,-1.2660190125934925,29642203.05
20110620,4278.753,4325.604,4333.572,4251.108,21588505.0,-1.0831088560117976,29210630.1
20110621,4338.422,4286.358,4338.852,4269.924,24448657.0,1.2146442271037414,28290431.85
20110622,4321.219,4341.356,4350.921,4300.643,22280879.0,-0.463841251443091,27760876.75
20110623,4402.938,4307.814,4411.86,4276.729,29277376.0,2.208173333389041,27515660.95
20110624,4509.18,4390.09,4533.705,4381.799,45929284.0,2.712700650783928,28027033.25
20110627,4568.189,4511.764,4578.316,4510.722,39164604.0,1.2506194916223494,28290144.15
20110628,4574.477,4569.757,4582.624,4529.179,32310011.0,0.10328776781785673,28576015.95
20110629,4511.545,4570.843,4583.488,4511.281,33963702.0,-1.2973099272934945,28950581.85
20110630,4579.332,4506.748,4585.256,4506.738,32737950.0,1.6105626496090029,29214114.65
20110701,4604.746,4589.175,4635.248,4582.329,38820202.0,0.3392984577838046,29635825.35
20110704,4719.391,4617.952,4719.57,4617.952,50314794.0,2.196623091794791,30815580.5
20110705,4749.424,4722.327,4758.075,4711.168,46068509.0,0.5738060917848288,31851384.6
20110706,4760.917,4742.166,4763.24,4705.385,43304340.0,0.39541002993147445,32531916.4
20110707,4761.452,4757.074,4813.338,4742.37,48503158.0,0.09203136213564497,33450701.7
20110708,4756.614,4755.751,4769.55,4720.234,36410597.0,0.018146450476473102,33913095.2
20110711,4799.42,4741.98,4802.445,4728.494,37252194.0,1.2113083564249643,34630556.2
20110712,4731.118,4762.094,4771.59,4727.67,41420804.0,-0.6504701503162192,35203817.15
20110713,4825.419,4729.198,4825.504,4729.198,40235267.0,2.034615594441162,35738189.95
20110714,4866.165,4833.752,4866.241,4813.49,46130782.0,0.6705557091054641,36649425.6
20110715,4896.043,4853.755,4896.095,4842.785,47819304.0,0.871242986100443,37899045.95
20110718,4895.26,4902.222,4919.141,4876.484,48436666.0,-0.1420172321857218,39241454.0
20110719,4843.705,4871.677,4871.932,4822.447,41506074.0,-0.5741759973003085,40094324.85
20110720,4849.057,4864.276,4881.459,4801.611,39451114.0,-0.31287287152291626,40952836.6
20110721,4784.388,4846.336,4850.55,4782.397,38798971.0,-1.2782440177486727,41428916.35
20110722,4800.938,4791.455,4822.813,4781.41,33160577.0,0.19791482962899942,40790481.0
20110725,4613.73,4784.969,4784.969,4597.736,43504131.0,-3.578685671735814,41007457.35
20110726,4633.372,4604.987,4634.315,4576.932,28412606.0,0.6163969626841557,40812587.1
20110727,4710.379,4621.503,4716.304,4596.428,32212386.0,1.9230973127140716,40725021.3
20110728,4680.898,4670.916,4685.455,4633.672,31914051.0,0.213705405963198,40683826.35
20110729,4628.32,4678.778,4694.059,4611.901,29398571.0,-1.0784439868700872,40212744.8
20110801,4644.462,4622.697,4665.177,4607.555,24982782.0,0.4708290420073028,38946144.2
20110802,4610.783,4627.383,4627.383,4539.429,30586290.0,-0.358734083606208,38172033.25
20110803,4625.173,4565.755,4638.64,4551.48,27439077.0,1.301383889411492,37378770.1
20110804,4649.425,4631.416,4670.995,4631.283,25913441.0,0.3888443620698295,36249284.25
20110805,4559.018,4504.078,4589.082,4472.615,30731410.0,1.2197834939803351,35965324.9
20110808,4330.771,4494.38,4514.617,4242.869,41717504.0,-3.6403018881358578,36188590.4
20110809,4317.107,4199.126,4347.313,4113.01,38004498.0,2.809656104627481,36017775.1
20110810,4378.698,4389.153,4433.094,4372.641,38268544.0,-0.23820085560926962,35919438.95
20110811,4454.394,4283.237,4454.481,4270.616,37546218.0,3.995973139006787,35490210.75
20110812,4505.886,4483.849,4526.498,4480.118,40382795.0,0.491475069744772,35118385.3
20110815,4571.719,4514.646,4571.719,4509.628,36169185.0,1.2641744225350189,34505011.25
20110816,4533.321,4578.349,4587.138,4520.935,34803516.0,-0.9834986367356496,34169883.35
20110817,4513.485,4520.685,4543.879,4499.164,28101941.0,-0.15926789855963702,33602424.7
20110818,4436.101,4510.135,4516.036,4434.994,29525608.0,-1.6415029705319366,33138756.55
20110819,4395.019,4341.185,4395.602,4325.037,27429392.0,1.240076154321915,32852197.3
20110822,4363.959,4395.034,4435.302,4348.668,24476833.0,-0.7070480000837267,31900832.4
20110823,4434.922,4376.262,4435.208,4365.842,25595153.0,1.3404133481953289,31759959.75
20110824,4427.978,4453.427,4474.095,4420.293,27783947.0,-0.5714475616193915,31538537.8
20110825,4520.171,4432.405,4520.171,4421.598,34114121.0,1.9800988402458832,31648541.3
20110826,4530.423,4506.09,4541.465,4496.183,30709253.0,0.5400025299095143,31714075.4
20110829,4490.158,4509.894,4512.649,4481.293,30220343.0,-0.4376156069300049,31975953.45
20110830,4451.726,4511.253,4541.561,4450.728,31378152.0,-1.3195225362000325,32015546.55
20110831,4430.538,4449.678,4468.137,4386.63,24421284.0,-0.43014348453978757,31864656.9
20110901,4395.069,4435.333,4457.048,4379.095,22801094.0,-0.907801060258592,31709039.55
20110902,4344.977,4387.301,4399.85,4317.64,20968771.0,-0.9646933274010724,31220907.6
20110905,4238.069,4305.438,4305.438,4237.444,21013431.0,-1.564742077344969,30185703.95
20110906,4204.908,4205.087,4238.294,4185.796,17285960.0,-0.004256749028024563,29149777.05
20110907,4306.361,4221.987,4306.464,4219.85,23486428.0,1.9984429132538732,28410671.25
20110908,4260.155,4320.53,4328.205,4260.138,22323366.0,-1.397398004411496,27649528.65
20110909,4233.748,4256.48,4295.103,4216.421,18182359.0,-0.5340563094387845,26539506.85
20110913,4164.288,4176.302,4176.882,4136.969,18062307.0,-0.2876707671044892,25634162.95
20110914,4212.129,4176.037,4212.294,4111.119,19006269.0,0.864264373136532,24844300.6
20110915,4215.5,4215.371,4249.536,4206.876,20381224.0,0.003060228862415797,24458264.75
20110916,4214.816,4229.003,4249.175,4212.293,17654278.0,-0.3354691401259327,23864698.25
20110919,4131.885,4200.475,4200.475,4131.315,17790251.0,-1.632910563686253,23382741.2
20110920,4151.851,4121.035,4168.236,4101.698,17712033.0,0.7477733142280957,23044501.2
20110921,4275.094,4150.817,4279.121,4140.343,30212116.0,2.9940370775199208,23275349.35
20110922,4151.8,4241.42,4258.609,4151.124,27491613.0,-2.1129715991342493,23260732.65
20110923,4117.735,4079.06,4134.224,4061.826,23245736.0,0.9481351095595487,22717313.4
20110926,4051.425,4102.608,4138.349,4039.548,19744802.0,-1.2475722759766468,22169090.85
20110927,4068.231,4077.227,4098.021,4027.714,19274127.0,-0.22064015567442383,21621780.05
20110928,3999.782,4088.779,4099.344,3987.269,20292030.0,-2.1766155617606096,21067473.95
20110929,3871.06,3977.135,3977.135,3868.939,22061617.0,-2.6671209300162118,20949490.6
20110930,3856.828,3875.023,3892.381,3818.246,16756974.0,-0.46954560011644225,20647284.6
20111010,3832.577,3866.855,3882.782,3822.277,13753169.0,-0.8864568234391977,20286504.5
20111011,3817.927,3919.441,3942.046,3778.518,20019156.0,-2.5900121981680466,20236790.75
20111012,3950.655,3803.959,3953.142,3768.106,27002030.0,3.8564032893099105,20722594.25
20111013,4001.853,3943.164,4009.781,3929.828,28752879.0,1.4883732961652076,20985916.8
20111014,3985.193,3994.733,4004.931,3948.439,22100436.0,-0.23881445893880673,20974770.3
20111017,3997.121,3993.749,4024.237,3974.382,21815065.0,0.08443194602365593,21156405.6
20111018,3877.024,3974.464,3974.892,3873.373,24453869.0,-2.4516513421684047,21475983.7
20111019,3854.169,3882.017,3898.81,3837.237,19701815.0,-0.7173590429923403,21510761.0
20111020,3740.469,3841.263,3841.263,3710.95,22601144.0,-2.6239807063458,21621757.0
20111021,3671.695,3733.701,3743.341,3669.692,17210084.0,-1.6607114495777744,21599547.3
20111024,3736.765,3675.716,3736.765,3605.944,23028722.0,1.6608736910033304,21861470.85
20111025,3842.978,3735.625,3850.077,3726.246,32638637.0,2.8737627572360736,22607801.05
20111026,3884.39,3818.24,3921.25,3808.3,38890214.0,1.732473600402282,23041705.95
20111027,3888.992,3890.258,3927.437,3872.904,33011479.0,-0.03254282877895558,23317699.25
20111028,3978.8,3932.852,3978.8,3918.357,43181068.0,1.1683124612876437,24314465.85
20111031,3999.362,3975.072,4004.385,3963.274,36182616.0,0.6110581141674909,25136356.55
20111101,3999.831,3963.37,4020.457,3950.743,33916985.0,0.9199494369690501,25868499.45
20111102,4072.781,3937.898,4073.122,3919.688,42973877.0,3.4252537775229275,27002591.8
20111103,4097.618,4085.502,4150.039,4085.313,57586450.0,0.29656086326724207,28778833.45
20111104,4131.13,4115.097,4140.634,4093.924,42117977.0,0.38961414518297766,30046883.6
20111107,4114.767,4125.02,4159.97,4107.558,32477514.0,-0.24855637063579353,30983100.85
20111108,4057.555,4115.769,4125.092,4049.811,30570455.0,-1.4144136855105425,31510665.8
20111109,4126.003,4065.198,4126.003,4025.716,32184225.0,1.4957451026985609,31769775.55
20111110,4064.371,4080.357,4112.367,4063.747,34523680.0,-0.391779444788774,32058315.6
20111111,4062.144,4069.401,4096.569,4043.757,29188801.0,-0.1783309140583605,32412733.85
20111114,4159.567,4092.055,4159.699,4092.055,35127017.0,1.6498311972835207,33078331.45
20111115,4192.665,4159.16,4192.767,4153.33,35161439.0,0.8055713172852237,33613709.95
20111116,4088.323,4194.375,4195.294,4070.9,38356677.0,-2.5284339144687857,34546453.05
20111117,4079.536,4086.506,4125.854,4066.119,29247853.0,-0.17056135485913393,34878788.5
20111118,3963.258,4054.459,4054.459,3955.063,29967177.0,-2.2493999816005052,35516643.15
20111121,3966.636,3956.393,3966.811,3917.031,20483201.0,0.25889743511324426,35389367.1
20111122,3957.93,3932.5,3960.55,3902.131,20175323.0,0.6466624284806062,34766201.4
20111123,3942.695,3964.142,3978.471,3932.436,20435817.0,-0.5410250187808525,33843481.55
20111124,3935.273,3909.388,3957.878,3880.583,21109143.0,0.6621240971732716,33248364.75
20111125,3911.356,3931.095,3960.848,3899.059,19141474.0,-0.5021247260623205,32046385.05
20111128,3915.298,3915.999,3932.404,3885.694,18501073.0,-0.017900923876640978,31162307.9
20111129,3980.618,3945.356,3980.618,3929.02,22752472.0,0.8937596505866572,30604082.25
20111130,3819.942,3974.726,3974.726,3776.586,30116374.0,-3.894205537689896,29961207.1
20111201,3897.019,3923.165,3960.341,3885.866,34941884.0,-0.6664517041725287,28828978.8
20111202,3817.041,3878.014,3878.014,3797.284,23210191.0,-1.572273849449743,27883589.5
20111205,3692.227,3806.467,3807.05,3682.057,20162113.0,-3.00120820698039,27267819.45
20111206,3691.804,3679.736,3704.344,3646.073,17038892.0,0.32795831005268344,26591241.3
20111207,3702.103,3689.05,3718.707,3674.532,15326574.0,0.3538309320827824,25748358.75
20111208,3700.089,3695.873,3732.22,3635.547,19494263.0,0.11407318379175622,24996887.9
20111209,3663.843,3672.591,3706.247,3651.698,15358366.0,-0.23819695686233636,24305366.15
20111212,3616.087,3663.562,3675.946,3612.64,14094503.0,-1.295869975723078,23253740.45
20111213,3490.4,3597.092,3597.092,3482.232,20352649.0,-2.9660625861112253,22513300.95
20111214,3423.474,3477.046,3505.881,3416.709,15452334.0,-1.5407331395673127,21368083.8
20111215,3329.575,3401.499,3401.499,3324.881,19868215.0,-2.1144795279963327,20899101.9
20111216,3427.214,3328.212,3427.339,3324.588,19225658.0,2.974630221872884,20362025.95
20111219,3434.845,3408.564,3436.632,3348.259,19381265.0,0.7710285034988327,20306929.15
20111220,3424.448,3422.761,3474.089,3415.351,19955886.0,0.049287694933999135,20295957.3
20111221,3342.401,3449.369,3463.319,3340.329,17750500.0,-3.101088923800275,20161691.45
20111222,3298.724,3315.839,3331.42,3196.837,21916270.0,-0.5161589570543016,20202047.8
20111223,3327.394,3286.448,3357.428,3271.441,18996176.0,1.2459043928277556,20194782.9
20111226,3308.072,3321.981,3357.362,3307.287,15476837.0,-0.41869595280647615,20043571.1
20111227,3224.148,3297.413,3297.413,3218.543,15874097.0,-2.2218933448736893,19699652.35
20111228,3207.399,3201.309,3208.908,3128.147,17440648.0,0.19023468212533343,19065866.05
20111229,3207.181,3190.193,3225.004,3180.059,15220927.0,0.5325069674467917,18079818.2
20111230,3266.775,3214.195,3267.65,3214.195,17784265.0,1.6358683900634508,17808521.9
20120104,3192.234,3290.819,3300.009,3191.991,18342839.0,-2.995758806546335,17717558.2
20120105,3074.368,3173.007,3173.007,3070.447,19965700.0,-3.108691534560123,17863898.6
20120106,3087.546,3060.446,3087.546,3002.983,17818123.0,0.8854918531481983,17988476.05
20120109,3212.904,3089.448,3213.055,3056.186,25616408.0,3.9960536639555073,18294583.3
20120110,3345.391,3211.573,3345.42,3202.968,39387518.0,4.166743212749647,19496040.9
20120111,3346.742,3342.551,3367.402,3315.668,33901708.0,0.12538327762239854,20486401.15
20120112,3345.812,3330.897,3388.389,3323.137,29069877.0,0.4477772804142537,20922262.55
20120113,3233.701,3343.527,3349.681,3210.321,28108656.0,-3.284734952043158,21555078.65
20120116,3130.558,3201.011,3217.373,3130.321,18775466.0,-2.2009608839207355,21500441.2
20120117,3304.88,3128.514,3305.004,3110.36,30148504.0,5.637372886936098,22046583.5
20120118,3237.852,3310.036,3342.365,3223.986,30825517.0,-2.18076178023442,22618796.1
20120119,3270.765,3230.875,3288.202,3208.054,22974026.0,1.23465005609935,22769703.1
20120120,3315.603,3276.481,3323.124,3267.026,22067349.0,1.1940249310159234,22985545.55
20120130,3292.409,3326.61,3337.064,3290.536,18754385.0,-1.0281036851329137,22827451.3
20120131,3294.494,3284.899,3297.191,3251.42,18290721.0,0.29209421659540385,22792178.55
20120201,3266.234,3287.222,3318.367,3255.628,18236400.0,-0.6384722419112637,22930156.7
20120202,3328.153,3271.593,3328.249,3266.962,21787903.0,1.7288214029067779,23225847.0
20120203,3383.05,3324.399,3390.33,3315.689,32168313.0,1.7642587427080894,23962230.25
20120206,3412.405,3387.219,3420.002,3381.763,31249203.0,0.7435598347789188,24763644.05
20120207,3356.838,3397.769,3397.769,3333.639,26815778.0,-1.204643399830877,25215219.7
20120208,3445.52,3351.043,3445.52,3341.705,33521948.0,2.8193311753982226,25974175.15
20120209,3469.846,3441.786,3501.398,3434.813,43898212.0,0.8152743953284703,27170800.75
20120210,3488.229,3463.967,3506.339,3459.131,39783192.0,0.7004108295488876,28269054.2
20120213,3519.875,3458.81,3535.519,3441.33,38238075.0,1.7654915997120415,28900137.55
20120214,3524.625,3516.609,3529.488,3493.911,35904825.0,0.2279468658585608,28726002.9
20120215,3578.149,3518.794,3580.284,3505.364,43625730.0,1.6867995114235166,29212204.0
20120216,3577.202,3572.321,3607.752,3540.853,43777965.0,0.1366338579315888,29947608.4
20120217,3565.306,3582.513,3596.865,3530.962,32808052.0,-0.480305305242434,30182578.2
20120220,3574.458,3610.74,3618.682,3573.225,40392597.0,-1.0048355738712758,31263434.75
20120221,3618.302,3569.231,3618.331,3533.111,36803776.0,1.3748339628340085,31596198.35
20120222,3689.004,3617.178,3689.128,3616.108,51791671.0,1.9856916082094944,32644506.05
20120223,3700.888,3686.731,3711.117,3662.42,46948688.0,0.38399872407289,33843239.15
20120224,3756.825,3698.678,3757.519,3689.359,56589427.0,1.572102248424976,35569343.05
20120227,3764.326,3767.602,3822.26,3764.17,65749511.0,-0.08695185956477994,37919099.35
20120228,3745.58,3748.335,3761.728,3696.211,49008662.0,-0.07349930035602766,39454996.4
20120229,3696.144,3733.629,3750.457,3691.981,40415160.0,-1.0039829881329967,40563934.4
20120301,3715.673,3679.04,3737.718,3675.275,35636810.0,0.9957217100113022,41256379.75
20120302,3794.416,3719.957,3794.579,3719.957,46234628.0,2.001609158385441,41959695.5
20120305,3798.377,3805.676,3825.716,3793.69,49104517.0,-0.19179246998430707,42852461.2
20120306,3760.585,3786.158,3786.158,3729.604,45639236.0,-0.6754340415798776,43793634.1
20120307,3732.707,3718.765,3780.482,3707.786,42103840.0,0.37490941213010254,44222728.7
20120308,3791.827,3741.479,3803.366,3741.479,43200053.0,1.3456710568200547,44187820.75
20120309,3848.108,3802.092,3848.108,3787.906,44003418.0,1.2102810768387529,44398832.05
20120312,3871.12,3852.605,3876.171,3839.433,47078437.0,0.48058391659668903,44840850.15
20120313,3910.064,3867.971,3910.064,3856.411,47496368.0,1.0882449739152606,45420427.3
20120314,3734.317,3924.49,3945.306,3709.093,76590775.0,-4.8458016200831135,47068679.55
20120315,3689.014,3726.365,3754.729,3635.678,50893936.0,-1.0023441074612836,47424478.1
20120316,3786.617,3693.317,3786.617,3687.81,45535226.0,2.526184456952928,48060836.8
20120319,3829.696,3788.388,3830.024,3762.304,45400983.0,1.0903846174151115,48311256.1
20120320,3746.284,3819.722,3819.722,3744.809,41414842.0,-1.92260064999495,48541809.4
20120321,3760.047,3757.0,3782.405,3700.494,40281832.0,0.08110194303965998,47966317.45
20120322,3742.388,3754.873,3769.371,3720.685,33653338.0,-0.33250125903060174,47301549.95
20120323,3670.129,3727.146,3728.618,3652.233,32869793.0,-1.5297764026415996,46115568.25
20120326,3666.279,3661.391,3680.288,3635.668,24884816.0,0.1335011748267235,44072333.5
20120327,3652.876,3681.741,3699.161,3648.746,26109103.0,-0.7840040893696699,42927355.55
20120328,3490.007,3638.767,3638.767,3483.584,36270135.0,-4.088198007731734,42720104.3
20120329,3425.702,3471.357,3482.326,3391.795,30801466.0,-1.315191724734729,42478337.1
20120330,3416.856,3422.812,3445.469,3383.531,24826017.0,-0.17400897273936392,41407906.55
20120405,3531.549,3420.026,3532.076,3412.441,29352448.0,3.2608816424202667,40420303.1
20120406,3554.027,3530.63,3570.589,3520.889,30065466.0,0.6626862627916246,39641614.6
20120409,3512.914,3544.01,3563.336,3512.365,25820027.0,-0.8774241607670408,38827423.95
20120410,3554.038,3496.125,3554.218,3432.359,28826223.0,1.6564911151632167,38108732.45
20120411,3566.476,3513.498,3582.95,3497.943,32721451.0,1.5078420423179426,37544634.1
20120412,3640.407,3568.815,3640.407,3561.05,41797334.0,2.006044023016046,37280578.95
20120413,3675.028,3653.604,3695.133,3643.472,48222257.0,0.5863799141888387,37316873.4
20120416,3685.481,3644.666,3702.415,3632.846,44225815.0,1.119855701455224,35698625.4
20120417,3631.556,3679.92,3702.842,3629.818,42854332.0,-1.314267701471772,35296645.2
20120418,3714.02,3637.549,3717.54,3632.674,44254450.0,2.1022672134450975,35232606.4
20120419,3704.705,3712.529,3728.865,3684.855,40362022.0,-0.21074582851743567,34980658.35
20120420,3736.365,3696.658,3743.485,3684.227,45830359.0,1.0741323649631607,35201434.2
20120423,3691.574,3731.549,3739.15,3673.311,53167410.0,-1.0712709386906056,35845713.1
20120424,3666.395,3658.615,3709.368,3557.784,55731814.0,0.2126487755612493,36949636.9
20120425,3718.911,3654.749,3728.551,3645.066,62910454.0,1.7555788372881493,38451669.95
20120426,3700.028,3720.742,3729.907,3683.434,53458817.0,-0.5567169129168428,39880370.0
20120427,3664.638,3690.159,3699.098,3659.111,38847015.0,-0.6915962157728213,40517265.6
20120502,3718.259,3707.816,3735.896,3674.957,47656404.0,0.2816482802814436,41086579.05
20120503,3733.816,3707.505,3735.325,3701.195,41613118.0,0.7096686315999491,41627161.65
20120504,3758.004,3730.723,3761.974,3713.988,40671451.0,0.7312523604673933,42419433.35
20120507,3784.556,3741.663,3784.57,3733.838,42312757.0,1.1463619251653618,43067448.8
20120508,3783.472,3783.083,3798.054,3752.388,40796563.0,0.010282618700148098,43604003.65
20120509,3717.47,3759.39,3759.39,3716.134,39331106.0,-1.1150745200684173,44279557.6
20120510,3731.131,3713.402,3744.518,3713.308,32391180.0,0.4774328230555112,44457805.45
20120511,3715.385,3727.587,3753.815,3715.061,32360159.0,-0.3273431310925746,44439740.85
20120514,3710.097,3745.829,3760.884,3706.158,37973676.0,-0.9539143404570783,44248557.95
20120515,3705.883,3679.341,3705.897,3652.874,33110382.0,0.7213791817610794,43492964.2
20120516,3660.312,3696.613,3707.81,3660.031,32594326.0,-0.9820070426631062,42911389.75
20120517,3714.186,3656.825,3716.707,3643.788,36674870.0,1.5686011772507662,42602416.65
20120518,3655.858,3691.643,3710.412,3645.909,37751568.0,-0.9693515868137806,42277272.55
20120521,3653.546,3650.923,3676.97,3616.909,31496201.0,0.07184484581022518,41833981.5
20120522,3711.055,3666.136,3711.055,3666.136,34531190.0,1.2252409621465181,41269023.05
20120523,3708.919,3702.814,3723.189,3670.029,40013725.0,0.16487460617789657,40611338.8
20120524,3678.093,3697.916,3720.438,3668.275,37482895.0,-0.5360586881908708,39698892.85
20120525,3635.516,3675.51,3683.63,3622.097,35694436.0,-1.0881211042821306,38338091.95
20120528,3687.455,3622.129,3687.516,3568.031,41965484.0,1.8035249434793743,37763425.3
20120529,3745.678,3686.575,3748.442,3683.519,47610593.0,1.6031953778235914,38201604.2
20120530,3752.219,3739.039,3764.638,3734.246,39619720.0,0.3524969918741109,37799770.0
20120531,3753.593,3732.467,3775.373,3722.039,36784378.0,0.5660063437935218,37558333.0
20120601,3744.437,3752.019,3769.516,3725.282,34951400.0,-0.20207786794256322,37272330.45
20120604,3621.808,3684.037,3707.314,3621.808,37140064.0,-1.689152416221656,37013695.8
20120605,3617.614,3625.142,3646.507,3603.374,27792184.0,-0.20766083094123744,36363476.85
20120606,3600.163,3621.636,3638.564,3585.527,25405499.0,-0.5929088400932605,35667196.5
20120607,3581.137,3635.572,3647.282,3572.494,25629537.0,-1.4972884596976745,35329114.35
20120608,3564.158,3615.112,3618.775,3557.04,26182539.0,-1.4094722376512865,35020233.35
20120611,3630.314,3565.335,3630.958,3554.188,26783143.0,1.822521586330592,34460706.7
20120612,3608.391,3611.92,3628.239,3594.614,25318875.0,-0.09770426809010158,34071131.35
20120613,3674.875,3615.712,3674.875,3610.636,31709992.0,1.6362752343106974,34026914.65
20120614,3652.705,3669.036,3693.904,3650.031,30569988.0,-0.4451032914367733,33721670.55
20120615,3648.994,3657.788,3674.449,3604.09,27821018.0,-0.24041852616936435,33225143.05
20120618,3684.727,3663.138,3691.926,3662.224,26203010.0,0.5893580858815568,32960483.5
20120619,3657.958,3681.684,3685.93,3652.972,30135968.0,-0.6444333625590928,32740722.4
20120620,3636.09,3663.986,3671.408,3630.176,25778043.0,-0.7613566209041118,32028938.3
20120621,3590.837,3628.216,3628.216,3569.486,24672848.0,-1.0302308352093674,31388435.95
20120625,3493.116,3576.366,3576.366,3491.857,24481529.0,-2.327781888095346,30827790.6
20120626,3489.972,3474.164,3500.76,3433.565,24632381.0,0.4550159405255477,29961135.45
20120627,3476.403,3486.515,3518.752,3474.769,23233274.0,-0.29003173656215675,28742269.5
20120628,3427.819,3484.227,3495.846,3427.657,24647609.0,-1.6189530705088935,27993663.95
20120629,3470.965,3413.329,3471.704,3392.751,25254318.0,1.6885568311756634,27417160.95
20120702,3509.503,3491.753,3528.122,3484.144,26187341.0,0.5083406529614208,26978958.0
20120703,3515.778,3507.63,3542.511,3498.073,28102156.0,0.23229359995209536,26527062.6
20120704,3497.748,3519.508,3525.16,3484.841,23234780.0,-0.6182682352192342,26299192.4
20120705,3418.202,3486.809,3486.809,3407.598,24976516.0,-1.9676156623434198,26277743.25
20120706,3486.546,3436.306,3487.672,3397.871,29658213.0,1.462035103975018,26479177.05
20120709,3398.805,3464.018,3478.118,3398.517,29267498.0,-1.8825825962798173,26633425.0
20120710,3365.665,3386.629,3400.637,3351.556,23223052.0,-0.6190226328304619,26455420.45
20120711,3404.104,3358.562,3404.594,3352.528,21254467.0,1.355997001097491,26252200.05
20120712,3450.302,3398.62,3462.215,3381.83,31711097.0,1.5206760390982295,26252255.3
20120713,3435.084,3435.173,3463.217,3422.335,24312071.0,-0.0025908447696794835,25939359.45
20120716,3311.089,3434.508,3434.596,3308.644,29146202.0,-3.5934986903509873,26005618.65
20120717,3334.286,3297.152,3335.532,3282.225,23122360.0,1.1262447105865916,25851586.15
20120718,3352.848,3328.123,3352.966,3276.317,27706805.0,0.7429112445663789,25730128.0
20120719,3392.656,3343.238,3414.227,3335.332,33196398.0,1.4781478315333854,26101045.75
20120720,3369.913,3382.823,3407.406,3362.377,27471152.0,-0.3816339193626109,26240960.95
20120723,3337.856,3347.87,3357.243,3310.8,23173111.0,-0.29911555705567033,26175540.05
20120724,3361.09,3317.219,3381.349,3310.948,21941704.0,1.322523475236338,26041006.2
20120725,3332.085,3350.903,3365.205,3324.537,22803551.0,-0.5615799681458925,26019520.05
20120726,3302.336,3329.011,3357.787,3301.665,23368152.0,-0.8012890314871348,25955547.2
20120727,3283.592,3312.38,3323.0,3269.225,20566795.0,-0.8691031826058607,25721171.05
20120730,3217.452,3280.104,3294.648,3205.762,21270690.0,-1.9100613882974318,25475338.5
20120731,3159.192,3211.103,3214.171,3152.417,20378412.0,-1.6166096198097681,25089151.3
20120801,3216.184,3152.73,3232.972,3152.314,19890893.0,2.0126683858116676,24921956.95
20120802,3195.863,3212.048,3231.83,3178.997,20529310.0,-0.5038841262646121,24699596.65
20120803,3259.856,3203.114,3259.856,3193.683,21856891.0,1.771463644441009,24309530.55
20120806,3337.267,3250.785,3338.623,3244.981,30051288.0,2.6603420404609954,24348720.05
20120807,3368.252,3336.22,3368.526,3331.503,34012319.0,0.9601285286941554,24888183.4
20120808,3356.485,3363.757,3374.079,3335.966,30300694.0,-0.21618684108275166,25340494.75
20120809,3405.058,3351.448,3405.252,3335.133,33631782.0,1.5996070952018389,25436529.0
20120810,3395.849,3400.933,3405.049,3378.536,31124782.0,-0.14948839039169054,25777164.55
20120813,3318.1,3386.033,3386.033,3317.044,27737143.0,-2.0062710552437024,25706711.6
20120814,3349.585,3312.81,3349.822,3263.495,27085197.0,1.1100847920647454,25904853.45
20120815,3310.839,3340.876,3344.104,3308.489,21160138.0,-0.8990755717961475,25577520.1
20120816,3286.828,3301.74,3316.96,3278.542,17659890.0,-0.45164065008146637,24800694.7
20120817,3286.778,3283.258,3293.25,3252.795,16691881.0,0.1072105816844117,24261731.15
20120820,3289.439,3270.986,3296.363,3247.576,16860188.0,0.5641418214568933,23946085.0
20120821,3335.753,3287.734,3347.281,3284.058,22797592.0,1.4605500323323064,23988879.4
20120822,3306.111,3338.08,3338.736,3292.429,21917303.0,-0.9577062263337023,23944567.0
20120823,3327.99,3303.697,3329.978,3289.553,22042945.0,0.7353277252726163,23878306.65
20120824,3265.749,3318.853,3321.916,3265.598,23637201.0,-1.600070867857066,24031826.95
20120827,3184.331,3250.693,3250.693,3184.105,21990361.0,-2.0414723875801273,24067810.5
20120828,3200.993,3179.775,3221.883,3173.754,20486334.0,0.6672799176042281,24073206.6
20120829,3179.54,3197.343,3221.231,3179.54,20895031.0,-0.5568060730425195,24123413.5
20120830,3129.495,3174.305,3188.763,3083.369,26069892.0,-1.4116475889997953,24400442.6
20120831,3139.5,3122.528,3148.506,3115.622,17767183.0,0.5435339571014322,24195957.2
20120903,3200.306,3135.23,3203.846,3131.16,22583408.0,2.0756371940814557,23822563.2
20120904,3164.826,3202.488,3209.879,3160.698,21103124.0,-1.1760231420070835,23177103.45
20120905,3181.8,3158.013,3193.765,3150.789,20951681.0,0.7532267916566607,22709652.8
20120906,3217.936,3187.11,3218.282,3187.11,21776796.0,0.9672085368876512,22116903.5
20120907,3334.66,3240.652,3365.658,3240.652,50349686.0,2.9008977205821487,23078148.7
20120910,3363.605,3343.806,3376.774,3330.935,42717618.0,0.5921097097140198,23827172.45
20120911,3350.088,3352.624,3352.624,3324.494,33453739.0,-0.07564224321008273,24145599.55
20120912,3376.122,3360.26,3376.326,3339.712,33796211.0,0.4720468059019131,24777403.2
20120913,3329.299,3374.785,3385.721,3329.299,33938242.0,-1.3478191944079363,25591320.8
20120914,3338.038,3356.238,3369.767,3308.007,34915455.0,-0.5422738196754765,26502499.5
20120917,3237.704,3334.707,3334.991,3237.704,29401639.0,-2.908891245917548,27129572.05
20120918,3224.259,3222.978,3247.669,3210.094,20639932.0,0.03974584995615698,27021689.05
20120919,3255.866,3227.359,3257.016,3224.075,19631772.0,0.8832918804508597,26907412.5
20120920,3161.763,3253.531,3253.531,3160.676,26794149.0,-2.8205663323939447,27144972.7
20120921,3143.71,3153.605,3181.268,3137.393,23752365.0,-0.31376789420361717,27150730.9
20120924,3167.161,3129.536,3177.33,3107.367,22123560.0,1.2022549029632508,27157390.85
20120925,3144.408,3159.127,3179.374,3137.838,19735875.0,-0.4659198569731464,27119867.9
20120926,3071.989,3138.799,3149.026,3067.381,20860436.0,-2.1285211318086934,27118138.15
20120927,3141.082,3065.584,3159.071,3062.696,26945622.0,2.462760765974772,27161924.65
20120928,3199.752,3129.767,3200.079,3121.578,26692404.0,2.236108949963372,27608185.7
20121008,3183.365,3198.879,3214.147,3167.677,19485326.0,-0.48498239539539084,27453281.6
20121009,3265.617,3185.21,3265.636,3185.21,29878196.0,2.524386147224207,27892035.2
20121010,3296.923,3257.448,3296.923,3248.827,33291788.0,1.211838224278635,28509040.55
20121011,3248.045,3288.052,3296.723,3247.596,29191820.0,-1.216738664716983,28879791.75
20121012,3240.399,3256.97,3282.91,3210.602,28213827.0,-0.5087857732800706,27772998.8
20121015,3223.189,3237.289,3238.422,3193.991,23539877.0,-0.43554962192131635,26814111.75
20121016,3233.229,3219.419,3256.482,3211.304,22489721.0,0.42895938677133816,26265910.85
20121017,3240.778,3237.636,3249.392,3205.533,22499429.0,0.09704611636390952,25701071.75
20121018,3294.835,3241.268,3301.135,3241.143,34601123.0,1.6526556890698332,25734215.8
20121019,3285.445,3292.953,3305.532,3279.248,27975908.0,-0.22800203950678347,25387238.45
20121022,3298.488,3269.038,3301.365,3260.165,24527343.0,0.9008766493384236,25143523.65
20121023,3259.067,3298.446,3303.236,3255.493,28952346.0,-1.1938652322942351,25559144.35
20121024,3257.921,3242.875,3273.378,3237.741,29639668.0,0.4639710133754715,26059539.15
20121025,3226.172,3257.725,3282.087,3222.483,33361963.0,-0.9685593473973366,26387929.85
20121026,3163.295,3221.068,3225.397,3142.278,29717478.0,-1.79359765146219,26686185.5
20121029,3158.943,3158.111,3172.542,3141.355,20727660.0,0.026344862482678245,26616390.5
20121030,3160.687,3156.74,3189.529,3154.165,22608737.0,0.12503405411912658,26760033.6
20121031,3168.097,3159.217,3168.281,3141.139,20977676.0,0.28108230615371177,26765895.6
20121101,3228.19,3169.795,3235.011,3169.795,33136396.0,1.8422326995909823,27075434.3
20121102,3249.552,3229.955,3251.774,3217.078,33139025.0,0.6067267191029042,27397765.35
20121105,3235.352,3244.303,3258.988,3226.503,29117417.0,-0.27589901436456526,27879369.9
20121106,3213.26,3233.423,3234.982,3170.624,29707414.0,-0.6235806450315828,27870830.8
20121107,3209.141,3210.845,3223.59,3192.658,24474336.0,-0.05307014197196451,27429958.2
20121108,3129.568,3183.079,3189.465,3129.388,27608878.0,-1.681108134608031,27350811.1
20121109,3116.978,3123.086,3139.676,3103.845,20290199.0,-0.19557578625755806,26954629.7
20121112,3136.308,3118.108,3139.378,3108.547,21407500.0,0.5836872872908769,26848010.85
20121113,3072.121,3136.954,3136.954,3066.634,22946754.0,-2.066750102169177,26870862.5
20121114,3081.254,3069.382,3084.382,3048.24,19657788.0,0.3867879592699717,26728780.45
20121115,3026.844,3066.894,3080.688,3025.297,20262092.0,-1.3058814553094997,26011828.9
20121116,3009.153,3021.295,3021.788,2987.695,18923873.0,-0.4018806505157649,25559227.15
20121119,3016.159,3007.681,3016.478,2974.139,16723783.0,0.2818782975987169,25169049.15
20121120,3004.183,3023.076,3031.286,3003.128,16332550.0,-0.6249594783591292,24538059.35
20121121,3035.282,3000.937,3035.282,2963.865,20669915.0,1.1444758753682684,24089571.7
20121122,2995.093,3021.305,3021.305,2989.378,17125288.0,-0.8675721252902302,23277737.95
20121123,3005.459,2993.168,3019.794,2990.064,17107809.0,0.41063515312203364,22647254.5
20121126,2970.323,3004.171,3006.787,2966.875,14775891.0,-1.126700177852724,22349666.05
20121127,2864.169,2960.614,2960.614,2862.471,20739078.0,-3.2576012948665434,22256183.1
20121128,2800.537,2854.077,2854.077,2791.294,18301148.0,-1.8759129483892836,22122356.7
20121129,2774.176,2799.959,2822.332,2768.353,17544787.0,-0.920834912225497,21342776.25
20121130,2816.624,2773.233,2818.042,2765.793,18980357.0,1.564635932141281,20634842.85
20121203,2749.134,2816.303,2829.835,2746.491,21115016.0,-2.385006158783337,20234722.8
20121204,2783.412,2739.499,2786.13,2704.373,22740395.0,1.602957329059073,19886371.85
20121205,2886.186,2775.411,2904.653,2767.051,37987933.0,3.991300747889235,20562051.7
20121206,2884.348,2884.807,2902.072,2866.885,28387031.0,-0.01591094308908127,20600959.35
20121207,2950.193,2883.164,2954.689,2875.84,39193630.0,2.324841736370182,21546130.9
20121210,3002.231,2950.998,3004.542,2942.492,40450531.0,1.7361245246523438,22498282.45
20121211,2982.027,2993.379,3014.066,2978.739,35119469.0,-0.3792369760060407,23106918.2
20121212,2982.885,2978.718,2997.923,2952.386,27388007.0,0.13989239666193212,23493429.15
20121213,2943.276,2976.576,2989.151,2941.552,26777078.0,-1.1187350835322256,23819178.45
20121214,3066.231,2939.31,3069.061,2939.148,52540337.0,4.3180542372189485,25500001.65
20121217,3091.875,3073.923,3098.605,3063.486,52606393.0,0.5840094237884367,27294132.15
20121218,3086.584,3087.318,3124.564,3067.862,46993056.0,-0.023774680807107602,28827157.45
20121219,3099.092,3082.379,3109.937,3074.949,36876183.0,0.542211064895011,29637470.85
20121220,3108.86,3092.925,3111.195,3063.324,36911367.0,0.5152080958962776,30626774.8
20121221,3101.074,3110.817,3144.261,3089.086,39141260.0,-0.31319746548896765,31728447.35
20121224,3117.698,3093.973,3120.73,3090.415,29083885.0,0.7668134143381312,32443847.05
20121225,3189.088,3110.969,3197.717,3102.609,52862852.0,2.511082559806933,34050035.75
20121226,3228.675,3187.199,3228.802,3183.953,46800002.0,1.3013307295841932,35474978.45
20121227,3199.481,3232.789,3244.944,3198.91,47223724.0,-1.0303177844270068,36958925.3
20121228,3235.195,3195.204,3235.587,3187.094,41316230.0,1.251594577372837,38075718.95
20121231,3275.86,3242.961,3275.86,3236.633,47415846.0,1.014474117943458,39390760.45
20130104,3258.251,3297.043,3304.759,3226.949,46170854.0,-1.1765694290307986,40562283.4
20130107,3288.369,3253.674,3288.653,3245.463,42731122.0,1.0663330130799877,40799442.85
20130108,3327.04,3288.125,3331.667,3270.765,51963827.0,1.1835012355065566,41978282.65
20130109,3334.987,3321.765,3359.075,3303.799,50927396.0,0.398041402688035,42564970.95
20130110,3356.35,3335.088,3368.005,3329.927,47901958.0,0.6375244071520666,42937542.3
20130111,3271.179,3357.47,3360.413,3262.831,51300534.0,-2.5701197627975745,43746595.55
20130114,3384.745,3264.152,3387.5,3262.575,56753230.0,3.69446643416115,45214856.7
20130115,3450.682,3390.329,3463.263,3389.783,69368970.0,1.7801517197888348,47344451.3
20130116,3450.56,3448.278,3462.587,3393.714,62908482.0,0.06617795896966987,47862858.55
20130117,3408.022,3444.468,3452.374,3399.663,47415541.0,-1.058102441363947,47603315.95
20130118,3464.645,3416.449,3466.534,3406.604,51118611.0,1.4107045063456212,47809593.7
20130121,3491.122,3475.198,3492.217,3458.873,53789532.0,0.4582184957518961,48655261.15
20130122,3435.434,3487.571,3487.571,3409.843,53474122.0,-1.494937307369505,49483398.9
20130123,3441.745,3422.768,3451.259,3393.047,43357373.0,0.5544343058016161,49694204.55
20130124,3369.732,3442.618,3473.978,3344.981,57174970.0,-2.117167806593702,51098758.8
20130125,3364.061,3363.429,3382.767,3346.236,37099186.0,0.01879034758872751,50310575.5
20130128,3449.794,3362.474,3449.95,3362.216,45422121.0,2.596897403518948,50241681.45
20130129,3482.519,3451.663,3489.858,3447.821,49280375.0,0.8939459037571098,50344514.0
20130130,3500.578,3482.567,3502.719,3462.368,54218930.0,0.5171759796724648,50989649.0
20130131,3479.638,3497.28,3499.148,3463.202,48591252.0,-0.5044491719279063,51048419.3
20130201,3507.709,3471.269,3507.833,3462.676,47925487.0,1.049760188565048,51136150.95
20130204,3484.362,3517.461,3524.041,3467.018,55937446.0,-0.9409912433997053,51796467.15
20130205,3520.646,3466.591,3520.985,3457.429,47711133.0,1.5593128811561643,51583832.45
20130206,3544.385,3521.66,3555.94,3521.642,42308705.0,0.645292276937591,51152897.9
20130207,3557.667,3539.475,3565.381,3526.032,38704834.0,0.5139745301209927,50693041.7
20130208,3608.589,3554.149,3618.84,3553.796,37928303.0,1.5317309431878083,50024430.15
20130218,3627.776,3625.034,3639.364,3604.013,45099278.0,0.07564066985302026,49441732.55
20130219,3561.357,3624.94,3630.653,3546.723,48420991.0,-1.754042825536425,48394333.6
20130220,3635.375,3555.594,3635.375,3553.489,44252308.0,2.2438163637355655,47461524.9
20130221,3560.317,3612.72,3612.72,3531.13,54411625.0,-1.4505137403396828,47811329.1
20130222,3548.358,3552.669,3587.713,3543.022,41585438.0,-0.12134538849523258,47334670.45
20130225,3587.587,3551.597,3595.6,3551.37,37677102.0,1.0133469534972515,46529048.95
20130226,3533.204,3573.954,3600.46,3532.271,43386758.0,-1.1401937461981881,46024680.75
20130227,3535.896,3538.937,3568.685,3506.762,38234974.0,-0.0859297580035958,45768560.8
20130228,3608.199,3544.064,3608.199,3531.895,46062089.0,1.8096456497399656,45212916.75
20130301,3648.422,3608.618,3648.688,3603.978,50173282.0,1.1030261446348737,45866621.55
20130304,3518.717,3614.558,3614.558,3496.049,64588090.0,-2.6515275173340664,46824920.0
20130305,3597.922,3516.526,3598.013,3507.03,50380215.0,2.3146707858835733,46879912.0
20130306,3653.934,3605.363,3654.108,3605.363,58246379.0,1.3471875092743886,47081284.45
20130307,3609.64,3648.28,3651.741,3575.976,54941456.0,-1.0591292335018234,47398794.65
20130308,3570.38,3608.896,3626.92,3564.225,39649238.0,-1.0672515916224816,46984982.2
20130311,3571.105,3568.622,3588.705,3543.765,32733665.0,0.06957867770809503,45824793.15
20130312,3481.175,3570.469,3589.72,3438.191,44069285.0,-2.500903942871367,45642700.75
20130313,3449.35,3473.265,3477.098,3413.179,31415511.0,-0.6885452161006996,45098041.05
20130314,3464.854,3443.776,3482.369,3440.023,27756631.0,0.6120607147503199,44550630.9
20130315,3471.214,3466.892,3525.532,3431.573,38003057.0,0.12466497369978981,44554368.6
20130318,3427.12,3461.873,3477.929,3423.52,36157365.0,-1.0038785362721323,44107272.95
20130319,3438.072,3421.737,3442.056,3378.912,34632034.0,0.477389115528167,43417825.1
20130320,3527.772,3436.845,3527.83,3432.582,45308619.0,2.6456532081022024,43470640.65
20130321,3565.02,3527.762,3575.837,3522.143,48504441.0,1.056137006974955,43175281.45
20130322,3579.92,3561.122,3586.092,3549.074,42811368.0,0.527867340686453,43236577.95
20130325,3568.523,3581.311,3590.815,3550.185,39784826.0,-0.35707594230157647,43341964.15
20130326,3543.812,3556.3,3557.791,3504.566,38135551.0,-0.351151477659373,43079403.8
20130327,3552.257,3541.376,3579.391,3528.309,36894002.0,0.30725345176563734,43012355.2
20130328,3448.977,3526.539,3526.539,3448.665,41252741.0,-2.199380185501999,42771887.8
20130329,3447.285,3449.277,3470.481,3434.569,31555518.0,-0.057751233084504056,41840999.6
20130401,3470.96,3449.54,3489.143,3448.289,32953823.0,0.6209523588652421,40259286.25
20130402,3428.5,3471.691,3504.278,3419.738,37863676.0,-1.244091135991072,39633459.3
20130403,3397.232,3429.887,3438.586,3382.225,36721020.0,-0.9520721819698491,38557191.35
20130408,3411.13,3354.444,3411.375,3315.332,36220828.0,1.6898776667608746,37621159.95
20130409,3444.371,3411.404,3449.924,3411.404,34183396.0,0.9663763072330366,37347867.85
20130410,3437.267,3444.459,3455.693,3410.029,35551708.0,-0.20879911765534173,37488770.0
20130411,3423.217,3442.932,3453.531,3420.758,31925568.0,-0.5726224043925262,36881584.15
20130412,3394.517,3418.296,3434.666,3391.013,29294988.0,-0.695638996739896,36775558.0
20130415,3346.851,3382.0,3382.0,3336.415,29308107.0,-1.0392962743938465,36853131.8
20130416,3383.081,3313.508,3383.314,3302.244,29893889.0,2.099678045141292,36447673.4
20130417,3412.416,3381.606,3412.521,3373.025,28793458.0,0.9111055516225115,36079478.05
20130418,3423.012,3396.014,3434.045,3383.965,32346727.0,0.7949908333711241,35965212.7
20130419,3495.242,3423.443,3498.572,3422.971,43337891.0,2.097274585848223,35866676.3
20130422,3511.624,3478.044,3511.715,3475.863,43809695.0,0.9654851980020933,35631939.0
20130423,3416.449,3509.196,3509.743,3412.212,43616451.0,-2.6429700706372583,35672193.15
20130424,3484.568,3417.401,3489.524,3411.815,42449212.0,1.9654409886343562,35805412.45
20130425,3431.401,3473.015,3494.535,3431.149,48836443.0,-1.1982096247784715,36340457.05
20130426,3367.766,3427.146,3438.318,3360.745,37402911.0,-1.7326370105037867,36365902.5
20130502,3383.398,3354.472,3386.279,3345.441,29438535.0,0.8623115649795238,35775192.2
20130503,3448.64,3391.218,3459.981,3391.218,37244338.0,1.6932559334138952,36059633.2
20130506,3514.457,3456.283,3516.872,3456.283,44249314.0,1.683137636588207,36624407.75
20130507,3521.477,3511.214,3531.548,3495.801,41201396.0,0.2922920676438383,36791293.75
20130508,3553.848,3524.787,3554.149,3517.942,42307295.0,0.8244753512765496,37070607.5
20130509,3555.769,3551.899,3557.019,3517.594,49301725.0,0.1089558008265407,37724652.35
20130510,3577.327,3550.026,3577.327,3536.172,44666708.0,0.7690366211402505,38248817.95
20130513,3590.758,3577.295,3591.091,3565.487,39465780.0,0.37634581436531617,38444521.55
20130514,3549.303,3586.324,3586.324,3524.577,38083658.0,-1.0322826381553976,38752426.05
20130515,3597.106,3549.745,3597.236,3548.548,36487418.0,1.334208513569294,39112047.55
20130516,3635.755,3594.3,3647.485,3578.094,52393567.0,1.1533539214867965,40266320.55
20130517,3691.399,3632.612,3695.244,3631.259,59398504.0,1.6183121126065707,41741551.3
20130520,3737.748,3700.09,3740.583,3686.757,66798825.0,1.0177590274831125,43641819.65
20130521,3787.059,3733.673,3787.103,3727.667,67690117.0,1.429852051853508,45408989.15
20130522,3755.874,3782.969,3795.168,3740.224,65313272.0,-0.7162363741283699,46507758.2
20130523,3724.229,3740.439,3783.972,3716.291,57813096.0,-0.43337159087476196,47207928.25
20130524,3782.071,3723.621,3782.17,3723.621,50238938.0,1.5697086250184917,47539052.6
20130527,3820.427,3784.468,3820.587,3782.266,55529357.0,0.9501731815409798,48193059.85
20130528,3827.782,3820.243,3829.972,3770.65,60071568.0,0.19734346741817774,48754816.1
20130529,3856.319,3830.224,3858.924,3828.286,58319096.0,0.6812917469056587,49800625.35
20130530,3865.134,3843.162,3872.26,3835.222,54454809.0,0.5717167270076101,51051439.05
20130531,3841.218,3867.59,3884.675,3840.699,55067935.0,-0.681871656509617,51942618.9
20130603,3814.51,3836.767,3855.788,3803.363,48387753.0,-0.580097775027767,52149540.85
20130604,3739.724,3809.555,3811.653,3707.561,49249706.0,-1.8330487419134172,52551956.35
20130605,3755.148,3733.948,3759.519,3718.123,36616173.0,0.5677636646252244,52267400.25
20130606,3688.736,3742.504,3742.504,3686.253,38813764.0,-1.4366851712115747,51743002.2
20130607,3616.21,3690.957,3701.221,3593.968,40708652.0,-2.025138737731159,51545099.4
20130613,3515.05,3573.896,3573.896,3446.25,37241682.0,-1.646550431238066,51433894.5
20130614,3584.978,3519.368,3591.248,3519.326,34643840.0,1.864255173087899,51261903.6
20130617,3593.371,3593.51,3620.954,3565.277,35645970.0,-0.003868084407727366,51219831.2
20130618,3605.758,3594.904,3613.026,3557.456,31332908.0,0.30192739500136345,50166798.25
20130619,3583.298,3588.766,3588.766,3525.448,32895417.0,-0.15236435030872175,48841643.9
20130620,3465.004,3562.128,3566.361,3463.133,33024026.0,-2.7265724308615593,47152903.95
20130621,3446.483,3401.471,3464.592,3347.757,32289840.0,1.3233098268366883,45382890.1
20130624,3232.962,3439.866,3439.866,3200.67,40536541.0,-6.0148854635616615,44144053.55
20130625,3219.134,3202.659,3243.401,2981.691,51554392.0,0.5144163022038846,43831118.35
20130626,3285.818,3222.68,3285.818,3200.158,39900589.0,1.9591768341877063,43314200.9
20130627,3233.222,3293.078,3339.86,3231.146,44968691.0,-1.817630800120731,42786167.6
20130628,3235.978,3212.254,3292.91,3176.242,38640596.0,0.7385468272434298,41714619.0
20130701,3304.591,3226.624,3304.591,3210.662,35326629.0,2.416364596556652,40564995.65
20130702,3359.053,3304.987,3359.123,3295.327,40385074.0,1.635891457364274,39861508.9
20130703,3364.184,3346.107,3372.631,3288.019,44310657.0,0.5402397472645144,39323645.0
20130704,3390.488,3342.011,3427.378,3325.268,46938955.0,1.4505338252926114,39251205.1
20130705,3371.529,3392.584,3427.984,3371.315,43952832.0,-0.6206183840989593,38986361.4
20130708,3240.477,3322.135,3322.135,3240.105,39952470.0,-2.4579976430819444,39153176.25
20130709,3259.911,3231.699,3263.391,3210.731,30094635.0,0.8729773410209302,38717219.8
20130710,3361.395,3259.845,3361.395,3257.904,41864126.0,3.1151787891755647,38774993.5
20130711,3455.884,3364.841,3484.787,3364.229,63323521.0,2.7057147722581876,40079085.45
20130712,3425.135,3453.441,3490.497,3424.277,51808213.0,-0.8196462600635015,40937304.1
20130715,3493.441,3432.257,3493.721,3431.497,46585887.0,1.7826170942327377,41484299.95
20130716,3536.313,3496.728,3536.313,3474.361,49314724.0,1.1320583127998527,42383390.75
20130717,3485.074,3529.714,3552.368,3474.363,50046778.0,-1.2646917002340663,43240958.8
20130718,3481.201,3476.181,3505.185,3445.326,45983436.0,0.14441135257341264,43888929.3
20130719,3394.306,3479.531,3510.11,3394.306,50986595.0,-2.4493243485975524,44823767.05
20130722,3461.281,3374.572,3461.699,3359.386,41992972.0,2.5694814038639513,44896588.6
20130723,3544.966,3470.598,3545.054,3470.598,53543833.0,2.1428007507639877,44996060.65
20130724,3566.282,3536.155,3575.004,3500.079,56549743.0,0.8519705725569142,45828518.35
20130725,3498.242,3561.507,3572.547,3496.311,50866790.0,-1.7763547846459342,46123423.3
20130726,3494.159,3486.957,3520.493,3449.607,39358432.0,0.20654111880359366,46159315.1
20130729,3426.593,3477.264,3484.639,3423.772,39191054.0,-1.4572088860667547,46352536.35
20130730,3411.219,3426.956,3449.539,3349.551,36592728.0,-0.4592121988143437,46162919.05
20130731,3430.743,3428.134,3462.095,3418.715,35825661.0,0.07610554313220905,45738669.25
20130801,3521.152,3435.084,3521.156,3429.716,44225964.0,2.5055573604604784,45603019.7
20130802,3533.609,3535.887,3563.186,3528.641,47264021.0,-0.06442513575802189,45768579.15
20130805,3592.538,3531.652,3592.872,3528.85,41721850.0,1.7240090473240277,45857048.15
20130806,3631.124,3589.52,3638.705,3581.526,49796070.0,1.159040763110383,46842119.9
20130807,3596.318,3628.004,3644.212,3589.339,52616517.0,-0.8733727967223767,47379739.45
20130808,3605.85,3589.162,3627.247,3577.58,42449968.0,0.4649553294055856,46336061.8
20130809,3618.744,3611.776,3637.908,3570.78,44357691.0,0.19292447815147734,45963535.7
20130812,3676.195,3629.509,3676.197,3628.945,56492687.0,1.2862896882195403,46458875.7
20130813,3695.552,3677.115,3695.56,3669.491,52649483.0,0.5013985148683235,46625613.65
20130814,3681.082,3694.68,3706.771,3662.041,52983290.0,-0.3680426992324087,46772439.25
20130815,3631.321,3674.653,3686.261,3629.337,43739736.0,-1.1792133842297459,46660254.25
20130816,3554.348,3611.284,3688.689,3550.818,53635601.0,-1.5766137473541306,46792704.55
20130819,3609.028,3528.908,3609.167,3522.152,38469594.0,2.270390727103112,46616535.65
20130820,3599.637,3606.614,3634.048,3580.194,43159819.0,-0.19345014465090696,46097334.95
20130821,3627.501,3596.933,3627.914,3577.818,42619884.0,0.8498351234232111,45400842.0
20130822,3636.469,3621.886,3650.114,3615.706,46132535.0,0.4026355329792291,45164129.25
20130823,3627.97,3644.676,3654.729,3560.133,54837231.0,-0.458367218375519,45938069.2
20130826,3703.593,3629.357,3703.794,3627.311,53522589.0,2.045431187948716,46654645.95
20130827,3732.098,3702.582,3732.219,3691.161,57467907.0,0.7971734319456012,47698404.9
20130828,3703.92,3707.533,3740.129,3680.496,70205929.0,-0.09745024521696312,49417418.3
20130829,3701.083,3703.046,3715.846,3679.08,62936686.0,-0.05301041358923811,50352954.4
20130830,3664.148,3702.847,3727.3,3645.362,77069196.0,-1.0451147454917815,51843213.15
20130902,3689.959,3674.684,3695.087,3633.461,62860944.0,0.41568200149998297,52900167.85
20130903,3744.871,3685.337,3745.235,3680.147,59626646.0,1.615428928209282,53391696.65
20130904,3755.239,3747.227,3766.414,3734.778,62363848.0,0.21381143976599687,53879063.2
20130905,3762.569,3749.938,3776.004,3741.457,60681105.0,0.3368322356262919,54790620.05
20130906,3792.832,3758.905,3799.071,3754.64,60603117.0,0.9025766812409378,55602891.35
20130909,3831.927,3799.451,3835.48,3793.114,72932219.0,0.854755068561224,56424867.95
20130910,3870.923,3836.471,3871.187,3832.32,81063452.0,0.8980127831019646,57845566.4
20130911,3834.258,3876.586,3876.773,3814.277,88026266.0,-1.0918885844400195,59597715.2
20130912,3845.068,3824.754,3857.518,3815.741,67273439.0,0.5311191255699139,60774400.35
20130913,3849.82,3846.452,3858.426,3825.178,64865343.0,0.0875612122548244,61335887.45
20130916,3854.207,3852.362,3870.727,3836.406,55682311.0,0.04789269544242727,62196523.3
20130917,3786.292,3851.657,3851.657,3785.23,57558553.0,-1.697061810020992,62916460.0
20130918,3822.123,3780.702,3823.012,3776.703,44464410.0,1.0955901840451805,63008686.3
20130923,3899.625,3830.947,3899.86,3830.947,56527139.0,1.7927160046850004,63528416.5
20130924,3903.518,3897.409,3915.983,3864.44,65079754.0,0.15674516069521888,64040542.65
20130925,3889.221,3899.612,3930.602,3881.599,70191622.0,-0.2664624070292141,64873994.3
20130926,3808.216,3879.476,3883.392,3806.641,59027573.0,-1.8368460070380694,64951977.6
20130927,3822.758,3805.497,3841.544,3802.901,43549266.0,0.45358070181108984,63619144.45
20130930,3872.893,3834.17,3873.493,3834.012,39454582.0,1.0099447859641058,62445039.25
20131008,3938.068,3875.522,3938.068,3866.677,55134379.0,1.613872918280435,61348298.4
20131009,3981.058,3928.399,3981.446,3915.73,60214012.0,1.3404697435265642,61215951.8
20131010,3959.63,3990.779,4000.486,3947.841,69807454.0,-0.7805243036509886,61724992.2
20131011,4026.916,3975.109,4027.32,3975.109,72015582.0,1.3032850168385381,62207578.9
20131014,4068.32,4034.189,4069.783,4024.591,74692288.0,0.8460436533836246,62908138.05
20131015,4074.083,4074.827,4080.107,4043.793,75671782.0,-0.01825844385541133,63661571.3
20131016,3963.212,4063.823,4063.823,3941.589,77837952.0,-2.475772197755657,63906857.95
20131017,3956.965,3980.466,4010.622,3944.974,66319178.0,-0.590408258731509,63169644.25
20131018,3970.641,3954.585,3978.342,3937.24,50779601.0,0.4060097330061192,61307311.0
20131021,4069.033,3977.261,4069.224,3968.393,66057291.0,2.3074170892983874,61246503.6
20131022,4026.516,4070.665,4089.096,4014.265,73645943.0,-1.0845648069787095,61685533.6
20131023,3924.219,4026.563,4039.425,3906.509,67708421.0,-2.541721065832077,62286839.1
20131024,3898.156,3914.239,3933.73,3889.338,44942282.0,-0.4108844656649756,61656025.55
20131025,3821.779,3902.226,3916.924,3796.069,49905237.0,-2.0615669107837453,61928066.9
20131028,3808.703,3820.674,3828.723,3785.912,39569843.0,-0.3133216809390177,61080202.1
20131029,3703.86,3801.934,3827.119,3600.434,55739762.0,-2.5795818654400646,60613202.5
20131030,3764.453,3694.312,3764.599,3688.386,41549282.0,1.8986214483238038,59181085.5
20131031,3713.829,3757.806,3757.806,3710.69,41787544.0,-1.170283936956827,58319084.05
20131101,3702.445,3698.469,3720.436,3661.736,33387357.0,0.1075039428477057,57810988.6
20131104,3728.188,3705.449,3744.588,3705.432,32852152.0,0.613663823196596,57480867.1
20131105,3777.404,3719.944,3777.626,3688.213,39498165.0,1.5446469086631422,56699056.4
20131106,3737.106,3768.732,3799.825,3737.106,45097252.0,-0.8391681870719316,55943218.4
20131107,3685.04,3722.241,3734.863,3677.534,34814963.0,-0.9994248088718602,54193593.85
20131108,3629.94,3670.352,3678.228,3618.926,34946730.0,-1.1010388104465132,52340151.25
20131111,3645.84,3626.187,3659.655,3600.085,27357500.0,0.5419742556023792,49973411.85
20131112,3680.536,3645.373,3681.071,3634.868,30054981.0,0.9645926493667455,47692571.8
20131113,3611.76,3677.353,3677.353,3611.76,32957286.0,-1.783701483104827,45448538.5
20131114,3659.83,3602.852,3660.041,3575.837,33107759.0,1.5814693470617185,43787967.55
20131115,3736.452,3661.282,3766.359,3661.282,48826910.0,2.053105988558108,43690333.0
20131118,3827.882,3759.124,3828.016,3755.499,56264006.0,1.8290963532993396,43200668.75
20131119,3840.365,3830.45,3851.567,3814.523,50882611.0,0.25884687177746646,42062502.15
20131120,3878.584,3842.25,3878.704,3827.384,48582895.0,0.9456438284859089,41106225.85
20131121,3865.41,3865.569,3878.236,3838.541,53986873.0,-0.004113236628297295,41558455.4
20131122,3842.756,3868.497,3880.717,3835.918,49023979.0,-0.6654005418641914,41514392.5
20131125,3839.602,3834.808,3874.098,3824.647,46434888.0,0.12501277769316924,41857644.75
20131126,3845.676,3837.873,3855.966,3822.133,42954415.0,0.2033157428606909,41218377.4
20131127,3889.755,3843.651,3890.051,3837.139,47221058.0,1.1994845525777516,41501966.2
20131128,3922.666,3897.255,3945.534,3895.11,55447964.0,0.6520230264634994,42184987.2
20131129,3946.383,3924.416,3947.914,3919.725,48473246.0,0.5597520752132201,42939281.65
20131202,3770.865,3870.029,3905.679,3737.318,66783091.0,-2.5623580598491693,44635828.6
20131203,3859.955,3755.186,3861.158,3750.962,46942058.0,2.7899816413887293,45008023.25
20131204,3932.998,3856.349,3959.107,3852.475,64141883.0,1.987605374928459,45960254.8
20131205,3928.724,3931.142,3944.702,3911.266,49524276.0,-0.06150884399494257,46695720.45
20131206,3918.783,3924.642,3941.538,3906.799,42822790.0,-0.14928750189189036,47089523.45
20131209,3947.704,3928.164,3948.059,3924.813,40104738.0,0.4974334065481981,47726885.35
20131210,3950.486,3948.571,3965.163,3930.002,45884254.0,0.04849855808594967,48518349.0
20131211,3906.78,3941.904,3941.904,3878.327,46188047.0,-0.8910414865506566,49179887.05
20131212,3916.962,3903.448,3943.028,3900.953,39090674.0,0.3462067382478292,49479032.8
20131213,3925.434,3901.988,3932.887,3886.969,35894549.0,0.6008731959196278,48832414.75
20131216,3857.715,3929.377,3932.598,3854.468,41047676.0,-1.8237496682043948,48071598.25
20131217,3834.027,3854.785,3867.778,3824.972,31875311.0,-0.538499553152765,47121233.25
20131218,3834.045,3836.023,3855.359,3819.069,26983216.0,-0.05156382013350977,46041249.3
20131219,3795.023,3840.28,3859.217,3793.398,28183488.0,-1.1784817773704017,44751080.05
20131220,3747.002,3792.676,3807.552,3736.399,29200456.0,-1.2042684373777244,43759903.9
20131223,3742.738,3745.941,3757.388,3687.397,26690131.0,-0.08550588490315182,42772666.05
20131224,3768.703,3746.646,3799.769,3738.765,28610148.0,0.5887132117632621,42055452.7
20131225,3808.453,3766.201,3808.46,3756.713,26951988.0,1.1218732085727754,41041999.2
20131226,3743.132,3809.503,3809.503,3741.609,33116048.0,-1.7422482670311612,39925403.4
20131227,3800.774,3737.645,3809.467,3734.654,32215142.0,1.6890047075096726,39112498.2
20131230,3813.003,3815.682,3828.968,3803.793,31654040.0,-0.07021025337016115,37356045.65
20131231,3829.096,3805.696,3829.802,3789.817,29276062.0,0.6148678191847192,36472745.85
20140102,3847.879,3823.316,3848.253,3813.806,30800260.0,0.6424527818260406,34805664.7
20140103,3816.316,3841.219,3843.36,3802.992,34817561.0,-0.6483098203981664,34070328.95
20140106,3710.898,3806.585,3806.585,3709.909,34511866.0,-2.513722930132912,33654782.75
20140107,3733.662,3699.901,3740.717,3688.421,27208621.0,0.9124838745685349,33009976.9
20140108,3738.205,3735.503,3768.503,3726.114,31943441.0,0.07233296292359478,32312936.25
20140109,3696.023,3732.861,3768.618,3693.64,33354135.0,-0.9868569978898153,31671240.65
20140110,3628.634,3685.019,3689.187,3619.679,31393303.0,-1.5301142273621864,31286372.1
20140113,3612.02,3628.533,3657.686,3588.742,27842415.0,-0.4550874967927788,30883765.4
20140114,3683.534,3610.638,3683.534,3601.993,28565104.0,2.0189229715080876,30259636.8
20140115,3708.142,3681.042,3708.542,3675.635,29479193.0,0.7362045855494154,30139830.9
20140116,3714.314,3709.383,3738.083,3703.191,29583312.0,0.13293315896471303,30269835.7
20140117,3671.915,3704.356,3704.96,3669.587,25325293.0,-0.8757527624234889,30126925.95
20140120,3644.125,3666.303,3680.01,3627.65,23805747.0,-0.6049145419786603,29857190.5
20140121,3700.108,3645.344,3700.594,3645.344,28497804.0,1.5022999201172818,29947574.15
20140122,3799.042,3707.082,3799.057,3707.033,41849047.0,2.48065729325653,30609519.1
20140123,3825.486,3801.749,3841.028,3795.475,40705802.0,0.6243705199896175,31297209.8
20140124,3882.668,3817.078,3890.528,3811.137,45790748.0,1.7183300943810986,31930944.8
20140127,3881.947,3867.566,3916.666,3854.866,42636805.0,0.37183592988459185,32452027.95
20140128,3873.81,3882.006,3906.573,3847.029,31946533.0,-0.21112795807115992,32466652.6
20140129,3908.45,3878.314,3913.124,3878.314,33008381.0,0.77703868227276,32653268.55
20140130,3885.416,3900.013,3908.605,3877.57,28549940.0,-0.374280803679366,32540752.55
20140207,3957.671,3864.891,3957.933,3854.982,34036566.0,2.400585165273736,32501702.8
20140210,4074.63,3972.857,4074.63,3972.857,57754949.0,2.5617081108129525,33663856.95
20140211,4080.378,4081.544,4099.775,4031.951,61876821.0,-0.028567620488709974,35397266.95
20140212,4125.412,4083.819,4125.709,4064.346,59039266.0,1.0184829445183614,36752058.2
20140213,4064.423,4123.215,4137.588,4064.423,61051500.0,-1.4258776221953104,38136926.45
20140214,4134.16,4063.791,4134.226,4060.092,50631158.0,1.7316097210707857,39098819.2
20140217,4212.745,4152.041,4213.142,4152.041,62469417.0,1.4620279520361124,40830169.3
20140218,4207.699,4216.606,4219.034,4188.069,63913296.0,-0.2112362407111348,42597578.9
20140219,4207.994,4206.02,4232.877,4180.914,61217761.0,0.046932729754001416,44184507.3
20140220,4149.071,4211.696,4221.63,4139.199,62564478.0,-1.4869306806569136,45833565.6
20140221,4121.917,4142.3,4156.794,4085.817,48017883.0,-0.49206962315621294,46968195.1
20140224,4105.792,4102.559,4105.792,4043.506,51238733.0,0.07880447301306756,48339844.4
20140225,3961.439,4109.494,4141.259,3937.174,65665271.0,-3.6027549863803148,50198217.75
20140226,3987.48,3941.118,3988.059,3883.963,48856736.0,1.1763667060971044,50548602.2
20140227,3934.727,3992.716,4053.854,3932.311,54510923.0,-1.45236976534269,51238858.25
20140228,3975.929,3926.772,3976.128,3874.722,46601199.0,1.2518424802866108,51279380.8
20140303,4058.799,3975.536,4059.187,3969.299,51290257.0,2.094384254098062,51712053.4
20140304,4059.567,4045.201,4067.425,4016.027,53655609.0,0.3551368646452917,52797507.2
20140305,4037.784,4064.963,4075.753,4031.916,53143631.0,-0.6686161719061179,53804269.7
20140306,4032.756,4030.651,4042.214,3980.279,48189903.0,0.052224814304191014,54786267.85
20140307,4012.447,4032.138,4051.032,3992.94,45686320.0,-0.48835134114952916,55368755.55
20140310,3860.244,3981.513,3981.513,3856.103,49665554.0,-3.0458019350935133,54964285.8
20140311,3864.26,3848.17,3889.238,3826.928,39939678.0,0.4181208210656012,53867428.65
20140312,3865.662,3857.577,3894.063,3803.732,41221160.0,0.2095875208712511,52976523.35
20140313,3907.146,3865.916,3907.851,3861.706,37064658.0,1.0665001515811523,51777181.25
20140314,3888.975,3891.196,3913.503,3860.317,35140833.0,-0.057077566897170015,51002665.0
20140317,3967.15,3889.904,3967.854,3889.904,39288171.0,1.9858073618269265,49843602.7
20140318,3989.201,3970.664,4009.346,3968.889,44270842.0,0.4668488696097128,48861480.0
20140319,3980.673,3979.246,3980.743,3944.091,42668958.0,0.03586106513645248,47934039.85
20140320,3876.578,3973.15,4000.369,3876.428,49863056.0,-2.4306155065879747,47298968.75
20140321,3952.392,3857.823,3954.258,3828.92,52362721.0,2.4513566330026015,47516210.65
20140324,3985.861,3954.054,3995.865,3944.692,54202978.0,0.804414911885366,47664422.9
20140325,3991.144,3977.878,4007.935,3967.621,53667026.0,0.33349439072791126,47064510.65
20140326,4001.502,3997.174,4009.884,3987.192,46277502.0,0.10827649734537388,46935548.95
20140327,3944.044,3994.817,3996.252,3943.792,49459872.0,-1.2709718617899177,46682996.4
20140328,3865.295,3935.198,3951.726,3855.478,53458265.0,-1.7763528035946294,47025849.7
20140331,3840.536,3865.004,3878.0,3815.739,38337778.0,-0.6330653215365326,46378225.75
20140401,3899.488,3836.502,3899.658,3835.227,34655220.0,1.641755953730765,45428206.3
20140402,3902.043,3901.19,3922.079,3891.554,43981943.0,0.021865123205997795,44970121.9
20140403,3896.28,3902.067,3919.169,3880.404,42342712.0,-0.14830601319761572,44677762.35
20140404,3939.229,3888.729,3939.613,3881.964,38203218.0,1.2986248206033386,44303607.25
20140408,3981.625,3927.506,3981.625,3918.976,42618208.0,1.3779482450185983,43951239.95
20140409,4018.547,3987.425,4019.085,3987.425,43685035.0,0.7805037085336989,44138507.8
20140410,4038.84,4022.048,4052.844,4012.659,51174181.0,0.41749874690705757,44636158.85
20140411,4021.194,4021.964,4031.208,4001.797,43247393.0,-0.019144875488691142,44945295.6
20140414,4051.33,4019.505,4051.49,4018.736,41571742.0,0.7917641600147237,45266841.05
20140415,4021.906,4050.333,4050.333,4015.089,45456868.0,-0.7018435274334267,45575275.9
20140416,4019.883,4010.358,4026.764,3992.496,38105115.0,0.2375099679380154,45266989.55
20140417,4014.94,4025.377,4035.366,4012.71,38718390.0,-0.25928006246371205,45069461.15
20140418,4029.262,4006.875,4029.762,3995.549,34736479.0,0.5587147090937494,44313132.3
20140421,3965.337,4004.614,4032.846,3962.286,40253951.0,-0.9807936545195128,43707693.8
20140422,3947.169,3957.22,3974.628,3889.777,41934820.0,-0.2539914384340505,43094285.9
20140423,3929.168,3942.498,3956.408,3913.175,30741912.0,-0.33811050760203115,41948030.2
20140424,3884.811,3924.454,3931.512,3884.591,32345720.0,-1.0101532595362317,41251441.1
20140425,3800.681,3879.448,3886.763,3797.471,36000619.0,-2.0303661758064506,40578478.45
20140428,3684.593,3785.957,3785.957,3679.958,36670330.0,-2.6773679679932982,39739081.7
20140429,3738.926,3678.621,3739.249,3678.007,28297418.0,1.63933713203942,39237063.7
20140430,3766.17,3734.799,3770.727,3728.411,26592828.0,0.8399648816442356,38833944.1
20140505,3798.288,3761.23,3798.359,3746.193,28615421.0,0.985262799669257,38065618.0
20140506,3817.98,3795.36,3831.413,3790.505,30600384.0,0.5959908941444261,37478501.6
20140507,3749.965,3806.838,3806.838,3747.785,29363631.0,-1.4939695358720295,37036522.25
20140508,3754.011,3740.254,3798.215,3733.75,30515953.0,0.3678092450405791,36431409.5
20140509,3716.022,3748.486,3752.455,3688.045,29488834.0,-0.8660563224725915,35721599.45
20140512,3812.758,3738.667,3812.827,3730.954,42454809.0,1.981749110043764,35285630.85
20140513,3806.89,3810.491,3819.753,3788.456,35814980.0,-0.09450225705821409,34914010.2
20140514,3803.803,3805.147,3816.405,3796.107,28307555.0,-0.0353205802561649,34250800.85
20140515,3732.337,3797.12,3799.079,3728.318,30771182.0,-1.7061088403842888,33516516.55
20140516,3726.656,3722.556,3733.28,3685.074,26713346.0,0.11013937735254778,32946928.1
20140519,3705.364,3722.391,3722.391,3679.637,24203591.0,-0.4574210500723874,32221188.15
20140520,3715.71,3720.226,3748.753,3708.141,24846022.0,-0.12139047466471328,31726665.3
20140521,3747.334,3708.121,3747.551,3680.886,24046891.0,1.0574897636835405,30916312.3
20140522,3746.14,3748.93,3788.056,3744.604,30960985.0,-0.07442123485901214,30367620.55
20140523,3786.563,3742.991,3786.563,3742.98,28877233.0,1.1640957726053873,30274386.6
20140526,3827.487,3798.73,3827.59,3798.73,33396372.0,0.7570161606642236,30326919.2
20140527,3818.322,3825.373,3834.421,3812.886,32742760.0,-0.18432189488449705,30164026.25
20140528,3861.588,3818.354,3862.104,3812.997,36774765.0,1.1322679877245636,30169248.0
20140529,3821.867,3862.298,3874.102,3821.424,37364674.0,-1.0468120274510042,30622610.8
20140530,3829.238,3818.47,3840.864,3798.805,34479814.0,0.28199776350213646,31016960.1
20140603,3822.716,3833.12,3845.481,3821.428,30154991.0,-0.2714238009767499,31093938.6
20140604,3789.294,3820.5,3820.762,3760.291,30240407.0,-0.816804083235182,31075939.75
20140605,3832.055,3783.883,3832.384,3779.992,29580727.0,1.273083760782245,31086794.55
20140606,3818.333,3833.378,3837.401,3800.086,29926322.0,-0.3924736876979018,31057313.0
20140609,3797.429,3809.585,3830.604,3795.173,26819523.0,-0.3190898746188876,30923847.45
20140610,3840.019,3801.509,3840.243,3784.053,30297387.0,1.0130187775433324,30315976.35
20140611,3858.051,3838.668,3859.034,3832.534,31915295.0,0.5049407763317851,30120992.1
20140612,3850.113,3851.233,3857.908,3832.944,35134918.0,-0.029081595426720366,30462360.25
20140613,3891.557,3846.622,3894.543,3843.623,39840797.0,1.1681678106140907,30915841.0
20140616,3914.981,3893.918,3915.215,3893.166,39294758.0,0.5409204816331545,31544911.6
20140617,3879.344,3909.618,3909.618,3876.23,39860754.0,-0.774346752035618,32327769.75
20140618,3858.099,3878.694,3881.392,3855.231,40688671.0,-0.5309776950695207,33119902.2
20140619,3755.694,3853.59,3860.303,3739.412,43351490.0,-2.5403844207609056,34085132.15
20140620,3789.342,3751.179,3789.41,3751.081,29331630.0,1.0173601419713645,34003664.4
20140623,3815.879,3790.844,3827.828,3790.839,32200351.0,0.6604070228160234,34169820.3
20140624,3839.203,3814.527,3839.594,3812.753,34149694.0,0.6468954080020912,34207486.4
20140625,3814.03,3835.59,3835.59,3803.292,30419894.0,-0.5621038745017048,34091343.1
20140626,3861.95,3812.907,3863.095,3812.907,40550701.0,1.2862364594782842,34280139.9
20140627,3889.323,3861.097,3905.543,3853.75,48476120.0,0.7310357652242266,34835712.2
20140630,3924.903,3895.149,3925.442,3889.645,49209663.0,0.7638732176869205,35572204.65
20140701,3951.726,3927.483,3951.919,3917.53,48813985.0,0.617265561684161,36505154.35
20140702,3979.31,3950.473,3979.371,3937.239,52966357.0,0.7299632221255528,37641451.85
20140703,4019.647,3978.816,4026.065,3972.117,61184094.0,1.0262098071386094,39221620.2
20140704,4004.561,4018.39,4022.217,3997.76,55166389.0,-0.3441428034610808,40483623.55
20140707,4014.488,4004.097,4024.368,3992.281,51197153.0,0.25950919770424197,41702505.05
20140708,4039.707,4012.551,4039.922,3982.332,50180744.0,0.676776444710608,42696672.9
20140709,3982.404,4033.819,4047.382,3981.252,56944645.0,-1.2745985875915593,43948140.4
20140710,3982.198,3980.501,4008.126,3975.704,48708484.0,0.042632824360543095,44626818.7
20140711,4029.751,3979.73,4033.885,3978.1,53074687.0,1.2568943119256881,45288513.2
20140714,4090.802,4033.708,4090.802,4033.695,60592480.0,1.4154222368104,46353399.3
20140715,4093.113,4089.346,4098.28,4063.602,66833998.0,0.09211741926459208,47702061.5
20140716,4062.119,4089.649,4105.015,4046.549,59414417.0,-0.6731629046893693,48638348.8
20140717,4031.44,4055.906,4055.906,4006.283,49988358.0,-0.6032191081351465,48970192.2
20140718,4042.521,4018.358,4066.176,4012.508,49582586.0,0.6013152635977185,49982740.0
20140721,4030.242,4038.741,4048.938,4017.453,44186094.0,-0.21043686634027278,50582027.15
20140722,4083.288,4024.421,4086.111,4023.016,54673016.0,1.462744578661134,51608193.25
20140723,4057.113,4083.08,4094.649,4042.041,58518276.0,-0.6359659864612033,53013112.35
20140724,4054.223,4055.145,4073.863,4013.555,62738287.0,-0.022736548261530116,54122491.65
20140725,4089.801,4052.032,4089.801,4047.873,55043408.0,0.9321002400770719,54450856.05
20140728,4168.373,4106.992,4168.393,4106.992,79528351.0,1.4945488084710028,55966790.45
20140729,4207.862,4173.17,4221.575,4167.273,80760831.0,0.8313104905862931,57564132.75
20140730,4214.836,4198.41,4220.214,4184.354,69146676.0,0.3912433516498004,58373148.7
20140731,4257.045,4211.067,4257.414,4208.57,65711040.0,1.091837294443429,58599496.0
20140801,4210.219,4242.299,4268.434,4201.924,78171893.0,-0.7561937524912772,59749771.2
20140804,4278.847,4213.114,4278.847,4213.114,66083148.0,1.5601998901525138,60494070.95
20140805,4300.12,4284.145,4300.505,4262.764,74379616.0,0.3728865386208789,61704014.55
20140806,4328.601,4291.63,4336.757,4276.676,74507248.0,0.8614675542858903,62582144.7
20140807,4286.09,4329.301,4348.194,4284.221,71135738.0,-0.9981056988183598,63703507.4
20140808,4311.697,4287.941,4317.931,4283.606,57397716.0,0.5540188169566772,63919658.85
20140811,4377.018,4317.347,4377.244,4317.347,64798592.0,1.382121937384238,64129964.45
20140812,4399.806,4378.247,4400.002,4370.226,67262929.0,0.49241168897047805,64151411.0
20140813,4401.809,4399.403,4410.462,4347.368,73110600.0,0.054689238517134,64836220.15
20140814,4373.504,4397.207,4426.47,4368.707,74617880.0,-0.5390467176096196,66067696.25
20140815,4423.636,4372.771,4428.973,4368.337,64972287.0,1.163221216020704,66837181.3
20140818,4483.544,4434.175,4483.568,4434.175,71526261.0,1.113375092322691,68204189.65
20140819,4496.938,4491.169,4500.802,4461.981,77521491.0,0.12845208007091768,69346613.4
20140820,4497.399,4495.823,4521.25,4481.92,76368692.0,0.03505476083022,70239134.2
20140821,4495.44,4498.493,4501.661,4442.644,72257054.0,-0.06786717240642129,70715072.55
20140822,4521.752,4491.628,4526.239,4478.794,72034759.0,0.6706699664353484,71564640.1
20140825,4487.142,4521.809,4522.704,4476.198,67975469.0,-0.766662192056329,70986996.0
20140826,4407.588,4474.454,4490.902,4390.111,69606911.0,-1.4943946233439875,70429300.0
20140827,4421.212,4401.876,4432.151,4401.668,54359738.0,0.4392672578691503,69689953.1
20140828,4381.494,4423.764,4431.577,4368.669,54355982.0,-0.9555211353951167,69122200.2
20140829,4427.879,4378.624,4427.879,4370.853,43722812.0,1.1248967712231082,67399746.15
20140901,4507.442,4436.546,4507.486,4436.108,57685418.0,1.5979998854965038,66979859.65
20140902,4576.12,4519.242,4576.12,4514.733,84153838.0,1.2585738935865727,67468570.75
20140903,4608.557,4582.479,4612.334,4571.946,87927134.0,0.5690806220824911,68139565.05
20140904,4647.886,4611.562,4648.222,4598.864,94318100.0,0.7876723765179894,69298683.15
20140905,4666.474,4654.515,4666.918,4629.176,90826617.0,0.2569333217316913,70970128.2
20140909,4701.699,4672.109,4701.944,4643.381,89284306.0,0.6333328267812081,72194413.9
20140910,4709.909,4686.117,4713.959,4662.181,86187344.0,0.5077124621514884,73140634.65
20140911,4704.942,4707.045,4762.132,4670.643,97669705.0,-0.044677711812826634,74368589.9
20140912,4756.949,4698.109,4757.04,4689.627,78550025.0,1.252418792326854,74565197.15
20140915,4807.555,4759.773,4810.07,4752.853,92873064.0,1.0038714031110338,75960236.0
20140916,4645.546,4809.437,4816.324,4643.862,117310229.0,-3.4076961606940612,78249434.4
20140917,4686.047,4649.609,4686.392,4604.671,86276129.0,0.7836787996581903,78687166.3
20140918,4719.009,4679.111,4719.584,4663.147,77913057.0,0.8526833409166856,78764384.55
20140919,4758.727,4718.78,4762.171,4705.088,73891425.0,0.8465535583349958,78846103.1
20140922,4694.229,4753.795,4753.795,4682.616,77667073.0,-1.2530199556354407,79127718.8
20140923,4754.472,4693.367,4754.472,4692.899,71679128.0,1.3019437857725502,79312901.75
20140924,4815.71,4746.621,4816.184,4733.556,84890143.0,1.455540688839491,80077063.35
20140925,4814.735,4826.985,4861.797,4797.271,92339396.0,-0.2537816048734355,81976046.25
20140926,4829.935,4803.443,4833.802,4787.309,72968523.0,0.5515210652026096,82906673.3
20140929,4877.435,4847.816,4880.155,4847.816,80918091.0,0.6109761591611685,84766437.25
20140930,4916.119,4886.556,4921.076,4877.883,81755047.0,0.6049864157905916,85969918.7
20141008,4993.531,4935.048,4993.614,4913.679,90358512.0,1.185054329765388,86280152.4
20141009,5004.001,4996.662,5010.825,4936.729,104303284.0,0.14687805579004426,87098959.9
20141010,4981.853,4987.042,5007.125,4952.191,96123927.0,-0.10404965508612732,87189251.25
20141013,4982.681,4964.233,4982.681,4906.158,83134546.0,0.3716183345946778,86804647.7
20141014,4966.083,4978.896,5013.95,4933.595,82292188.0,-0.25734620686995874,86455041.8
20141015,4987.707,4967.229,4988.178,4922.482,81985748.0,0.41226204791444215,86244962.0
20141016,4906.244,4962.581,5007.275,4906.244,95753175.0,-1.1352358782657743,86149135.5
20141017,4860.732,4894.593,4914.66,4771.767,85229817.0,-0.6918042010847455,86483125.1
20141020,4929.16,4873.455,4929.473,4869.877,64596603.0,1.1430289189086578,85069302.05
20141021,4884.024,4929.23,4942.459,4878.18,67813183.0,-0.9171006424938424,82594449.75
20141022,4825.609,4881.512,4902.777,4821.194,61360808.0,-1.1451984549049423,81348683.7
20141023,4755.231,4815.123,4832.427,4732.762,65012401.0,-1.2438311544689478,80703650.9
20141024,4774.666,4757.088,4800.361,4754.886,56333896.0,0.3695117685441268,79825774.45
20141027,4809.518,4762.517,4809.942,4739.33,56003586.0,0.9868941150236357,78742600.1
20141028,4924.955,4819.55,4925.085,4819.55,75113014.0,2.1870299094313728,78914294.4
20141029,4991.755,4938.715,4999.958,4923.515,105608671.0,1.0739635714958236,79950220.8
20141030,4992.63,4988.972,5021.19,4975.786,99168604.0,0.07332171838207062,80291681.2
20141031,4986.416,4999.003,5012.26,4945.289,91669059.0,-0.25179020696725996,81226708.0
20141103,5028.698,4993.171,5028.757,4992.529,92197435.0,0.7115117827929394,81790675.2
20141104,5003.47,5028.54,5036.096,4983.052,93807651.0,-0.4985542523277076,82393305.4
20141105,4995.443,5004.891,5013.614,4976.131,84678572.0,-0.18877533996243698,82109308.4
20141106,5024.848,4992.723,5025.226,4959.732,79650741.0,0.6434364574201293,80876681.25
20141107,4977.255,5029.797,5049.284,4956.868,96201285.0,-1.0446147230196263,80880549.15
20141110,5031.001,4989.439,5031.197,4973.317,85242918.0,0.832999461462499,80985967.75
20141111,4881.48,5038.684,5041.332,4842.497,106506602.0,-3.119941635554058,82196688.45
20141112,4965.384,4866.425,4965.384,4855.634,72860729.0,2.0335050884376074,81740437.5
20141113,4921.671,4963.732,4967.211,4889.373,87063498.0,-0.8473664573349184,81305953.65
20141114,4909.609,4901.139,4920.094,4862.392,65753809.0,0.17281697172841362,80332153.25
20141117,4958.466,4925.472,4982.52,4894.649,68439222.0,0.6698647358060426,80524284.2
20141118,4967.651,4951.585,4973.855,4947.022,63490500.0,0.3244617632535805,80308150.05
20141119,4985.101,4967.636,5002.437,4959.495,68164715.0,0.35157567905537435,80648345.4
20141120,4974.626,4972.741,4990.935,4961.604,59676755.0,0.03790665952641045,80381563.1
20141121,5029.773,4975.535,5029.777,4975.444,72866762.0,1.0900938291058204,81208206.4
20141124,5112.119,5088.226,5130.028,5065.192,118515606.0,0.46957426812409725,84333807.4
20141125,5189.001,5118.689,5189.429,5106.516,107770016.0,1.3736329751621927,85966657.5
20141126,5214.21,5198.127,5215.643,5168.175,109880097.0,0.30939990500423764,86180228.8
20141127,5251.389,5229.4,5251.699,5202.764,120587367.0,0.42048801009676995,87251166.95
20141128,5245.267,5249.665,5261.164,5193.353,125361752.0,-0.08377677432750734,88935801.6
20141201,5208.139,5246.428,5247.007,5181.1,115923389.0,-0.7298108351053281,90122099.3
20141202,5277.657,5201.37,5278.648,5196.093,109407004.0,1.466671280835631,90902066.95
20141203,5339.005,5284.573,5339.248,5245.358,152946990.0,1.030016994750565,94315487.85
20141204,5451.962,5345.007,5452.335,5343.125,152121975.0,2.001026378450035,97939049.55
20141205,5333.892,5462.757,5464.226,5185.355,172436982.0,-2.3589736830688204,101750834.4
20141208,5412.674,5310.567,5435.789,5266.021,152402002.0,1.9227137139970172,105108788.6
20141209,5195.406,5392.947,5465.086,5181.517,197608666.0,-3.6629508875203145,109663891.8
20141210,5374.097,5184.017,5374.227,5150.995,131311673.0,3.6666546425291413,112586439.0
20141211,5454.443,5366.208,5454.918,5341.863,139869628.0,1.6442709637792756,115226745.5
20141212,5493.2,5457.228,5498.95,5437.655,116562829.0,0.6591624905538077,117767196.5
20141215,5583.597,5485.13,5588.853,5466.79,129681032.0,1.7951625576786627,120829287.0
20141216,5606.693,5590.266,5609.681,5548.963,125116823.0,0.29385006008659675,123910603.15
20141217,5557.286,5597.88,5597.88,5488.796,133134511.0,-0.7251673847956736,127159092.95
20141218,5558.045,5551.038,5598.985,5543.401,107138998.0,0.12622864408423284,129532205.1
20141219,5524.122,5554.665,5558.176,5423.753,133387146.0,-0.549862142901501,132558224.3
20141222,5305.209,5523.661,5523.963,5279.96,151327540.0,-3.9548408202458516,134198821.0
20141223,5193.722,5273.99,5316.717,5187.632,95282588.0,-1.521959654834386,133574449.6
20141224,5262.365,5212.069,5263.201,5197.721,86145747.0,0.9649910620906853,132387732.1
20141225,5364.563,5279.297,5365.074,5272.319,89766624.0,1.615101404599903,130846694.95
20141226,5422.751,5370.332,5423.346,5359.533,105786714.0,0.9760849049928358,129867943.05
20141229,5367.637,5436.488,5436.488,5330.327,120696241.0,-1.2664609946715704,130106585.65
20141230,5275.085,5357.388,5366.16,5261.615,98910328.0,-1.536252367758316,129581751.85
20141231,5322.714,5274.651,5322.714,5241.362,93682899.0,0.9112072059364704,126618547.3
20150105,5417.017,5338.752,5427.231,5314.339,128787603.0,1.4659793150159328,125451828.7
20150106,5479.864,5389.903,5482.124,5354.338,123754496.0,1.6690652874457912,123017704.4
20150107,5488.242,5471.402,5492.825,5436.918,96050494.0,0.30778217356356097,120200129.0
20150108,5444.037,5482.394,5497.744,5418.011,95634617.0,-0.6996396099951949,115101426.55
20150109,5409.058,5424.501,5497.689,5409.058,90640808.0,-0.2846897806821348,113067883.3
20150112,5332.221,5386.584,5386.584,5303.732,78026430.0,-1.0092295970878815,109975723.4
20150113,5405.091,5333.968,5407.629,5333.968,68693766.0,1.3333975756885024,107582270.25
20150114,5379.738,5404.374,5417.802,5350.165,67086497.0,-0.4558529813073543,104452543.5
20150115,5449.038,5380.447,5449.255,5380.336,67885513.0,1.2748197315204375,101590978.0
20150116,5520.123,5459.185,5520.785,5454.239,84506844.0,1.1162472053978605,99159594.65
20150119,5281.895,5359.47,5475.66,5222.04,105336272.0,-1.4474378996430584,99069458.35
20150120,5472.514,5303.181,5472.736,5303.181,91937953.0,3.193045834188962,96996998.7
20150121,5611.694,5490.84,5611.982,5490.526,110167428.0,2.2010111385507547,94938993.1
20150122,5690.156,5617.609,5690.43,5610.09,105412621.0,1.291421314655391,95445494.75
20150123,5633.289,5697.837,5699.726,5611.066,99440337.0,-1.1328509397513598,96110224.25
20150126,5758.979,5644.031,5759.367,5636.204,101298794.0,2.0366294940619625,96686832.75
20150127,5773.816,5767.737,5783.99,5670.431,114317987.0,0.10539662262685909,97113396.4
20150128,5739.919,5756.682,5798.571,5722.494,102386415.0,-0.2911920443060763,96197905.1
20150129,5701.205,5692.387,5739.486,5670.505,84538580.0,0.15490865255647956,95479317.7
20150130,5632.728,5708.284,5735.932,5631.565,80593273.0,-1.3236201982942613,94824836.4
20150202,5609.389,5568.435,5652.667,5539.523,71871863.0,0.7354669669305598,91979049.4
20150203,5707.476,5627.399,5708.281,5627.399,75432559.0,1.4229842241504345,89562952.55
20150204,5683.519,5720.975,5734.328,5680.833,80926716.0,-0.6547135759201907,88806763.65
20150205,5654.217,5741.193,5745.136,5654.217,88324355.0,-1.5149464579922773,88441250.55
20150206,5534.785,5640.025,5657.662,5510.763,76277610.0,-1.865949175757196,87723090.65
20150209,5504.974,5526.144,5551.898,5492.546,55873438.0,-0.3830880990433849,86615441.05
20150210,5580.704,5502.725,5581.341,5500.535,54973769.0,1.4170978924078408,85929441.2
20150211,5641.786,5587.639,5642.297,5587.44,58059566.0,0.9690497184946976,85478094.65
20150212,5681.341,5647.546,5689.743,5640.858,62691774.0,0.5984015004038935,85218407.7
20150213,5769.272,5709.156,5789.382,5709.156,82306367.0,1.0529752558872099,85108383.85
20150216,5869.713,5786.153,5870.082,5786.038,82305575.0,1.4441374087411702,83956849.0
20150217,5911.098,5888.871,5914.285,5877.948,80938872.0,0.3774407692068626,83406894.95
20150225,5906.538,5926.234,5952.709,5887.366,83550615.0,-0.3323527218128886,82076054.3
20150226,5969.557,5903.262,5970.06,5897.715,90920744.0,1.1230231692240678,81351460.45
20150227,6018.463,5974.359,6025.115,5970.681,96560682.0,0.7382214560591246,81207477.7
20150302,6139.792,6064.821,6139.792,6039.254,127235331.0,1.2361617927388204,82504304.55
20150303,6118.656,6124.276,6199.497,6099.131,146953263.0,-0.09176594915055904,84136068.35
20150304,6210.421,6114.694,6211.089,6114.214,119226334.0,1.5655239657127544,84978064.3
20150305,6208.988,6212.66,6217.788,6161.377,120959089.0,-0.059105117614670216,86799089.75
20150306,6133.026,6214.332,6234.114,6129.622,109313725.0,-1.308362668747027,88235112.35
20150309,6212.236,6113.581,6212.57,6080.543,98702215.0,1.613702345646516,89576629.95
20150310,6276.485,6214.519,6299.281,6205.924,102915059.0,0.9971165910024483,90950754.95
20150311,6262.892,6275.173,6281.191,6236.793,99462453.0,-0.19570775180222044,91877541.8
20150312,6260.137,6273.692,6288.517,6220.631,101821474.0,-0.21606097334711827,92552397.75
20150313,6329.576,6271.818,6329.701,6271.818,95229828.0,0.9209132025195854,93500008.65
20150316,6516.765,6369.197,6517.031,6369.197,137058320.0,2.316901172942212,97559252.75
20150317,6618.054,6547.39,6635.096,6525.829,172583338.0,1.0792697548183283,103439731.2
20150318,6728.068,6624.388,6728.506,6612.457,164616348.0,1.5651257142546646,108767570.3
20150319,6782.463,6733.12,6783.14,6687.442,166872988.0,0.7328400503778315,113976631.0
20150320,6850.897,6789.058,6862.375,6786.335,152162319.0,0.9108627441391712,117469428.6
20150323,7017.154,6891.922,7017.481,6891.922,171778131.0,1.8170838265436098,121943056.4
20150324,7046.123,7042.926,7055.1,6801.545,197066881.0,0.04539306532539468,127749456.85
20150325,7124.872,7051.821,7170.826,7001.514,169575448.0,1.0359168220520683,132050698.5
20150326,7074.437,7104.036,7171.621,6995.645,163926380.0,-0.4166504786856396,135700980.3
20150327,7155.945,7076.488,7167.37,7060.432,126460982.0,1.1228309862180141,137195995.3
20150330,7245.497,7180.063,7259.541,7180.063,163219546.0,0.9113290510125077,138995206.05
20150331,7253.104,7280.15,7328.851,7214.481,169906003.0,-0.3715033344093098,140142843.05
20150401,7425.733,7258.831,7430.945,7258.738,154918806.0,2.2992958508057293,141927466.65
20150402,7560.648,7463.907,7561.201,7447.119,167650949.0,1.2961174355468252,144262059.65
20150403,7679.01,7532.148,7682.723,7494.362,170123561.0,1.9498023671335198,147302551.45
20150407,7863.284,7728.91,7863.595,7728.8,180904835.0,1.7385892706733523,151412682.45
20150408,7807.997,7908.77,7920.983,7674.066,189495727.0,-1.2741930793283929,155741715.85
20150409,7746.151,7818.2,7818.2,7483.278,182754749.0,-0.9215548335934101,159906330.65
20150410,7952.189,7727.007,7971.622,7683.8,161502966.0,2.9142202148904577,162890405.25
20150413,8122.893,7994.253,8143.382,7977.0,178484987.0,1.6091559774252873,167053163.2
20150414,8119.959,8129.728,8192.238,8039.951,183190497.0,-0.12016392184339049,169359772.05
20150415,7802.747,8093.134,8093.134,7786.93,167211024.0,-3.588066131118053,169091156.35
20150416,7912.088,7705.464,7976.121,7607.4,143246059.0,2.681525732908489,168022641.9
20150417,7980.76,7979.354,8032.075,7925.743,191109824.0,0.0176204740383739,169234483.7
20150420,7839.901,7967.033,8051.47,7801.029,214596065.0,-1.5957257865004515,172356171.0
20150421,8112.687,7852.515,8113.021,7846.614,169810409.0,3.313231493349577,172257784.9
20150422,8323.427,8180.116,8333.821,8179.302,199156922.0,1.7519433709741974,172362286.95
20150423,8410.703,8371.85,8447.925,8275.126,197994963.0,0.4640909715295801,173783262.7
20150424,8419.095,8321.328,8453.341,8256.2,183527676.0,1.1748966030422046,174763327.5
20150427,8513.016,8503.57,8576.483,8413.234,185685531.0,0.11108275700676203,177724554.95
20150428,8266.483,8533.673,8543.33,8187.155,184257625.0,-3.1310081836976935,178776458.9
20150429,8428.254,8248.315,8449.701,8204.73,145074727.0,2.1815243477001096,177534895.1
20150430,8469.673,8460.394,8551.465,8458.601,146653891.0,0.10967574323371289,177121649.35
20150504,8510.481,8493.963,8532.654,8381.373,136204601.0,0.19446752946769405,175549331.95
20150505,8199.344,8501.119,8501.119,8160.656,144224275.0,-3.549826793390393,174254367.65
20150506,8082.999,8220.597,8359.296,8012.483,129313935.0,-1.6738200400773808,171674822.65
20150507,7903.478,8043.008,8076.23,7886.362,112570941.0,-1.7347987220701477,167828583.35
20150508,8201.293,7989.339,8201.804,7983.826,118887574.0,2.6529604013548522,164635224.6
20150511,8558.218,8292.625,8558.801,8242.098,148572310.0,3.2027614898780636,163988691.8
20150512,8745.678,8595.08,8746.21,8564.663,165849063.0,1.7521419230536535,163356895.6
20150513,8824.929,8719.584,8909.575,8643.43,174986441.0,1.2081424985412073,162946692.8
20150514,8813.393,8829.827,8878.47,8725.297,149017853.0,-0.186119161791044,162037034.25
20150515,8742.885,8790.006,8828.115,8626.229,143713577.0,-0.5360747194029127,162060410.15
20150518,8903.595,8725.41,8929.944,8698.898,140445390.0,2.042138994041535,159527188.45
20150519,9124.833,8927.387,9125.515,8904.189,151754592.0,2.211688593762093,156385114.8
20150520,9277.331,9176.026,9429.22,9173.403,190955967.0,1.1040182318576723,157442392.7
20150521,9619.223,9320.842,9620.095,9320.23,187177992.0,3.20122366627392,156843446.2
20150522,9778.171,9756.529,9821.811,9547.422,222507872.0,0.22182069053451103,158069091.65
20150525,10040.09,9717.511,10040.71,9659.316,228463954.0,3.3195640323947115,160315905.55
20150526,10373.58,10117.73,10373.84,10046.24,238514276.0,2.528729270300753,162957342.8
20150527,10497.34,10421.3,10539.75,10192.18,232612180.0,0.7296594474777703,165375070.55
20150528,9868.424,10501.36,10637.91,9860.554,258094075.0,-6.027181241286839,171026037.95
20150529,9966.845,9846.389,10140.1,9433.088,198772638.0,1.2233520329127778,173631975.3
20150601,10488.31,10067.53,10488.89,10067.53,186016136.0,4.179575327811278,176122552.05
20150602,10886.4,10592.75,10887.88,10541.28,213234225.0,2.772179084751359,179573049.55
20150603,10979.99,10973.96,11055.21,10674.07,209059570.0,0.05494825933392007,183560331.3
20150604,10965.41,10986.42,11023.34,10269.04,211460189.0,-0.19123608964521854,188504793.7
20150605,11144.52,11117.36,11236.15,10887.17,248874600.0,0.24430260421538794,195004145.0
20150608,11030.92,11157.18,11157.18,10860.39,235630581.0,-1.1316479612231785,199357058.55
20150609,11013.74,11009.88,11089.2,10861.58,185184469.0,0.035059419357891114,200323828.85
20150610,11208.0577,10947.4931,11319.9048,10830.3274,184590364.0,2.3801302966795177,200804025.0
20150611,11366.2931,11220.0678,11367.6331,11155.9521,190367981.0,1.3032479179849523,202871531.4
20150612,11545.8906,11424.3345,11616.3848,11400.6514,210655587.0,1.0640103368822034,206218631.9
20150615,11332.892,11589.9517,11616.3497,11304.0384,205877379.0,-2.2179531602362053,209490231.35
20150616,10879.8358,11205.7538,11205.7538,10768.615,179503841.0,-2.9084879591054342,210877693.8
20150617,11100.5456,10865.3946,11133.1124,10497.6866,160039587.0,2.164219604136603,209331874.8
20150618,10731.3787,11093.2992,11178.3183,10714.3287,154351939.0,-3.2625145457178344,207690572.15
20150619,9987.4074,10475.9215,10601.0427,9968.9918,137848611.0,-4.663208864251229,203457609.1
20150623,10046.8849,9951.7822,10074.8264,9333.9096,141045839.0,0.9556348610603582,199086703.35
20150624,10267.6266,10136.2543,10271.231,9950.6181,158209439.0,1.29606357646334,195071461.5
20150625,9906.1037,10298.5576,10343.0542,9771.89,164073383.0,-3.8107656940230195,191644521.65
20150626,9078.0648,9571.555,9603.1273,9059.3579,145076586.0,-5.155799658467199,185993647.2
20150629,8484.6434,9267.0283,9281.1722,8339.3301,181652778.0,-8.442673041151705,185137654.2
20150630,8906.0202,8302.1812,8912.3967,7882.3288,195568535.0,7.273257297732792,185615274.15
20150701,8411.9097,8808.5142,9103.0927,8385.4325,171297426.0,-4.5025130344911,183518434.2
20150702,7835.1035,8369.492,8433.5238,7787.0991,156973835.0,-6.384957414380706,180914147.45
20150703,7355.491,7530.2654,7930.1456,7249.3088,156105993.0,-2.320959364858511,178146437.65
20150706,7235.999,7842.4287,7842.4287,6883.6138,230754385.0,-7.732677250862357,177240426.9
20150707,6763.5263,6977.5478,7030.9781,6763.1184,114115961.0,-3.067288195431636,171164695.9
20150708,6602.3735,6444.6672,6702.2787,6444.2478,275340759.0,2.447082139478045,175672510.4
20150709,6896.3516,6525.1212,6896.4927,6525.1212,95815747.0,5.689249113104602,171233779.55
20150710,7244.7842,7101.8176,7245.3276,7081.3543,72141194.0,2.013098731231843,165322440.2
20150713,7695.6351,7563.3803,7695.6691,7502.551,124577679.0,1.7486202564744844,161018544.8
20150714,7859.0574,7853.9972,8076.1908,7772.3932,167383703.0,0.0644283397503617,159093861.0
20150715,7405.2945,7836.0835,7837.8439,7391.9596,164267658.0,-5.497503950793783,158332051.85
20150716,7578.7585,7342.8309,7729.6972,7078.7104,142013079.0,3.213033273039149,157430726.45
20150717,7994.6971,7629.782,8050.7281,7620.1615,139377370.0,4.782772299392042,156681998.0
20150720,8116.4956,8025.1042,8250.398,7931.6512,162131840.0,1.1388188579532765,157896159.45
20150721,8220.4627,8011.9037,8291.9267,7937.629,143097593.0,2.603114163741137,157998747.15
20150722,8320.2364,8207.1733,8354.3846,8075.5953,161165847.0,1.37761316676473,158146567.55
20150723,8551.9909,8330.4701,8585.8005,8288.8417,177494966.0,2.659163256585006,158817646.7
20150724,8425.0739,8580.6465,8706.2517,8348.4175,196947875.0,-1.813063852473136,161411211.15
20150727,7794.1809,8240.6784,8493.3478,7791.6,171740043.0,-5.418212898588548,160915574.4
20150728,7649.8199,7514.1481,7893.9378,7261.6068,180294330.0,1.8055513172544477,160151864.15
20150729,8022.7956,7765.9486,8024.5768,7472.6332,132745245.0,3.3073486991660057,158224255.1
20150730,7800.5799,7979.569,8174.7014,7766.4615,141928700.0,-2.2430923274176924,157471998.35
20150731,7727.0608,7692.4784,7876.6449,7634.5383,107834136.0,0.4495612233373347,155058405.5
20150803,7540.2053,7605.8946,7658.1731,7370.0427,112364589.0,-0.8636630331427417,149138915.7
20150804,7942.0952,7548.0292,7942.268,7532.8293,117180320.0,5.22078001500047,149292133.65
20150805,7839.3375,7933.3173,8047.6955,7773.9241,119999767.0,-1.184621721861548,141525084.05
20150806,7792.0278,7660.5828,7891.5641,7633.2891,90058280.0,1.71586161825703,141237210.7
20150807,8013.3187,7874.4155,8015.3656,7855.6836,109469663.0,1.7639810853262665,143103634.15
20150810,8394.0862,8106.1198,8437.915,8079.8769,145317370.0,3.552456750022363,144140618.7
20150811,8435.3271,8402.3187,8551.5288,8356.5234,162434825.0,0.392848702584926,143893174.8
20150812,8336.3365,8342.6055,8490.2695,8320.054,132680646.0,-0.07514438984319986,142313824.2
20150813,8534.4288,8287.7712,8535.3675,8237.8924,133650284.0,2.9761632415721184,141895684.45
20150814,8625.2423,8599.7743,8717.0694,8548.3365,160713073.0,0.2961473070287526,142962469.6
20150817,8820.4567,8613.2857,8820.9831,8582.829,162013281.0,2.405249369587268,142956541.65
20150818,8161.2687,8842.1622,8858.3304,8140.9096,184395700.0,-7.700531664076474,145021447.0
20150819,8340.9828,7865.6345,8404.9413,7667.3189,162622250.0,6.043356070002994,145094267.15
20150820,8049.5116,8255.9309,8376.6647,8049.5116,138314467.0,-2.5002546956879157,143135242.2
20150821,7612.9024,7884.3047,8006.2933,7583.7036,134561093.0,-3.442311152687944,140015903.1
20150824,7006.1885,7255.2947,7292.7714,7003.6553,92192223.0,-3.4334401330382924,136038512.1
20150825,6481.4117,6496.1065,6666.81,6467.8136,104162291.0,-0.22620934555183497,132231910.15
20150826,6238.5256,6470.0016,6687.5272,6165.1072,149197209.0,-3.5776807226755505,133054508.35
20150827,6456.0548,6344.9548,6457.864,6099.1669,124932338.0,1.7509975011957446,132204690.25
20150828,6842.8938,6554.7552,6844.4514,6512.6968,142758516.0,4.395871259997631,133950909.25
20150831,6581.3127,6791.4192,6791.4192,6578.3538,116258551.0,-3.0937053627907387,134145607.35
20150901,6169.2072,6507.875,6507.875,6161.0318,98667929.0,-5.203969037512247,133219987.8
20150902,6122.5533,5878.2072,6314.2903,5866.6644,115032723.0,4.156813322266009,132971635.6
20150907,6143.5566,6187.6901,6379.1975,6094.4895,102447070.0,-0.7132467736223557,133591075.1
20150908,6374.8551,6096.0144,6387.3613,6014.5682,85509837.0,4.574147659493714,132393083.8
20150909,6551.0072,6408.6714,6609.9432,6380.2503,150097826.0,2.22098764495867,132632106.6
20150910,6440.3093,6434.5309,6565.1624,6407.1191,106415179.0,0.08980297227261971,129831124.3
20150911,6493.3191,6423.5209,6523.1898,6385.3094,92572028.0,1.0866034545010863,127825693.4
20150914,6049.7904,6535.2625,6554.3839,6018.4438,119113665.0,-7.428501915569573,127098862.45
20150915,5708.0299,5886.2683,5996.2168,5689.9713,93427426.0,-3.0280373050613285,123734580.1
20150916,6084.8367,5722.5312,6107.3706,5704.1216,104952922.0,6.331210566401096,120881562.15
20150917,5965.409,6057.8682,6242.2478,5965.409,127835729.0,-1.5262662862160032,118053563.6
20150918,6036.8814,6007.4586,6073.5497,5934.0962,83652110.0,0.48977116546421606,114105056.6
20150921,6250.4393,5966.2943,6251.6182,5943.5899,105433930.0,4.762503921403952,112461029.75
20150922,6295.9258,6264.0572,6362.0484,6215.5717,118689625.0,0.50875333641589,111667456.35
20150923,6224.6006,6192.326,6302.6435,6162.9716,101247325.0,0.5212031795483593,112120211.45
20150924,6315.1101,6250.0879,6324.3139,6227.3904,93290191.0,1.0403405686502334,111576606.45
20150925,6108.3764,6294.2021,6336.4285,6064.7227,98942032.0,-2.952331320915169,109063847.6
20150928,6219.6917,6118.2262,6221.0096,6020.4569,67737158.0,1.6584136755192256,106204088.6
20150929,6103.6058,6114.4796,6183.8267,6065.854,68579494.0,-0.1778368841070202,102495137.5
20150930,6123.7274,6139.1395,6165.7463,6066.8339,56497671.0,-0.2510465839715886,99507093.5
20151008,6372.4924,6322.5352,6409.7407,6281.5308,94907319.0,0.7901450671243369,99319063.0
20151009,6470.0514,6369.7521,6495.2932,6353.042,99711665.0,1.5746185789553817,98553010.1
20151012,6718.7221,6505.9119,6788.3986,6501.7592,153619877.0,3.2710280014704765,101111650.45
20151013,6802.0769,6672.6608,6816.7761,6650.6146,132977522.0,1.9394976588649668,103485034.7
20151014,6724.4957,6772.458,6842.8738,6709.345,125882450.0,-0.7081963446653967,102274265.9
20151015,6929.2374,6694.0666,6929.4757,6694.0666,131795067.0,3.5131230991935434,103543260.3
20151016,7047.5599,6979.6769,7052.141,6883.1986,164509969.0,0.9725808368006233,107140157.35
20151019,7047.3718,7072.3592,7113.6628,6951.7989,156007932.0,-0.3533106746048756,108984870.7
20151020,7162.0754,7033.2048,7163.2605,6996.5636,138062791.0,1.8323168976964708,111216638.95
20151021,6712.7386,7159.1322,7186.5415,6689.268,178169181.0,-6.235303211749608,114877451.9
20151022,6964.2976,6708.2144,6970.6762,6700.6192,135470900.0,3.817456997200329,115259210.45
20151023,7138.2344,7015.6225,7169.3692,6988.5514,158898962.0,1.747698083812233,119021553.05
20151026,7186.7548,7223.1545,7233.3568,7088.5675,163304715.0,-0.5039307964408063,121915092.3
20151027,7231.4362,7123.0832,7266.7772,6900.438,147441282.0,1.5211530871912329,123352675.15
20151028,7048.8952,7179.988,7270.7891,7019.6089,132724220.0,-1.8258080654173843,124926519.9
20151029,7108.9748,7097.1881,7185.2073,7011.8633,110741269.0,0.16607563212252546,125799073.8
20151030,7084.9706,7088.8059,7185.5247,6984.5009,110069552.0,-0.05410361144181763,126355449.8
20151102,6936.4315,6936.3688,7137.0519,6914.1472,107204323.0,0.0009039311750478874,128328808.05
20151103,6920.1029,6956.8927,6998.0505,6860.4393,89105339.0,-0.5288251750670305,129355100.3
20151104,7267.9884,6953.8672,7268.3987,6953.8672,139208397.0,4.517215974443696,133490636.6
20151105,7276.4505,7277.0956,7364.5113,7225.6447,185191773.0,-0.008864800401958844,138004859.3
20151106,7446.8471,7284.8672,7456.2357,7284.7055,152693272.0,2.223512049746086,140653939.65
20151109,7543.8014,7415.7567,7593.1676,7350.8613,177520097.0,1.726657240521394,141848950.65
20151110,7575.0084,7517.4079,7633.0067,7486.8466,165737542.0,0.7662282101254551,143486951.65
20151111,7684.666,7589.6642,7686.3021,7556.3723,152086170.0,1.2517259986285032,144797137.65
20151112,7682.4517,7712.6357,7739.6538,7579.6716,162280293.0,-0.3913577818799376,146321398.95
20151113,7567.108,7601.1459,7665.1381,7478.4134,147559261.0,-0.4477995876911172,145473863.55
20151116,7718.8548,7438.4046,7719.7025,7431.7399,116919959.0,3.7703004216791354,143519464.9
20151117,7650.3808,7787.0753,7820.0237,7635.9235,162750882.0,-1.7554023138828578,144753869.45
20151118,7526.9417,7655.3265,7699.6093,7504.9889,125690006.0,-1.6770649821402104,142129910.7
20151119,7718.622,7552.996,7719.521,7538.281,110520025.0,2.192851684285285,140882366.95
20151120,7806.2655,7741.6774,7844.0611,7720.1642,146076178.0,0.8342907701114084,140241227.75
20151123,7744.1822,7816.8494,7876.4815,7710.0538,142383454.0,-0.9296226175215793,139195164.7
20151124,7798.4975,7739.0896,7799.0107,7635.7806,110258558.0,0.7676342188879703,137336028.5
20151125,7922.3841,7803.2899,7925.5356,7795.1638,124435501.0,1.5262049920764889,136921592.55
20151126,7874.0797,7962.1692,7974.7352,7859.6331,140404615.0,-1.106350515635865,138404759.85
20151127,7376.1243,7839.3123,7852.0,7317.6454,152970489.0,-5.908528481509777,140549806.7
20151130,7408.3988,7388.2799,7467.4672,7035.5474,129234023.0,0.2723083081895623,141651291.7
20151201,7443.9452,7403.9422,7519.9368,7358.3652,113008679.0,0.5402932508036016,142846458.7
20151202,7405.8596,7423.4976,7444.2217,7201.6591,102647475.0,-0.2375968977210947,141018412.6
20151203,7570.5077,7413.2182,7571.4456,7412.655,95329412.0,2.121743833197839,136525294.55
20151204,7511.6749,7533.6124,7600.3428,7464.2772,101362535.0,-0.29119496511394716,133958757.7
20151207,7602.2276,7526.2232,7602.7699,7476.1912,92881296.0,1.0098610947387237,129726817.65
20151208,7404.142,7555.4633,7555.4633,7398.5577,94938823.0,-2.00280636661951,126186881.7
20151209,7374.2742,7369.1077,7431.04,7322.8674,83299991.0,0.07011025229011471,122747572.75
20151210,7350.2098,7374.3548,7437.7063,7332.9804,78990424.0,-0.32741847463049156,118583079.3
20151211,7290.7017,7320.1584,7347.3599,7253.8424,72132287.0,-0.402405226641006,114811730.6
20151214,7441.0301,7224.8086,7441.763,7210.4103,79957288.0,2.992764403474988,112963597.05
20151215,7498.1813,7448.7137,7534.2239,7447.1075,86021490.0,0.6641092944678482,109127127.45
20151216,7529.4028,7522.729,7574.6487,7503.0859,85351169.0,0.0887151457934956,107110185.6
20151217,7716.246,7570.6695,7716.4756,7570.6695,130054765.0,1.9229012704886947,108086922.6
20151218,7699.37,7708.3354,7746.512,7650.5564,114416909.0,-0.116307860708812,106503959.15
20151221,7788.564,7698.443,7798.085,7692.096,115015003.0,1.1706393097929035,105135536.6
20151222,7856.6081,7810.9957,7856.9481,7752.697,111592508.0,0.5839511600294439,105202234.1
20151223,7773.2825,7859.1316,7881.2945,7756.3284,118166309.0,-1.0923484218027275,104888774.5
20151224,7753.0367,7760.3777,7778.9364,7635.7842,91509341.0,-0.09459591122736655,102444010.8
20151225,7792.1244,7759.8365,7805.053,7738.8672,81253520.0,0.4160899524107158,98858162.35
20151228,7603.3609,7815.3823,7837.6298,7603.3609,109813515.0,-2.712873047809837,97887136.95
20151229,7674.3881,7591.7137,7675.3079,7545.352,77292530.0,1.0890084013573889,96101329.5
20151230,7741.0472,7693.0217,7747.3509,7664.2806,85533232.0,0.6242735543044124,95245617.35
20151231,7617.689,7745.6377,7763.2964,7617.3853,79781523.0,-1.651880774129158,94468222.9
20160104,6983.4044,7615.5139,7624.1008,6983.2854,78014999.0,-8.300286865736002,93300846.1
20160105,6889.7414,6663.7264,7020.5409,6627.6416,113428225.0,3.39172088457894,94328192.55
20160106,7065.6068,6916.5318,7066.0848,6878.6539,100930427.0,2.155343231415488,94627772.75
20160107,6462.2428,6937.4161,6937.4161,6454.9732,28426742.0,-6.849427699745448,91884110.3
20160108,6570.4316,6618.0809,6689.1413,6222.5929,111129605.0,-0.7199866656208455,93491069.35
20160111,6128.6558,6435.8944,6529.8788,6128.2225,115600736.0,-4.7738291044675885,95664491.8
20160112,6136.6632,6126.6696,6205.5914,5994.6361,91905220.0,0.1631163528060953,96261888.4
20160113,5924.044,6168.9869,6226.5409,5924.044,86123402.0,-3.9705530903299535,96266984.0
20160114,6124.8202,5734.6075,6137.507,5726.8834,92251446.0,6.804523238948787,96611997.85
20160115,5893.6815,6078.6153,6135.2708,5852.2411,88630539.0,-3.042367231234401,94540786.55
20160118,5978.9076,5768.7577,6051.1817,5765.1458,72469789.0,3.6428969793617685,92443430.55
20160119,6197.0947,5965.3551,6203.3998,5956.2253,87981015.0,3.884757841155171,91091731.15
20160120,6138.5031,6161.2319,6244.9612,6095.7216,91947518.0,-0.3689002519122818,90109481.65
20160121,5886.8835,6031.1695,6191.3173,5886.8835,81882765.0,-2.392338666654951,88295304.45
20160122,5980.6111,5954.3643,6013.9706,5799.7117,69830709.0,0.44079936459379704,87211372.85
20160125,6041.3261,6034.0844,6093.2693,5976.3363,65308514.0,0.12001323680524742,86414122.55
20160126,5589.3069,5966.7049,5982.4993,5573.8266,85443917.0,-6.325065615361675,85195642.65
20160127,5514.1886,5604.1667,5628.1856,5240.6457,87924118.0,-1.6055571651713958,85727222.05
20160128,5271.2325,5441.7378,5511.3206,5257.0812,67338076.0,-3.1332876787999564,84817464.25
20160129,5469.1254,5262.4596,5515.4864,5248.215,72359091.0,3.927171241371616,84446342.65
20160201,5399.4771,5458.6048,5493.9818,5319.7007,64716114.0,-1.083201700185366,83781398.4
20160202,5586.6266,5407.7068,5594.3607,5407.6681,66571962.0,3.3086076338310297,81438585.25
20160203,5610.1734,5520.6415,5634.9198,5482.2247,63280726.0,1.621766238579338,79556100.2
20160204,5721.4853,5631.3198,5744.0236,5631.3198,71083982.0,1.6011433056954085,81688962.2
20160205,5664.1971,5734.4807,5747.9794,5662.4365,56075545.0,-1.2256314682513405,78936259.2
20160215,5668.0398,5485.723,5700.5221,5482.7957,53631253.0,3.323478053849959,75837785.05
20160216,5902.5341,5694.7487,5918.5932,5694.7487,82877143.0,3.648719389496498,75386381.2
20160217,5971.4123,5889.5021,5979.4073,5854.2197,90582520.0,1.390783102021481,75609337.1
20160218,5957.1305,6009.7485,6034.8519,5945.204,93714798.0,-0.8755441263473752,75682504.7
20160219,5979.5164,5939.6973,6009.724,5919.6832,70380499.0,0.6703893816272526,74770002.7
20160222,6103.7225,6055.6751,6111.6899,6029.4589,94320520.0,0.7934276394716002,75862539.25
20160223,6070.4998,6102.5122,6118.6447,5982.211,87874876.0,-0.5245774027293305,75857232.3
20160224,6111.0427,6041.7529,6116.2549,5975.1403,89819579.0,1.1468492860739068,75750835.35
20160225,5626.0522,6097.4199,6097.5442,5604.1035,110668653.0,-7.730609138465268,77190129.75
20160226,5648.9376,5668.329,5701.0506,5517.6299,79857895.0,-0.3421008201887985,77691489.05
20160229,5350.4337,5618.5094,5618.5094,5286.3446,86703153.0,-4.77129574616357,78761221.0
20160301,5473.6349,5361.7919,5504.7514,5294.5438,80803571.0,2.0859257891004654,78529203.7
20160302,5753.1482,5464.7331,5763.7994,5462.7415,110671952.0,5.277752723184216,79666595.4
20160303,5776.977,5757.3608,5872.9242,5745.6227,128527360.0,0.3407151415627709,82726059.6
20160304,5621.5614,5755.1192,5805.4085,5542.9828,108829948.0,-2.320678258062848,84549602.45
20160307,5752.5482,5686.6863,5788.4718,5681.8474,87170581.0,1.1581771268093315,85672325.8
20160308,5764.3253,5751.3875,5764.3253,5538.1512,98149656.0,0.22495093575247027,87251210.5
20160309,5617.0376,5627.1384,5709.5166,5583.0666,72615323.0,-0.1795015384729148,87717940.35
20160310,5521.948,5617.4152,5657.2629,5517.0161,59559411.0,-1.6994862690584103,87141711.8
20160311,5508.9818,5460.5423,5545.3432,5433.3223,49800022.0,0.8870822225843668,86827935.65
20160314,5690.5904,5568.464,5748.3333,5568.464,79997418.0,2.1931793040235172,88146243.9
20160315,5639.8012,5672.7536,5701.5681,5608.9982,66268900.0,-0.580888970746061,87315831.75
20160316,5562.8037,5662.4386,5689.281,5531.3341,57487332.0,-1.7595758124423637,85661072.35
20160317,5745.975,5589.2203,5759.5403,5579.725,84575758.0,2.804589756463892,85204120.35
20160318,5949.263,5774.303,5967.459,5768.908,125160341.0,3.029976085425376,87943112.45
20160321,6099.4805,6016.6943,6100.032,6001.3219,131825514.0,1.3759416030161205,89818362.15
20160322,6075.4922,6045.8393,6130.2647,6013.0489,107721654.0,0.49046788259820345,90810701.05
20160323,6118.9664,6054.2224,6119.3058,6031.2721,89661324.0,1.069402405831682,90802788.3
20160324,6018.4242,6062.7577,6127.5122,6008.5416,101439743.0,-0.7312431436934999,90341342.8
20160325,6077.4312,6006.6685,6081.0923,5996.5377,78231312.0,1.1780690078035807,90260013.65
20160328,6037.7782,6114.7665,6167.2381,6017.4883,93782330.0,-1.2590554357226884,90613972.5
20160329,5921.8672,6029.9433,6041.3823,5875.0699,79003975.0,-1.7923236525292077,90523992.7
20160330,6137.5034,5981.4209,6137.7915,5981.4209,88061292.0,2.609455221584549,89393459.7
20160331,6155.8138,6164.281,6211.1386,6133.5955,94915722.0,-0.13735908534993857,87712877.8
20160401,6124.5278,6129.7241,6157.7401,6022.9698,85219533.0,-0.0847721678044289,86532357.05
20160405,6286.5826,6136.6854,6293.4695,6117.1766,105543049.0,2.442641103941868,87450980.45
20160406,6323.4342,6262.6013,6324.2045,6243.1129,104674579.0,0.9713679202282832,87777226.6
20160407,6228.9737,6344.3677,6355.3277,6228.9737,109927150.0,-1.8188416160053307,89642817.95
20160408,6168.7419,6176.8641,6199.1468,6087.104,88670173.0,-0.1314939080495521,91098356.05
20160411,6304.3004,6226.381,6334.536,6226.381,102199978.0,1.251439640458876,93718353.85
20160412,6252.7729,6299.472,6316.248,6182.8182,87061767.0,-0.7413176850377272,94071571.3
20160413,6344.2255,6292.5692,6421.7271,6292.5692,132989984.0,0.8209095261121586,97407625.5
20160414,6401.8545,6375.4939,6402.509,6324.4635,99088176.0,0.4134675746454714,99487667.7
20160415,6384.3496,6403.2525,6414.7939,6345.5538,82798055.0,-0.29520778698013306,99398782.55
20160418,6281.2024,6343.7013,6343.7013,6241.9826,80400472.0,-0.9852118982966552,97160789.1
20160419,6308.229,6314.5816,6334.904,6262.6116,69438667.0,-0.10060207314448459,94041446.75
20160420,6022.2126,6331.8699,6344.7813,5923.4332,117325387.0,-4.890455819378094,94521633.4
20160421,5970.682,6000.3047,6085.9349,5960.504,84808592.0,-0.49368659561571765,94278996.8
20160422,6011.3201,5930.531,6011.4595,5915.3057,62323811.0,1.3622574437263706,92323200.2
20160425,5978.0772,5997.2134,5997.2189,5897.7351,57034333.0,-0.31908486031195615,91263351.25
20160426,6046.7734,5971.8051,6047.0641,5958.4005,56055305.0,1.2553708425614973,89377000.0
20160427,6016.699,6051.4431,6086.3639,6005.1631,60731581.0,-0.5741456942725083,88463380.3
20160428,5990.3285,6014.1258,6027.1966,5888.0639,60430701.0,-0.39569009347959067,87081850.75
20160429,5985.594,5963.9077,6018.2657,5953.131,49704188.0,0.3636256811955742,84821274.05
20160503,6167.4537,5991.8294,6167.7976,5960.9405,75831059.0,2.9310630906814605,84351850.35
20160504,6169.7826,6144.5691,6213.1931,6136.3005,74555740.0,0.4103379682067509,82802484.9
20160505,6203.8166,6159.7265,6206.5295,6133.3802,64558967.0,0.7157801567975518,80796704.3
20160506,5961.489,6208.4401,6226.8759,5961.4591,98056918.0,-3.97766743372462,80203192.7
20160509,5743.6473,5910.124,5910.124,5714.1191,78233381.0,-2.8168055357214192,79681353.1
20160510,5738.8961,5728.1084,5766.1568,5697.0927,52657745.0,0.18832918734568393,77204241.45
20160511,5723.4104,5770.3526,5806.4691,5700.0955,58011126.0,-0.8135066130967527,75751709.4
20160512,5726.4555,5647.0653,5727.5784,5559.693,58215814.0,1.4058665126468401,72013000.9
20160513,5714.3107,5708.6277,5779.8921,5677.9415,53076736.0,0.09955107074157232,69712428.9
20160516,5812.5423,5692.6051,5813.0362,5665.2063,57960898.0,2.106894785306648,68470571.05
20160517,5790.3416,5814.1028,5853.6109,5763.5055,65260138.0,-0.4086821443886393,67713554.35
20160518,5631.1927,5743.0332,5743.0332,5563.0572,63704856.0,-1.9474116917868463,67426863.8
20160519,5666.7331,5628.7267,5729.4001,5628.6462,56438940.0,0.6752219822646606,64382541.45
20160520,5732.9018,5619.9362,5733.2495,5600.492,55936076.0,2.010086876075204,62938915.65
20160523,5809.4761,5752.1453,5811.6842,5752.0785,62777792.0,0.99668553226567,62961614.7
20160524,5743.1782,5800.0034,5800.1706,5701.6635,57956416.0,-0.9797442532533569,63007718.85
20160525,5715.1834,5780.266,5803.9847,5691.6085,53302956.0,-1.1259447229591117,62870101.4
20160526,5744.3876,5705.0725,5744.8548,5598.6616,59665727.0,0.6891253353923162,62816808.7
20160527,5739.5897,5728.9033,5780.0682,5712.4793,59984704.0,0.18653482944982688,62794508.85
20160530,5711.3152,5705.9957,5764.7614,5655.6352,48888003.0,0.0932264985758683,62753699.6
20160531,5947.3224,5721.8261,5947.4279,5721.8261,95238072.0,3.9409848544680477,63724050.25
20160601,5973.7799,5957.1761,6013.9035,5949.6366,94513987.0,0.2787193079620523,64721962.6
20160602,6013.8942,5961.7154,6014.6099,5955.3472,81245308.0,0.8752313134571919,65556279.65
20160603,6032.603,6016.9487,6062.1379,5992.3207,84843514.0,0.26017007590575186,64895609.45
20160606,6051.8595,6051.9476,6067.4652,6008.9257,73552820.0,-0.0014557297224590945,64661581.4
20160607,6045.3571,6048.3198,6052.0491,6010.3535,69598258.0,-0.04898385168059468,65508607.05
20160608,6023.8776,6037.4133,6058.1769,5972.7439,73498163.0,-0.22419700834462272,66282958.9
20160613,5746.4438,5943.7334,5992.3346,5745.9998,87139857.0,-3.31928750370937,67729161.05
20160614,5762.7612,5723.9941,5778.8537,5700.5226,62032704.0,0.67727358419185,68176959.45
20160615,5952.846,5701.3881,5972.8525,5692.8145,90878605.0,4.410468040230403,69822844.8
20160616,5930.5454,5945.4943,5979.1155,5909.6871,96031460.0,-0.25143241664532956,71361410.9
20160617,5964.2724,5937.3204,6002.6166,5918.1931,89066841.0,0.45394215208598526,72629510.15
20160620,5985.5691,5965.8246,5994.9995,5908.4815,74530145.0,0.33096011572314393,73534070.4
20160621,5916.8032,6023.9225,6053.4091,5888.3583,88140686.0,-1.7782317086582604,75144300.9
20160622,6008.8857,5901.1504,6009.0569,5895.9138,72417145.0,1.8256660599600947,75626268.55
20160623,5978.1737,5998.6728,6015.182,5933.6833,77979556.0,-0.3417272567358566,76627425.55
20160624,5903.6202,5967.5154,6011.3713,5748.8387,98419868.0,-1.0707169687404565,78883271.15
20160627,6044.2191,5864.726,6044.3229,5864.6141,84047907.0,3.0605538945894595,80102380.15
20160628,6107.5105,6018.912,6111.0708,6012.0512,94952723.0,1.472001916625464,81850781.1
20160629,6120.2021,6130.576,6145.0001,6100.084,93055218.0,-0.16921574742731507,84059141.85
20160630,6123.4939,6127.9892,6143.2323,6090.9036,77299661.0,-0.0733568525218613,83162221.3
20160701,6111.5385,6133.7178,6163.4256,6095.85,73814433.0,-0.36159635515022703,82127243.6
20160704,6231.8811,6079.5844,6240.603,6078.6278,100078191.0,2.505051167642313,83068887.75
20160705,6269.5046,6244.387,6276.8212,6226.2952,107928800.0,0.40224284625537293,84223152.05
20160706,6297.3969,6250.4887,6299.7335,6231.5408,95069622.0,0.7504725190527879,85298992.15
20160707,6319.7926,6291.0571,6342.4345,6256.272,112453597.0,0.4567674326147791,87441759.1
20160708,6299.8533,6308.0623,6337.0713,6276.8299,88064741.0,-0.1301350495539626,88170088.0
20160711,6312.4988,6320.0629,6387.0702,6306.1335,103662866.0,-0.11968393542411736,88996238.45
20160712,6395.1448,6309.819,6395.4352,6248.934,116873788.0,1.3522701681300147,91738292.65
20160713,6446.5634,6413.8122,6456.7724,6392.3995,112122081.0,0.5106354688713788,92800466.45
20160714,6455.5827,6437.277,6458.288,6410.3989,95271581.0,0.2843702391554672,92762472.5
20160715,6441.0159,6459.6255,6469.0454,6409.7969,93192904.0,-0.2880910046565358,92968775.65
20160718,6412.0731,6426.8558,6455.459,6379.0647,89330628.0,-0.2300144963576226,93708799.8
20160719,6431.9383,6407.0339,6431.9383,6355.4787,80961872.0,0.38870404603289893,93349859.1
20160720,6417.9223,6429.689,6454.179,6404.1539,74820308.0,-0.18300574102417905,93470017.25
20160721,6442.7093,6414.8007,6487.0216,6405.6019,87437926.0,0.4350657378958112,93942935.75
20160722,6390.9254,6437.8833,6448.3659,6385.2522,86445493.0,-0.7293996770646702,93344217.0
20160725,6408.7831,6383.5616,6441.3161,6374.2552,81090039.0,0.3951007537860941,93196323.6
20160726,6494.4743,6410.8227,6494.7395,6410.8227,81556556.0,1.3048496880127436,92526515.25
20160727,6229.2885,6499.3377,6515.8778,6154.4592,138527893.0,-4.155026442155797,94800149.0
20160728,6243.2883,6220.9168,6273.3798,6148.8585,91318712.0,0.35961741201875896,95501101.55
20160729,6202.8923,6239.8538,6259.1994,6183.1647,72681332.0,-0.5923456091230764,95444446.5
20160801,6109.2782,6179.2019,6179.2019,6046.4023,72910221.0,-1.131597593533888,94086048.0
20160802,6168.5088,6100.7491,6168.6819,6099.2499,55805056.0,1.1106783591542817,91479860.8
20160803,6198.3885,6154.4741,6203.6148,6140.8294,68686951.0,0.7135361898752592,90160727.25
20160804,6238.2309,6194.2028,6245.3048,6174.2398,70556394.0,0.7107952616598142,88065867.1
20160805,6203.2872,6231.5257,6251.3982,6202.8622,67543356.0,-0.4531554768361203,87039797.85
20160808,6290.7562,6191.6474,6290.8999,6152.5791,77047880.0,1.6006854653900344,85709048.55
20160809,6341.5497,6283.2888,6341.7233,6281.0723,78165122.0,0.9272357495329406,83773615.25
20160810,6318.2681,6336.5359,6366.089,6314.5125,77197424.0,-0.2882931666180511,82027382.4
20160811,6226.3129,6304.7771,6318.9779,6226.3129,70684527.0,-1.2445198102245414,80798029.7
20160812,6299.0915,6218.3533,6299.0915,6204.9613,68635478.0,1.2983855388210361,79570158.4
20160815,6442.5272,6309.4141,6451.929,6289.7246,117981468.0,2.1097537408426006,81002700.4
20160816,6468.8946,6449.9066,6488.7007,6446.2363,109712840.0,0.2943918598759147,82440248.8
20160817,6488.3648,6462.0466,6502.1391,6437.2631,95788508.0,0.4072734480125943,83488658.8
20160818,6490.408,6485.9268,6527.1975,6466.3975,110415535.0,0.06909112819466559,84637539.25
20160819,6499.5548,6485.7195,6516.9793,6451.612,91827099.0,0.21331943202291948,84906619.55
20160822,6420.3544,6499.7527,6508.7968,6419.5628,92369153.0,-1.2215587833057069,85470575.25
20160823,6428.6978,6414.9819,6448.5425,6380.915,80572963.0,0.2138104240013545,85421395.6
20160824,6435.0586,6432.8787,6466.6253,6415.6998,73862344.0,0.03388685068785906,82188118.15
20160825,6382.5704,6398.5641,6398.5641,6312.6532,79722431.0,-0.24995764284052405,81608304.1
20160826,6410.7335,6395.772,6460.8679,6395.7304,74785794.0,0.2339279761692622,81713527.2
20160829,6427.5291,6409.1178,6442.3982,6398.7765,68956570.0,0.2872673053380257,81515844.65
20160830,6425.7543,6428.9659,6459.7148,6413.7103,61588352.0,-0.04995515686279413,81805009.45
20160831,6434.2103,6422.8012,6441.106,6390.699,65277005.0,0.17763433188621583,81634512.15
20160901,6381.4755,6434.2608,6445.4324,6380.9005,71886109.0,-0.8203786206490179,81700997.9
20160902,6356.9538,6371.4921,6403.5722,6320.4791,67506963.0,-0.22817732129025414,81699178.25
20160905,6391.7923,6372.624,6419.7461,6372.624,65434639.0,0.3007913223814911,81118516.2
20160906,6492.9722,6392.6082,6493.3473,6345.6948,86826087.0,1.570000801863635,81551564.45
20160907,6494.3159,6490.3301,6529.8114,6483.0878,93190209.0,0.061411360263470605,82351203.7
20160908,6517.9835,6489.6169,6518.3321,6478.6477,72464135.0,0.43710746623580027,82440184.1
20160909,6471.053,6518.6757,6539.3476,6470.9046,78672463.0,-0.7305578953712929,82942033.35
20160912,6291.6364,6362.77,6383.8434,6283.8161,90041756.0,-1.1179659173598937,81545047.75
20160913,6320.0315,6324.7438,6340.8722,6284.0368,68636660.0,-0.07450578472443645,79491238.75
20160914,6278.158,6286.6174,6318.2705,6260.6525,58319692.0,-0.13456203013085755,77617797.95
20160919,6344.181,6292.807,6344.4504,6292.807,54978764.0,0.8163924302779315,74845959.4
20160920,6342.0328,6344.7056,6346.9304,6319.7623,54505613.0,-0.04212646210094097,72979885.1
20160921,6343.7541,6342.004,6362.9993,6335.3916,50290343.0,0.027595378369364043,70875944.6
20160922,6385.6353,6381.1565,6410.57,6377.1734,62971600.0,0.07018790402648586,69995876.45
20160923,6370.5834,6397.3334,6402.6392,6369.2226,62578307.0,-0.41814297188262844,69431674.6
20160926,6241.5157,6363.9308,6364.2086,6239.8672,72106659.0,-1.9235768559897,69050886.0
20160927,6286.9093,6229.8183,6287.3356,6200.5654,56400533.0,0.9164151705676608,68131622.95
20160928,6281.2838,6300.8497,6300.8497,6266.7529,49163262.0,-0.3105279594274341,67141957.55
20160929,6298.7911,6288.9181,6323.4158,6288.9181,50691558.0,0.15699043687658298,66597117.85
20160930,6328.0856,6292.0797,6338.299,6289.4658,44965129.0,0.572241638960805,65581524.05
20161010,6447.6934,6364.5166,6447.9361,6345.331,72724035.0,1.3068832281779292,65623420.35
20161011,6486.4254,6451.0445,6486.6499,6443.7479,78850887.0,0.5484522700161208,66190616.55
20161012,6482.7379,6463.8094,6484.0002,6452.4135,67718487.0,0.29283815206556035,66304808.95
20161013,6484.831,6480.9293,6501.5569,6468.1323,68471651.0,0.06020278604181574,65387087.15
20161014,6469.4915,6476.2612,6477.8533,6423.5788,65860097.0,-0.10453099081303005,64020581.55
20161017,6413.1487,6478.5108,6487.6708,6394.4868,71704796.0,-1.0089062443177572,63982614.6
20161018,6509.2821,6409.7381,6509.2821,6409.7381,73698508.0,1.5530119709571406,63733916.85
20161019,6495.2574,6518.7373,6531.162,6476.562,75048807.0,-0.3601909222511446,62984269.4
20161020,6498.2375,6495.8268,6506.581,6474.7793,65574912.0,0.03711151904481753,62831182.0
20161021,6475.2807,6498.9857,6506.6107,6424.4429,73195126.0,-0.36474922540604954,63574953.7
20161024,6539.4661,6479.5541,6546.7881,6472.9393,86076745.0,0.9246315267280406,65129852.75
20161025,6563.3539,6543.4668,6563.5233,6536.9443,83923230.0,0.30392299079136337,66600733.6
20161026,6530.3898,6561.1581,6561.2466,6511.657,80859244.0,-0.46894617582831494,68129178.65
20161027,6517.3594,6522.8868,6529.4679,6488.3634,67102997.0,-0.08473855471476131,68335748.5
20161028,6455.8349,6512.038,6536.8349,6455.1476,70697096.0,-0.8630646811336132,68741687.95
20161031,6452.2058,6441.4348,6460.7728,6408.2731,60253688.0,0.16721429828024853,68149039.4
20161101,6507.95,6456.9993,6508.3642,6450.0204,62539902.0,0.7890770562728636,68456007.85
20161102,6455.1295,6494.9803,6506.7756,6450.0506,72299068.0,-0.6135630619233774,69612798.15
20161103,6483.7322,6442.3549,6521.0003,6436.9074,77549845.0,0.6422698010629638,70955712.5
20161104,6462.5928,6482.6008,6502.7409,6449.5605,70635406.0,-0.30864155633337487,72239226.35
20161107,6468.8171,6461.0006,6487.0601,6437.74,68812126.0,0.12097971326608306,72043630.9
20161108,6503.1781,6487.6487,6518.1891,6476.4443,72444878.0,0.2393686945472302,71723330.45
20161109,6453.5718,6504.4117,6507.8648,6380.5711,88060102.0,-0.7816218029372272,72740411.2
20161110,6536.9651,6501.6388,6538.7419,6501.6388,90625238.0,0.5433445487620848,73848090.55
20161111,6583.8864,6539.3598,6584.4097,6527.4524,110371594.0,0.6809015157722342,76073665.4
20161114,6615.0071,6568.6594,6624.2056,6566.0537,126669343.0,0.7055884188484528,78821892.75
20161115,6640.4616,6622.878,6641.0354,6602.2812,105110912.0,0.26549786965726885,80392512.95
20161116,6644.1878,6647.5287,6658.4279,6630.1238,95468676.0,-0.050257774742667106,81413506.4
20161117,6636.469,6633.3099,6646.309,6596.896,84535312.0,0.04762479135792906,82361526.4
20161118,6602.3265,6632.627,6643.9408,6592.8358,81278551.0,-0.45684010272250014,82765697.65
20161121,6611.5399,6597.1749,6635.8918,6591.9754,78751844.0,0.2177447197890688,82399452.6
20161122,6661.246,6619.8503,6661.5407,6617.0696,92177809.0,0.6253268295206016,82812181.55
20161123,6631.1733,6668.2484,6676.6675,6617.7752,93963240.0,-0.5559945847248284,83467381.35
20161124,6623.0489,6635.2237,6656.9659,6607.0277,93586299.0,-0.18348740826929133,84791546.45
20161125,6652.8177,6620.2193,6652.916,6531.3667,88934636.0,0.4924066488250602,85703423.45
20161128,6670.8035,6667.2656,6692.1415,6650.9193,95741366.0,0.05306373275425331,87477807.35
20161129,6620.7949,6658.3551,6681.8812,6619.0387,101446906.0,-0.5641062910567791,89423157.55
20161130,6585.5776,6605.3611,6615.921,6568.7956,81526813.0,-0.29950671432634407,89884544.8
20161201,6624.4657,6593.5939,6624.8511,6593.0738,77818509.0,0.46820899904071883,89897978.0
20161202,6520.9745,6617.8743,6623.7939,6520.9745,81097525.0,-1.4642133653097662,90421083.95
20161205,6486.0173,6462.2556,6522.5969,6451.0843,66821821.0,0.3676997858147242,90321568.7
20161206,6490.8897,6496.1638,6514.0316,6484.979,52009198.0,-0.08118791585890343,89299784.7
20161207,6558.0247,6493.0029,6558.2433,6481.9199,59406414.0,1.0014133830126508,87867100.3
20161208,6527.4338,6561.7215,6562.6574,6522.9608,56989763.0,-0.522541226414438,86185326.55
20161209,6513.9155,6519.3949,6534.8963,6500.2146,59218291.0,-0.08404767749228029,83627661.4
20161212,6249.0784,6512.959,6519.628,6241.6118,94736778.0,-4.051623847163778,82031033.15
20161213,6278.1793,6235.5581,6292.8031,6190.389,65206728.0,0.68351860918431,80035823.95
20161214,6239.4989,6269.0808,6299.0401,6216.9508,68977584.0,-0.4718698154281268,78711269.35
20161215,6280.3981,6216.1446,6310.7437,6211.2733,64732973.0,1.0336551694759597,77721152.4
20161216,6318.5239,6279.2765,6329.1906,6273.0011,62204176.0,0.625030606631197,76767433.65
20161219,6320.7324,6319.8574,6330.3823,6297.3666,62579158.0,0.013845249103247172,75958799.35
20161220,6300.6383,6314.6113,6315.5363,6275.3113,60920657.0,-0.22128044524292348,74395941.75
20161221,6347.6058,6311.0581,6348.376,6311.0581,63632870.0,0.5791057445660353,72879423.25
20161222,6341.7879,6341.2009,6350.2726,6313.8578,59617207.0,0.009256921666059246,71180968.65
20161223,6281.9966,6339.3466,6343.8546,6277.66,57182482.0,-0.904667367453918,69593360.95
20161226,6294.7546,6260.3396,6295.236,6194.2656,54444358.0,0.5497305609427316,67528510.55
20161227,6288.8594,6291.6466,6311.0357,6284.0401,49275524.0,-0.044300008840289236,64919941.45
20161228,6270.2395,6288.7324,6295.8909,6257.1041,48574165.0,-0.294064031091547,63272309.05
20161229,6252.6076,6261.8676,6286.7413,6242.9837,45028142.0,-0.14787920460022674,61632790.7
20161230,6263.6256,6255.6201,6275.5494,6241.7188,46924937.0,0.12797292469854765,59924161.3
20170103,6320.7626,6273.8182,6320.9526,6273.7528,48577791.0,0.748258851364235,59011959.8
20170104,6394.6694,6321.7473,6395.0039,6314.1267,66739423.0,1.153511783047699,59748471.05
20170105,6399.2841,6391.5838,6412.8739,6385.1212,61445203.0,0.12047561670081702,59850410.5
20170106,6371.6168,6398.8633,6401.7389,6364.8875,64902473.0,-0.425802188960658,60246046.0
20170109,6415.4176,6365.3886,6415.4682,6357.3566,63979031.0,0.7859535865571434,60484083.0
20170110,6393.9283,6412.7619,6428.834,6388.9201,68210684.0,-0.2936893696302812,59157778.3
20170111,6331.9638,6381.7048,6402.8989,6331.5065,62843359.0,-0.7794312265901109,59039609.85
20170112,6272.851,6325.6232,6339.3218,6269.199,53433634.0,-0.8342608835758719,58262412.35
20170113,6194.6575,6272.7899,6282.7162,6182.1048,53611484.0,-1.24557654959876,57706337.9
20170116,6031.2414,6184.1292,6184.3369,5872.3953,78958348.0,-2.472260767126282,58544046.5
20170117,6082.0657,6006.0795,6082.2006,5957.0439,50540898.0,1.2651547486176344,57942133.5
20170118,6068.593,6067.1677,6098.7843,6049.9691,46142180.0,0.023492015887411177,57203209.65
20170119,6043.675,6054.7251,6074.4639,6029.6401,44419616.0,-0.18250374405932113,56242546.95
20170120,6121.9983,6037.5604,6129.5799,6034.9691,45717354.0,1.3985433586718221,55547554.3
20170123,6172.1671,6130.4404,6189.1736,6130.1951,50389736.0,0.680647674186658,55207917.0
20170124,6165.2642,6167.8403,6177.2076,6154.0678,50127803.0,-0.04176664561175853,54992089.25
20170125,6179.5681,6156.7761,6187.4333,6152.1441,42974288.0,0.3701937447424858,54677027.45
20170126,6223.7061,6183.1588,6224.1897,6183.1588,40542477.0,0.6557699925158024,54275443.05
20170203,6207.0921,6227.4615,6231.6039,6190.8278,35541491.0,-0.3270899386531815,53801110.5
20170206,6259.2471,6206.5352,6259.4103,6195.4953,45755656.0,0.8492967219455926,53742646.45
20170207,6255.927,6254.2002,6269.4606,6223.5399,50928232.0,0.0276102450318021,53860168.5
20170208,6291.5977,6248.4708,6291.7658,6219.0209,53885119.0,0.6901992724363888,53217453.3
20170209,6331.1771,6288.8842,6331.3294,6285.7284,72722329.0,0.6725024448693054,53781309.6
20170210,6337.1081,6329.6825,6350.3394,6320.2482,89377139.0,0.11731394110210877,55005042.9
20170213,6369.6526,6341.7267,6370.2071,6331.9619,83765054.0,0.4403516789835832,55994344.05
20170214,6374.8852,6366.937,6378.0622,6346.5932,76068629.0,0.12483553708792494,56387241.3
20170215,6311.6959,6367.6437,6379.7876,6301.0125,84076607.0,-0.8786264218897787,57448903.7
20170216,6359.3361,6308.3181,6363.8696,6306.5107,75074581.0,0.8087417151649348,58530951.05
20170217,6307.1627,6356.0922,6365.6958,6300.51,79079952.0,-0.7698047551921948,59804374.45
20170220,6385.0625,6307.2342,6385.0625,6307.2342,74126636.0,1.2339529107703044,59562788.85
20170221,6434.4383,6390.508,6434.5346,6386.904,78896901.0,0.6874304828348543,60980589.0
20170222,6474.225,6432.7507,6474.4899,6431.4088,87525641.0,0.6447366287644377,63049762.05
20170223,6473.993,6470.617,6482.2481,6435.7455,89366678.0,0.05217431351600942,65297115.15
20170224,6476.1655,6466.1821,6477.4217,6445.0669,76258127.0,0.15439404343407023,66824153.8
20170227,6424.2549,6476.376,6480.1867,6417.7848,72245010.0,-0.8047880481306258,67916917.5
20170228,6450.9701,6424.9954,6451.2916,6414.7839,63031126.0,0.40427577582389795,68562083.65
20170301,6467.6385,6446.4356,6488.8245,6440.8074,72479671.0,0.3289088934666504,70037352.8
20170302,6434.6262,6476.1055,6484.1156,6431.4355,72064172.0,-0.6404975953526386,71613437.55
20170303,6452.839,6417.3888,6457.228,6398.8848,65253253.0,0.5524084811567007,73099025.65
20170306,6517.3235,6457.5928,6518.0421,6457.5928,67277672.0,0.9249685114862006,74175126.45
20170307,6523.1868,6517.8451,6523.3598,6491.2635,68534915.0,0.08195500074097889,75055460.6
20170308,6497.0878,6519.9741,6525.1932,6478.5482,63067369.0,-0.35101826554801985,75514573.1
20170309,6439.3822,6484.5815,6484.8275,6425.0028,64238982.0,-0.6970272484045458,75090405.75
20170310,6447.9165,6436.7583,6464.6026,6436.6388,56359929.0,0.17335123489101417,73439545.25
20170313,6507.8964,6444.5584,6508.0665,6412.708,64912430.0,0.982813655626113,72496914.05
20170314,6493.4846,6508.369,6518.7786,6480.0806,60271995.0,-0.22869631393057024,71707082.35
20170315,6486.0616,6486.3,6499.5423,6471.7207,55750085.0,-0.0036754390022074738,70290756.25
20170316,6543.3407,6499.8323,6543.3407,6499.8323,68654619.0,0.6693772699335598,69969758.15
20170317,6483.2463,6543.5573,6555.5786,6480.2914,73063706.0,-0.9216852124149749,69668945.85
20170320,6498.3416,6484.5404,6498.5658,6451.354,61644783.0,0.21283235431766115,69044853.2
20170321,6515.9458,6494.7728,6516.0101,6484.687,58995042.0,0.32600062622668935,68049760.25
20170322,6499.7928,6486.3011,6514.6285,6459.975,72273366.0,0.20800298647869575,67287146.5
20170323,6512.1874,6502.1273,6533.6523,6445.8112,76911147.0,0.15472013290173037,66664369.95
20170324,6546.615,6509.2327,6552.7481,6500.0657,83547822.0,0.5742965680117753,67028854.7
20170327,6516.0326,6545.4462,6555.7939,6510.4398,77482737.0,-0.4493750173976034,67290741.05
20170328,6498.6902,6509.0377,6519.0858,6483.6403,61262114.0,-0.15897127159057406,67202290.45
20170329,6480.543,6504.2455,6522.5117,6461.5358,85614048.0,-0.3644158265551374,67859009.3
20170330,6375.7437,6467.063,6471.935,6369.1202,96512724.0,-1.4120675799818265,69081436.9
20170331,6401.6479,6374.565,6402.2179,6365.4474,72082772.0,0.4248587942863606,69422912.85
20170405,6539.9665,6450.8955,6539.9665,6450.8955,97014978.0,1.380754036396975,70909778.15
20170406,6559.6526,6554.7454,6569.7021,6535.0376,97471135.0,0.07486484524632425,72356589.15
20170407,6578.726,6554.2567,6593.949,6544.2362,100596671.0,0.3733344774244156,74233054.25
20170410,6566.5441,6575.4597,6595.1986,6556.0781,102529323.0,-0.13558899919955814,76147571.3
20170411,6629.1661,6566.84,6631.9963,6531.5307,127738048.0,0.9491033739210978,79716477.25
20170412,6576.4761,6625.8795,6626.761,6571.4755,114173027.0,-0.7456127145083177,82179507.1
20170413,6615.7042,6569.2398,6627.702,6562.7621,87711440.0,0.7073025405466221,83551479.35
20170414,6528.1624,6623.4544,6623.8014,6522.7905,97511151.0,-1.438705458589697,85639532.65
20170417,6456.598,6500.9489,6502.036,6426.2797,87532207.0,-0.6822219445533615,86583412.05
20170418,6418.2114,6452.918,6491.8082,6416.1723,80185641.0,-0.5378434996384508,86939508.8
20170419,6350.6465,6390.3311,6401.4112,6285.9903,87000447.0,-0.6210100756751163,88207292.0
20170420,6347.7732,6349.4075,6377.8003,6299.8941,79174157.0,-0.025739409543341193,89216247.75
20170421,6300.7128,6345.7705,6364.6737,6296.8103,60871101.0,-0.7100430121133342,88646134.5
20170424,6138.5049,6282.331,6282.7398,6137.9201,70771368.0,-2.2893747559624003,88339145.55
20170425,6160.4612,6139.4842,6203.6818,6131.9512,64657729.0,0.3416736539528819,87394640.9
20170426,6176.3981,6159.8926,6195.3247,6157.3991,69746029.0,0.26795110031626546,87007805.5
20170427,6192.3044,6157.5184,6205.2293,6052.8806,89357789.0,0.5649353804610646,88412589.25
20170428,6211.8624,6174.142,6214.1617,6166.7979,66769167.0,0.6109415688852015,87470345.2
20170502,6216.115,6205.1005,6216.4949,6186.1678,70289003.0,0.1775071975063132,86159159.15
20170503,6197.4779,6205.6817,6225.6265,6174.6918,72475447.0,-0.1321982079744797,86178792.9
20170504,6176.3053,6180.0292,6236.8865,6151.8088,77413513.0,-0.06025699684396245,85198719.65
20170505,6089.6828,6155.1974,6164.2461,6089.0909,71551996.0,-1.0643785364219258,83902762.7
20170508,5975.5395,6076.458,6083.362,5975.2213,67182555.0,-1.6608112818355656,82232056.9
20170509,6012.0016,5953.8391,6012.4429,5919.5993,54726993.0,0.9768906922593767,79841940.4
20170510,5885.841,6010.7303,6038.9734,5885.5213,62645660.0,-2.077772479660247,76587321.0
20170511,5872.6391,5856.4147,5873.9064,5731.4825,73054314.0,0.27703639224865784,74531385.35
20170512,5863.7832,5859.3374,5889.93,5820.2939,56685628.0,0.0758754735646305,72980094.75
20170515,5893.5075,5880.6961,5912.2661,5880.6961,49725933.0,0.21785516173841382,70590833.85
20170516,6014.7344,5882.3298,6014.8806,5839.2197,73426616.0,2.2508870549896716,69885554.3
20170517,6027.6504,6006.4691,6055.9183,6001.0394,73146909.0,0.3526414545277556,69533617.7
20170518,5976.2998,5983.3497,6030.109,5965.3503,60062125.0,-0.11782530444443151,68186701.6
20170519,5974.9772,5973.768,5990.4353,5942.6096,55068152.0,0.02024183061679391,66981401.35
20170522,5888.8127,5962.2861,5987.3066,5873.0412,60894139.0,-1.232302488805424,66982553.25
20170523,5764.8759,5879.5592,5893.816,5760.3248,64918647.0,-1.950542482844627,66689917.2
20170524,5799.2499,5740.4428,5799.6834,5668.7221,58130847.0,1.0244349094463583,66363573.1
20170525,5850.8006,5788.5567,5859.5019,5740.7985,70683957.0,1.0752922226709722,66410469.5
20170526,5836.9338,5843.5212,5871.2139,5833.0876,59256199.0,-0.1127299752074202,64905390.0
20170531,5824.1042,5887.9405,5913.1835,5820.2063,58477769.0,-1.0841872467970752,64490820.1
20170601,5709.9994,5810.4191,5810.5989,5709.6885,60278905.0,-1.7282694805956487,63990315.2
20170602,5772.5174,5696.8285,5780.5015,5655.762,58868847.0,1.3286146844687374,63309985.2
20170605,5815.8022,5778.1891,5830.0525,5777.9509,54333292.0,0.6509496201846438,62155974.15
20170606,5841.5232,5808.9716,5841.8803,5793.4367,48781500.0,0.5603676905564452,61017449.35
20170607,5955.0153,5838.8814,5955.0236,5836.4411,74666059.0,1.9889751485618428,61391624.55
20170608,5958.977,5947.975,5972.7277,5940.7235,66506547.0,0.18497051517532434,61980602.25
20170609,5969.2741,5952.4061,5971.5251,5922.7285,62109874.0,0.28338120277108586,61953812.95
20170612,5902.8551,5943.6443,5950.0431,5896.4049,60359675.0,-0.6862658318903802,61319081.0
20170613,5980.0566,5895.4692,5986.8692,5894.2253,60424169.0,1.4347865645706428,61506008.05
20170614,5966.4314,5976.0141,5992.7818,5958.2003,60926963.0,-0.16035270064038054,62066059.55
20170615,6021.1651,5959.4746,6024.3764,5959.1892,64991110.0,1.0351667578212451,61644284.25
20170616,6012.9996,6016.9727,6027.395,6003.2623,56912596.0,-0.06603154440106,60832568.6
20170619,6057.4115,6010.9392,6057.4115,6009.2243,59231585.0,0.7731287649690477,60791041.6
20170620,6066.9046,6061.1098,6089.8121,6058.6882,66122408.0,0.09560625349502277,61343754.4
20170621,6078.1925,6074.6095,6080.5326,6035.2737,56730429.0,0.058983215299691916,61135568.9
20170622,5992.3352,6074.3663,6094.5533,5992.3352,69225641.0,-1.3504470416938676,61350918.6
20170623,6010.3137,5978.2385,6010.3137,5923.5507,63505124.0,0.536532625789341,61619632.45
20170626,6111.6406,6013.4788,6111.707,6011.8591,69846178.0,1.6323629510425788,61577743.5
20170627,6113.1658,6109.3701,6128.3768,6089.6802,62316849.0,0.06212915468977186,61730776.0
20170628,6086.2112,6102.2283,6110.3484,6075.1424,60479482.0,-0.2624795273556059,61830861.65
20170629,6116.9932,6089.9202,6132.2451,6089.9202,58035289.0,0.44455426525950736,61718680.85
20170630,6138.1556,6101.3648,6139.0677,6090.2523,53521223.0,0.6029929565922654,61451299.65
20170703,6177.3953,6142.1711,6177.3953,6129.8406,63825322.0,0.573481256489266,61925901.15
20170704,6146.8527,6169.0335,6170.852,6134.8792,63114196.0,-0.3595506492224298,62642535.95
20170705,6193.9641,6135.713,6193.9641,6127.5143,68621638.0,0.9493778473667267,62340314.9
20170706,6201.6535,6187.4304,6211.9654,6149.9308,82871814.0,0.2298708685272671,63158578.25
20170707,6226.0108,6182.4538,6229.8309,6176.7431,79328307.0,0.7045260896247989,64019499.9
20170710,6206.5568,6221.5252,6236.2921,6189.0004,90370999.0,-0.24059052272262352,65520066.1
20170711,6128.9942,6194.6164,6202.2032,6128.9942,76982330.0,-1.059342431599151,66347974.15
20170712,6132.9922,6124.9574,6143.7984,6050.6501,75579501.0,0.13118132054272655,67080601.05
20170713,6149.9337,6134.7513,6172.6827,6124.3599,79136009.0,0.24748191503703973,67787846.0
20170714,6128.7397,6143.3257,6143.4587,6107.9089,66386360.0,-0.23742840136247767,68261534.2
20170717,5876.4592,6108.452,6108.452,5860.78,101536169.0,-3.7978983873492003,70376763.4
20170718,5938.4342,5854.072,5938.4342,5842.9557,76564323.0,1.4410857946400313,70898859.15
20170719,6059.3582,5928.0076,6059.5323,5917.6696,102901914.0,2.2157630162282476,73207433.4
20170720,6099.2835,6052.5111,6120.1918,6046.4096,93828770.0,0.7727767735940184,74437589.85
20170721,6126.1083,6089.6581,6136.9731,6080.5615,83132654.0,0.5985590553926209,75418966.35
20170724,6167.1282,6121.3267,6171.8185,6117.2961,97299924.0,0.7482283211579034,76791653.65
20170725,6153.5984,6159.4123,6170.6462,6113.5608,89224304.0,-0.09439049891172416,78137026.4
20170726,6146.7028,6151.8543,6162.8805,6111.038,88753495.0,-0.0837389793188038,79550727.05
20170727,6184.0207,6136.9603,6192.9383,6105.962,104005538.0,0.7668356596668925,81849239.5
20170728,6215.4633,6170.6584,6229.0561,6165.9919,86467879.0,0.7260959381579134,83496572.3
20170731,6298.0004,6214.6567,6299.8004,6208.461,113331066.0,1.341082927396462,85971859.5
20170801,6286.5362,6293.0559,6299.1562,6261.2848,101081557.0,-0.10360149510193828,87870227.55
20170802,6251.8627,6289.2453,6313.5062,6248.3556,114012011.0,-0.5943892822879705,90139746.2
20170803,6261.9676,6240.1518,6288.4352,6236.66,100159939.0,0.3496036747054825,91004152.45
20170804,6225.1151,6258.8472,6297.1163,6224.2026,125888386.0,-0.5389506872767268,93332156.4
20170807,6303.4209,6227.5184,6304.2674,6217.2893,108572316.0,1.2188241788253913,94242222.25
20170808,6303.716,6302.0261,6322.4694,6281.6178,120380437.0,0.026815185674973752,96412127.6
20170809,6340.022,6296.115,6340.3754,6285.0247,115347648.0,0.69736655064274,98400534.95
20170810,6289.2174,6322.8308,6341.4803,6246.658,112699470.0,-0.5316194765167411,100078708.0
20170811,6161.1903,6242.4877,6275.8931,6153.6005,117860616.0,-1.3023237514749044,102652420.8
20170814,6292.6418,6165.1298,6293.3517,6165.1298,89845023.0,2.0682776216650076,102067863.5
20170815,6314.7608,6291.1835,6316.1989,6283.5442,82603663.0,0.3747673231912553,102369830.5
20170816,6318.7986,6307.1705,6323.5599,6268.1876,89617698.0,0.18436317838561528,101705619.7
20170817,6366.034,6327.0275,6366.2517,6312.8892,98724886.0,0.6165059342637519,101950425.5
20170818,6347.7557,6324.8974,6361.9716,6313.1511,91174554.0,0.36140190985548437,102352520.5
20170821,6403.7803,6354.0964,6404.0497,6354.0107,86521795.0,0.7819192041216119,101813614.05
20170822,6375.9814,6396.9258,6398.5649,6362.4094,89100166.0,-0.32741352103850124,101807407.15
20170823,6322.7819,6359.7757,6371.3,6310.0102,75609851.0,-0.5816840364354389,101150224.95
20170824,6278.59,6322.6281,6329.0305,6267.2324,67567586.0,-0.6965157416106723,99328327.35
20170825,6346.5305,6274.3511,6358.8868,6274.3511,75549727.0,1.1503882847741815,98782419.75
20170828,6424.5841,6348.87,6442.3999,6348.87,94893401.0,1.1925602508792927,97860536.5
20170829,6408.1567,6420.5677,6439.0793,6393.4761,87704097.0,-0.19330066405187285,97191663.5
20170830,6453.4636,6405.8963,6462.7571,6405.8963,95559661.0,0.7425549489460156,96269046.0
20170831,6470.4259,6451.517,6470.9433,6429.7427,91029169.0,0.2930923068171464,95812507.5
20170901,6526.5046,6472.9476,6530.8989,6466.1264,121117192.0,0.8273973977481262,95573947.8
20170904,6564.6804,6530.5086,6566.1014,6519.7882,119984025.0,0.5232639920265946,96144533.25
20170905,6571.8591,6561.6726,6576.5616,6528.1132,95232077.0,0.15524243010844213,94887115.25
20170906,6607.1176,6550.0614,6610.7452,6540.8253,105478233.0,0.8710788573676576,94393644.5
20170907,6558.5963,6601.3433,6614.1021,6553.6993,107061807.0,-0.6475500221295913,94111761.35
20170908,6574.1826,6554.6011,6599.132,6537.0408,93851593.0,0.2987443431149492,92911310.2
20170911,6649.6276,6579.8857,6650.1193,6566.2776,102547400.0,1.059925706612198,93546429.05
20170912,6644.0118,6659.8017,6715.3935,6628.8825,141880275.0,-0.2370926449656866,96510259.65
20170913,6684.3798,6635.1693,6684.8593,6630.5032,104722437.0,0.7416615579047868,97265496.6
20170914,6672.1849,6683.4734,6701.691,6643.5877,113966782.0,-0.16890169713250686,98027591.4
20170915,6622.0438,6661.5211,6663.5099,6603.7281,109384234.0,-0.5926169024669089,98938075.4
20170918,6669.4548,6616.1288,6669.4548,6616.1288,88850597.0,0.8060000282944917,99054515.5
20170919,6636.0201,6670.9661,6681.2538,6611.7512,93518721.0,-0.5238521598843069,99275443.25
20170920,6692.4724,6627.6924,6692.712,6613.6567,101972486.0,0.9774140996646095,100593575.0
20170921,6612.0456,6684.6496,6687.1159,6612.0456,98937493.0,-1.0861302288754129,102162070.35
20170922,6572.0096,6591.1499,6592.8847,6547.2774,85236469.0,-0.29039394173086586,102646407.45
20170925,6489.8441,6560.1354,6567.9978,6484.2077,77829250.0,-1.071491603664154,101793199.9
20170926,6520.7175,6484.3412,6520.7175,6482.2856,67765945.0,0.5609868277751933,100796292.3
20170927,6583.1401,6523.4951,6589.7354,6522.2036,75171272.0,0.9143104897863651,99776872.85
20170928,6567.7915,6577.4321,6599.127,6565.8825,74625892.0,-0.1465708783219476,98956709.0
20170929,6603.2587,6572.4498,6611.6531,6572.4498,70936294.0,0.4687582398879638,96447664.1
20171009,6678.371,6682.5774,6696.6664,6657.5305,86419669.0,-0.06294577298872783,94769446.3
20171010,6705.4812,6677.3723,6705.7177,6658.8617,87005186.0,0.4209575074913851,94358101.75
20171011,6666.4696,6702.6899,6703.5828,6661.0883,90746053.0,-0.5403845402425667,93621492.75
20171012,6659.0957,6658.1296,6674.3844,6611.9745,77960962.0,0.014510081029357583,92166450.5
20171013,6709.8164,6660.0264,6711.9305,6659.8792,72925621.0,0.7475946341594076,91120151.9
20171016,6619.2056,6709.8738,6709.8738,6609.6192,85871048.0,-1.3512653546479527,90286334.3
20171017,6612.9428,6604.33,6644.7522,6589.5417,59419247.0,0.13041141190703492,86163282.9
20171018,6563.4369,6612.4885,6630.6685,6557.6601,73370966.0,-0.7418024243066841,84595709.35
20171019,6501.3999,6553.8676,6562.3529,6494.731,72615790.0,-0.8005608779768337,82528159.75
20171020,6571.424,6489.7895,6571.442,6485.8051,60479316.0,1.257891338386247,80082913.85
20171023,6612.7637,6569.7861,6613.031,6562.9058,60481953.0,0.6541704607399648,78664481.65
20171024,6603.0042,6605.5206,6605.8991,6556.3449,59171314.0,-0.03809540765037537,76947111.3
20171025,6647.892,6596.7906,6648.3874,6593.0745,58646902.0,0.7746403228260657,74780832.1
20171026,6671.9288,6639.8865,6686.1192,6630.9745,74905894.0,0.4825730078368067,73579252.15
20171027,6630.8067,6664.4291,6673.4661,6622.1242,67921141.0,-0.5045053296463188,72713485.75
20171030,6511.7616,6621.7788,6629.3003,6460.0478,83764175.0,-1.661444806945231,73010232.0
20171031,6560.2054,6496.6865,6560.2533,6496.6865,62261436.0,0.9777122537773684,72735006.55
20171101,6552.9545,6559.5217,6586.1324,6547.8498,64632776.0,-0.10011705579082712,72208081.75
20171102,6484.9258,6541.6099,6541.6099,6476.3728,67552347.0,-0.8665160544042896,71854404.5
20171103,6426.9799,6477.8238,6491.0479,6395.4575,68257102.0,-0.784891679208685,71720444.9
20171106,6511.0958,6432.0743,6512.1347,6408.3599,66717600.0,1.2285539052308496,70735341.45
20171107,6551.9363,6508.2062,6552.2591,6498.3931,72377674.0,0.6719224722781629,70003965.85
20171108,6561.6897,6544.59,6601.4665,6534.1588,73806798.0,0.2612799273904058,69157003.1
20171109,6611.3517,6562.3584,6611.3856,6558.4895,68818466.0,0.7465806805065704,68699878.3
20171110,6641.2164,6599.6498,6647.228,6593.033,80012497.0,0.6298303888791207,69054222.1
20171113,6671.2054,6644.6915,6671.2557,6624.671,84596712.0,0.3990237921504696,68990505.3
20171114,6614.5136,6664.6121,6673.7496,6588.2531,84749061.0,-0.7517091654891671,70256996.0
20171115,6537.6563,6592.7575,6603.5083,6505.9924,73949181.0,-0.8357838127672688,70285906.75
20171116,6558.3085,6529.3137,6570.2755,6511.9028,67940159.0,0.44407117397346674,70052125.2
20171117,6361.9415,6549.2242,6555.7461,6359.5177,89018972.0,-2.859616563439678,71479108.0
20171120,6433.1702,6330.9046,6433.7791,6239.3207,70066705.0,1.615339457176463,71958345.6
20171121,6456.352,6420.3884,6473.7012,6397.3583,67754580.0,0.5601467973495193,72387508.9
20171122,6439.4419,6456.324,6483.6282,6391.4563,70895924.0,-0.2614816108980871,72999960.0
20171123,6274.5116,6427.5761,6427.5761,6274.5116,75009732.0,-2.381372038520095,73005151.9
20171124,6278.0287,6250.0573,6307.8896,6243.9629,59049056.0,0.4475382969688846,72561547.65
20171127,6194.5522,6269.2264,6279.5884,6186.0337,59407491.0,-1.1911230387213243,71343713.45
20171128,6299.3122,6188.089,6299.3122,6188.089,56478234.0,1.7973755710365569,71054553.35
20171129,6318.3684,6293.246,6329.1768,6245.0599,76563915.0,0.39919621765937957,71651110.3
20171130,6263.421,6303.9177,6322.0435,6248.1826,60883355.0,-0.6424052775942759,71317660.7
20171201,6316.4072,6259.9562,6323.8353,6256.2283,54746282.0,0.9017794725145205,70642119.7
20171204,6279.6206,6311.2164,6334.8705,6272.6686,60188169.0,-0.5006293240079687,70315648.15
20171205,6132.912,6265.7867,6279.3926,6099.4066,69690232.0,-2.1206387379895872,70181276.05
20171206,6172.8031,6116.1611,6173.3507,6053.2411,60267213.0,0.9261037940939755,69504296.8
20171207,6135.4702,6156.3505,6182.7533,6130.8335,53097972.0,-0.3391668489310316,68718272.1
20171208,6203.1433,6128.1209,6217.5728,6126.3771,55579244.0,1.2242317216685434,67496609.45
20171211,6286.1656,6214.6446,6286.5003,6214.6446,61112906.0,1.15084618032704,66322419.15
20171212,6233.2115,6281.1391,6290.8469,6233.2115,56614397.0,-0.7630399396822781,64915685.95
20171213,6277.441,6224.7821,6277.7254,6217.7869,50352001.0,0.8459557162651435,63735826.95
20171214,6284.0807,6273.607,6288.5024,6247.6765,55759240.0,0.16694861504714054,63126781.0
20171215,6235.7608,6274.0975,6278.9264,6214.6465,61938112.0,-0.6110313076900676,61772738.0
20171218,6199.9889,6229.7416,6247.5919,6179.028,53772190.0,-0.47759123749209764,60958012.25
20171219,6251.2416,6200.9337,6251.492,6200.7071,52639308.0,0.8112955634407235,60202248.65
20171220,6199.3628,6244.0618,6246.9097,6188.3236,57814532.0,-0.7158641511203576,59548179.05
20171221,6238.4987,6191.7811,6255.8425,6148.8168,59245859.0,0.7545098776182502,58759985.4
20171222,6242.8847,6236.226,6269.3135,6235.226,55010644.0,0.1067745139448114,58558064.8
20171225,6185.5907,6244.8639,6257.0206,6170.682,61264712.0,-0.9491511896680493,58650925.85
20171226,6220.1473,6179.5601,6220.4992,6148.1044,57671656.0,0.656797560719572,58710596.95
20171227,6173.1528,6213.2428,6228.8826,6168.131,64197529.0,-0.6452347234844926,58092277.65
20171228,6204.2702,6163.9637,6219.5391,6157.1051,65877542.0,0.6539055380874433,58341987.0
20171229,6250.8207,6201.4554,6250.8207,6201.4554,57165631.0,0.7960276550565918,58462954.45
20180102,6332.2269,6263.1506,6332.6089,6258.1563,73032235.0,1.1029001921173622,59105157.75
20180103,6388.2533,6331.7199,6391.9799,6324.2604,83936745.0,0.8928600900365201,59817483.4
20180104,6417.535,6380.2665,6418.256,6375.5134,80543690.0,0.5841213685980066,60831307.25
20180105,6417.2537,6414.7658,6435.854,6397.2929,81581018.0,0.038783956851551483,62255459.55
20180108,6446.1818,6413.8733,6446.7879,6393.8819,89476929.0,0.5037283789188679,63950343.8
20180109,6445.7462,6441.6841,6449.0346,6425.0274,75573217.0,0.06305959648035504,64673359.35
20180110,6405.9395,6443.4609,6444.3088,6361.0948,80966974.0,-0.5823174933830921,65890988.2
20180111,6425.9401,6391.9041,6432.4398,6371.5436,78770071.0,0.5324860865794288,67311891.7
20180112,6399.3737,6418.8273,6435.1946,6387.7824,77834558.0,-0.3030709363375429,68415657.6
20180115,6253.3759,6391.3662,6392.5174,6236.5629,91474032.0,-2.1590110108227,69892453.6
20180116,6301.1327,6245.153,6301.4047,6245.1129,79169734.0,0.896370353136262,71162330.8
20180117,6267.4599,6288.0169,6288.1439,6202.3151,84195503.0,-0.3269234215957624,72740140.55
20180118,6286.8007,6253.0611,6295.7766,6253.0611,65015293.0,0.539569331890902,73100178.6
20180119,6272.38,6284.5962,6316.9977,6261.2353,71806742.0,-0.19438321271937636,73728222.75
20180122,6347.6383,6264.755,6347.8147,6248.3142,72761169.0,1.3230094393156557,74615749.0
20180123,6354.9978,6342.6884,6362.58,6330.4561,66753886.0,0.1940722801391299,74890207.7
20180124,6394.2999,6353.2979,6395.5723,6322.9197,77347727.0,0.6453656139750729,75874011.25
20180125,6382.7165,6386.7993,6424.3507,6380.8375,81082937.0,-0.06392560354917093,76718281.65
20180126,6383.6312,6374.0998,6401.4838,6368.9006,69004549.0,0.14953327213357795,76874632.0
20180129,6309.8836,6385.0365,6398.9699,6295.8952,84031161.0,-1.1770159810362877,78217908.5
20180130,6313.442,6301.3482,6330.5373,6300.4556,70699688.0,0.19192400762744147,78101281.15
20180131,6189.3413,6277.7418,6277.7418,6170.1606,80733495.0,-1.408157627636099,77941118.65
20180201,5984.7428,6180.9992,6196.7148,5984.2843,94968524.0,-3.1751565345615997,78662360.35
20180202,6004.8494,5937.6198,6006.4745,5844.4638,83747561.0,1.1322651544647515,78770687.5
20180205,5998.2236,5927.7367,6016.157,5907.4691,74046519.0,1.18910308549973,77999167.0
20180206,5704.2641,5886.3455,5920.7398,5702.8503,92340709.0,-3.093284279694422,78837541.6
20180207,5711.3322,5805.965,5831.8113,5630.0868,85235997.0,-1.6299237077729596,79050992.75
20180208,5766.4797,5695.6656,5786.7852,5691.2916,62444797.0,1.2432980615996767,78234729.05
20180209,5554.8974,5631.9603,5663.1036,5490.6248,84318842.0,-1.3683139776393647,78558943.25
20180212,5699.0979,5581.7113,5714.8183,5581.7113,57246494.0,2.1030575336277213,76847566.35
20180213,5736.9505,5731.147,5789.6975,5727.754,57208634.0,0.10126245235028844,75749511.35
20180214,5754.8344,5741.8838,5761.7685,5712.879,41398222.0,0.2255461874724829,73609647.3
20180222,5875.7272,5800.9493,5875.7592,5797.9076,59636107.0,1.2890631538531123,73340688.0
20180223,5897.6765,5877.7159,5902.9357,5848.5227,62147850.0,0.33959790400892687,72857743.4
20180226,6029.6795,5926.4208,6032.1358,5917.6165,83073987.0,1.742345059264106,73373384.3
20180227,6010.5573,6025.8832,6042.3888,6000.881,77022158.0,-0.2543345015382943,73886797.9
20180228,6023.677,5967.8977,6044.0694,5939.6425,70986917.0,0.9346557666362014,73568757.4
20180301,6090.2247,5987.3591,6090.9953,5974.1183,73101773.0,1.7180462751933503,73169699.2
20180302,6056.3354,6053.4765,6094.7976,6044.2591,73434829.0,0.047227407259286064,73391213.2
20180305,6064.0983,6066.683,6080.9695,6031.9803,67324693.0,-0.04260483034963816,72555889.8
20180306,6145.5768,6077.3686,6145.8509,6070.7211,83495767.0,1.1223311352219123,73195693.75
20180307,6086.4874,6133.9467,6149.097,6082.5838,74594129.0,-0.7737155590217377,72888725.45
20180308,6131.5142,6073.6712,6131.7046,6073.6712,67889911.0,0.9523564594672139,71534794.8
20180309,6206.9754,6131.1248,6211.2784,6131.0147,85928341.0,1.2371400432103532,71643833.8
20180312,6295.7776,6230.8127,6295.7805,6230.3909,97662276.0,1.0426392691919617,72824621.65
20180313,6254.1457,6285.802,6297.4323,6251.3986,84804758.0,-0.5036159268141066,72447824.1
20180314,6189.317,6234.2418,6253.172,6185.1784,75466633.0,-0.7206136919488715,71959355.9
20180315,6180.1108,6172.853,6203.2422,6117.5974,72173921.0,0.117576102978644,72445812.1
20180316,6146.3058,6181.381,6205.8679,6146.3058,65073534.0,-0.5674330703769954,71483546.7
20180319,6153.8339,6142.52,6186.6139,6118.2953,67233214.0,0.18418987646762555,71982882.7
20180320,6173.6984,6109.605,6176.4962,6091.5038,67475662.0,1.0490596364249516,72496234.1
20180321,6129.2042,6182.109,6224.5559,6125.1353,79487161.0,-0.8557726821057385,74400681.05
20180322,6101.2276,6130.0482,6161.3749,6074.6568,67407441.0,-0.4701529100537906,74789247.75
20180323,5787.1523,5913.3683,5978.4232,5722.773,121367061.0,-2.134418043942914,77750208.3
20180326,5902.9588,5715.3523,5902.9588,5675.3664,84772913.0,3.2825010629703577,77835154.6
20180327,6034.775,5956.2359,6043.0533,5956.2359,89199271.0,1.3186029116140272,78444010.25
20180328,5973.3414,5962.5642,6036.1584,5949.1042,75299094.0,0.18074773937026034,78659619.1
20180329,6034.8572,5993.9722,6040.8623,5967.6342,68813735.0,0.682101929001276,78445217.2
20180330,6114.7382,6052.1757,6115.2732,6051.0212,73046489.0,1.0337191631763103,78425800.2
20180402,6121.9642,6127.2334,6169.2991,6113.3388,85433833.0,-0.0859963976563995,79331257.2
20180403,6059.7089,6039.0675,6066.4443,6008.5085,71749883.0,0.34179780239249724,78743963.0
20180404,6017.6863,6077.6466,6098.8378,6011.1516,67260198.0,-0.9865710191178233,78377266.45
20180409,6025.6493,5994.3471,6053.9687,5954.5372,64851820.0,0.5221953196537464,78225361.9
20180410,6063.7423,6032.4888,6064.3858,5992.997,69420990.0,0.518086332791862,77399994.35
20180411,6086.6126,6082.0316,6110.1768,6073.22,66248859.0,0.07532022687945474,75829323.5
20180412,6051.3346,6073.7659,6091.9834,6039.564,60524240.0,-0.36931453021592736,74615297.6
20180413,6027.1867,6073.8353,6093.3469,6018.0068,54157636.0,-0.7680254352632765,73549847.75
20180416,6012.4053,6018.1688,6053.9874,5966.1961,70985861.0,-0.09576833404872295,73490444.75
20180417,5890.8571,6024.5543,6038.2486,5886.023,71920258.0,-2.2192048298079015,73832780.95
20180418,5970.6577,5925.84,5981.3374,5826.6505,76201712.0,0.7563096539899761,74281205.85
20180419,6004.7334,5965.2369,6041.9856,5962.7142,75998556.0,0.6621111728186385,74707350.55
20180420,5880.8359,5984.0635,5999.0105,5872.5044,72391389.0,-1.7250418549201587,74352561.95
20180423,5823.9205,5885.6124,5913.5679,5761.9719,63952399.0,-1.0481814942485816,74179809.85
20180424,5957.1927,5825.4524,5957.8295,5825.4524,67954118.0,2.2614604146452124,71509162.7
20180425,5959.422,5929.405,5968.8794,5919.5228,60382790.0,0.5062396648567575,70289656.55
20180426,5847.9766,5951.1919,5955.2617,5846.0802,62638394.0,-1.7343634978398168,68961612.7
20180427,5860.9836,5865.4419,5886.0043,5808.7832,55997822.0,-0.07600961830344335,67996549.1
20180502,5855.3233,5861.8413,5894.4595,5817.3868,63147027.0,-0.11119373020214704,67713213.7
20180503,5910.6058,5843.0903,5911.0865,5779.7298,67604490.0,1.1554758960339946,67441113.75
20180504,5909.2944,5891.1201,5939.952,5883.7048,55464047.0,0.30850330143497967,65942624.45
20180507,6019.1409,5921.3128,6023.1928,5918.3792,64033358.0,1.6521353170195745,65556798.2
20180508,6041.8143,6023.5829,6042.0682,6012.1266,62194666.0,0.3026670389146577,65303521.6
20180509,6029.2329,6034.4563,6042.906,6002.3882,54124153.0,-0.08655957952665688,64767138.25
20180510,6040.5716,6036.0064,6052.7094,5999.951,58310665.0,0.0756327892561546,64211622.0
20180511,5991.3424,6044.9828,6052.5421,5989.4278,63847253.0,-0.887354055002428,64091541.7
20180514,5967.5541,5982.4709,6008.8875,5951.6746,59798192.0,-0.2493417895271328,64055239.3
20180515,6020.5697,5972.1618,6021.016,5947.457,54721546.0,0.8105590843168408,64083434.8
20180516,6004.0696,6002.7535,6045.0343,5991.3751,58338640.0,0.02192493828040758,63451073.75
20180517,5973.7785,6000.7411,6010.2957,5959.7307,52997273.0,-0.4493211680137281,62504924.5
20180518,5995.1497,5968.5598,6000.9482,5932.1295,57868274.0,0.4454994318729946,61588252.6
20180521,6072.1991,6034.4261,6080.8222,6034.0581,70722451.0,0.6259584486418707,61324447.35
20180522,6092.9069,6066.2505,6092.9069,6052.0902,62266852.0,0.43942135261311493,60818220.5
20180523,6013.8472,6080.7259,6081.533,6012.4165,67845868.0,-1.0998473060593013,61012893.95
20180524,5992.6209,6014.021,6028.5017,5986.7233,53711808.0,-0.3558368020331129,60300778.45
20180525,5917.7978,5983.9402,5992.4798,5909.0449,57793809.0,-1.105331901545402,60171329.4
20180528,5891.2627,5910.4817,5938.0723,5858.2716,57810122.0,-0.3251680823239847,59929915.8
20180529,5835.4456,5884.5898,5921.7203,5832.5523,56179929.0,-0.8351338270001374,59939021.15
20180530,5682.5881,5759.449,5778.0424,5675.9116,68527885.0,-1.3345182846484043,60208064.05
20180531,5754.4746,5722.9475,5760.2038,5672.183,56008854.0,0.5508892052565454,59628282.25
20180601,5685.1155,5729.9177,5759.4979,5654.8402,53833571.0,-0.7818995375797472,59546758.45
20180604,5683.1486,5692.9699,5707.4932,5652.1361,46750282.0,-0.17251628187950915,58682604.65
20180605,5779.0778,5681.2157,5779.862,5680.4942,47410470.0,1.7225556142851657,57943394.85
20180606,5774.2575,5770.7144,5784.6061,5748.701,48182508.0,0.061397944074305044,57646312.6
20180607,5738.0176,5786.4601,5798.3297,5734.6345,47376191.0,-0.837169861414928,57099588.9
20180608,5669.3031,5731.8389,5731.8389,5630.6578,52925555.0,-1.0910250809735713,56553504.0
20180611,5632.3566,5657.6488,5672.6279,5612.8656,43109691.0,-0.44704436231531136,55719078.95
20180612,5693.3461,5638.3479,5693.6129,5594.9231,46645358.0,0.9754311187502283,55315269.55
20180613,5607.0173,5678.8092,5679.6739,5605.5454,49234214.0,-1.2642069397224909,54860048.25
20180614,5586.9314,5590.5682,5645.194,5570.8344,44419709.0,-0.06505242168406625,54431170.05
20180615,5483.9446,5582.8396,5593.6872,5448.0748,56448574.0,-1.7714103768985308,54360185.05
20180619,5141.7095,5396.6847,5409.4108,5070.2182,82986353.0,-4.724663643959038,54973380.15
20180620,5198.3935,5114.0613,5222.8827,5090.2209,60329417.0,1.649025990361121,54876508.4
20180621,5089.2522,5196.1295,5244.6532,5086.931,63240478.0,-2.056863671315353,54646238.9
20180622,5160.1228,5052.436,5165.0353,5017.509,51689206.0,2.131383752312754,54545108.8
20180625,5125.0333,5196.6483,5211.7609,5121.2091,47860811.0,-1.378099803290513,54048458.9
20180626,5160.2829,5059.3834,5170.1673,5044.2434,51066587.0,1.994304286170533,53711282.15
20180627,5109.4975,5159.6219,5188.2017,5089.711,49857841.0,-0.9714742857417459,53395177.75
20180628,5055.1093,5097.5086,5150.655,5050.324,47767518.0,-0.8317651489592394,52357159.4
20180629,5217.7643,5061.0885,5218.9061,5054.0532,57234937.0,3.0956937425615063,52418463.55
20180702,5138.7826,5216.8532,5238.6382,5100.8747,55248929.0,-1.4965075114630408,52489231.45
20180703,5197.1313,5138.5477,5203.3646,5054.6573,61424233.0,1.1400808831647107,53222929.0
20180704,5121.3436,5171.1897,5180.2744,5102.782,53859951.0,-0.9639193859006903,53545403.05
20180705,4982.7627,5109.1425,5126.4735,4981.7793,52927414.0,-2.473601000559286,53782648.35
20180706,4996.6299,4981.983,5061.0439,4897.2582,61340255.0,0.29399739019582627,54480851.55
20180709,5107.5507,5007.213,5107.8749,5007.213,52937159.0,2.0038632269088623,54481431.75
20180710,5136.5326,5114.1215,5141.713,5094.2862,52227669.0,0.4382199366987928,54937330.65
20180711,5036.1565,5060.0722,5070.4863,4973.9884,58915262.0,-0.47263554855995066,55550825.85
20180712,5172.5032,5029.2944,5184.0235,5029.2944,68089566.0,2.8474928809099014,56493593.45
20180713,5204.1855,5174.5091,5207.3602,5167.1585,56354210.0,0.5735114080676633,57090318.5
20180716,5195.2002,5201.528,5216.5644,5170.2219,51667372.0,-0.12165271435624347,56851258.4
20180717,5196.1969,5189.1488,5196.1969,5132.2064,48243322.0,0.13582381757871304,55114106.85
20180718,5156.6363,5198.8899,5220.1757,5156.6363,55257134.0,-0.8127427357136378,54860492.7
20180719,5111.3271,5153.3769,5179.727,5088.1243,50483934.0,-0.8159659348804814,54222665.5
20180720,5175.2516,5105.6524,5184.8744,5072.1645,57868514.0,1.3631793656771396,54531630.9
20180723,5214.0038,5146.6187,5214.3806,5132.3831,68484315.0,1.309308187140431,55562806.1
20180724,5304.641,5213.3942,5315.6706,5211.9422,88201816.0,1.7502378776575134,57419567.55
20180725,5308.6569,5308.0154,5332.616,5294.4201,74850860.0,0.01208549621012259,58669218.5
20180726,5273.4789,5307.3043,5318.8808,5262.3114,75120240.0,-0.637336736090292,60036854.6
20180727,5249.2904,5270.2317,5281.351,5230.1017,61715887.0,-0.3973506515852122,60260902.1
20180730,5185.151,5244.7718,5255.1878,5167.4021,60836024.0,-1.136766331759193,60540256.85
20180731,5188.7166,5182.8265,5208.3796,5163.6611,49496356.0,0.11364648228142733,59943863.0
20180801,5105.3741,5198.4559,5233.5012,5105.3741,60369485.0,-1.7905663102768636,60269339.7
20180802,4996.012,5094.3419,5094.3419,4887.5023,74390325.0,-1.9301786556571836,61342485.25
20180803,4929.75,4982.894,5008.2403,4929.75,50735797.0,-1.066528808359163,60812262.35
20180806,4825.2508,4919.5015,4941.1774,4798.85,52455220.0,-1.915858751135669,60788165.4
20180807,4956.8718,4836.3133,4956.8718,4797.4529,59145780.0,2.4927768844090417,61134070.95
20180808,4880.5694,4940.7793,4952.4185,4877.6644,58083051.0,-1.218631643797565,61092460.4
20180809,5004.7733,4862.1543,5030.1616,4856.4815,68264833.0,2.9332470999531974,61101223.75
20180810,5030.5148,5000.0489,5037.493,4990.8297,53185012.0,0.6093120409282426,60942763.85
20180813,5055.2753,4981.3434,5064.0215,4958.8879,55722652.0,1.4841759353511044,61145527.85
20180814,5037.8831,5043.89,5061.4064,5016.3217,46375912.0,-0.11909260511233023,61052157.35
20180815,4932.8063,5035.5656,5038.7747,4929.1978,53349985.0,-2.04067046609421,60956799.9
20180816,4888.3712,4876.6946,4943.2003,4836.0505,52393844.0,0.239436769323217,61052295.4
20180817,4803.0285,4923.4353,4941.1012,4793.7669,51707974.0,-2.44558509786855,60744268.4
20180820,4832.6512,4794.2367,4832.9089,4736.5592,51631112.0,0.801264151183855,59901608.25
20180821,4891.9801,4831.2092,4901.1166,4816.8528,49737904.0,1.2578817741943265,57978412.65
20180822,4837.0183,4877.0124,4878.8189,4829.6051,43922267.0,-0.820053276879097,56431983.0
20180823,4863.6651,4832.0069,4885.8114,4821.1107,47263811.0,0.6551770445526444,55039161.55
20180824,4852.2887,4853.8649,4880.891,4831.8874,43898100.0,-0.032473091700585176,54148272.2
20180827,4960.0655,4859.1248,4964.4514,4859.1248,58545799.0,2.0773432285583633,54033760.95
20180828,4974.2072,4964.7342,4983.9404,4954.1656,53465440.0,0.19080578372151236,54232215.15
20180829,4941.9607,4972.0849,4974.1638,4929.4589,53272212.0,-0.605866565150571,53877351.5
20180830,4867.1214,4937.6506,4952.6076,4861.0555,54158462.0,-1.4283959257870524,52865758.35
20180831,4814.8237,4854.9649,4862.4442,4805.207,48012054.0,-0.8268072133744988,52729571.2
20180903,4838.873,4808.3791,4840.1523,4754.8097,52902602.0,0.6341825252505462,52751940.3
20180904,4890.2806,4833.8785,4905.016,4828.5239,61024914.0,1.1668083920603352,52845897.0
20180905,4815.0343,4877.1141,4886.2734,4814.9568,58403543.0,-1.2728797958612352,52861921.6
20180906,4793.3454,4800.935,4849.1761,4773.8777,45868494.0,-0.15808587285602171,51742104.65
20180907,4791.7779,4796.8356,4867.5336,4759.4919,53600072.0,-0.10543826017302523,51762857.65
20180910,4704.8782,4792.5991,4794.0136,4701.289,51326475.0,-1.8303408686948228,51543048.8
20180911,4702.9032,4702.8347,4738.2588,4669.4177,49968007.0,0.0014565683118610009,51722653.55
20180912,4693.9743,4700.8996,4733.5829,4681.1267,42540882.0,-0.1473186111015832,51182198.4
20180913,4721.2121,4727.4302,4752.8965,4655.2143,55692102.0,-0.13153234922432172,51347111.3
20180914,4670.0799,4720.7775,4724.003,4669.9429,56447930.0,-1.073924793108771,51584109.1
20180917,4602.3901,4649.9497,4649.9497,4586.3157,49338946.0,-1.0227981605908663,51469500.8
20180918,4683.5056,4588.2344,4684.2885,4584.4336,54432326.0,2.0764239943800633,51704221.9
20180919,4736.8934,4673.9479,4772.9524,4664.1301,67055856.0,1.3467308867520713,52860901.35
20180920,4733.4806,4734.4822,4761.4084,4723.3049,56398974.0,-0.021155428570425457,53317659.5
20180921,4805.2151,4743.8051,4813.2902,4721.6883,65895196.0,1.2945304182079649,54417514.3
20180925,4792.5507,4774.7923,4810.3431,4763.2055,52654240.0,0.3719198424609948,54122936.35
20180926,4815.6306,4794.0697,4841.7044,4782.3906,64719556.0,0.44974106237963957,54685642.15
20180927,4755.3803,4812.6445,4817.6168,4754.2773,61437672.0,-1.1898697275479317,55093915.15
20180928,4800.7287,4762.3345,4802.1578,4746.1771,57268640.0,0.8062054439897014,55249424.05
20181008,4646.4929,4722.4176,4737.2892,4639.4004,63275664.0,-1.607750657205741,56012604.55
20181009,4634.8939,4652.4876,4685.2177,4612.6352,50437454.0,-0.37815683807519124,55889347.15
20181010,4629.8877,4634.6392,4655.5462,4586.8864,51339637.0,-0.10252146488553837,55405083.3
20181011,4307.4208,4483.2662,4503.1983,4274.6995,90563601.0,-3.922260962331439,57013086.2
20181012,4278.0353,4267.3555,4300.0061,4136.6293,81525149.0,0.2502674080001042,58795918.95
20181015,4199.1532,4283.3557,4317.7101,4195.8308,62291848.0,-1.9658068555922246,59230507.75
20181016,4099.6831,4193.3791,4221.3422,4076.8707,61076659.0,-2.23437942922928,59718016.95
20181017,4133.3832,4147.3455,4167.7603,4038.4243,69523881.0,-0.336656302205836,60695810.65
20181018,4018.4614,4104.3335,4104.3335,4013.6486,59783911.0,-2.0922300782818843,61557962.1
20181019,4127.9854,3958.4458,4130.9325,3948.5593,69561578.0,4.282983993364255,62251435.9
20181022,4333.1445,4165.7571,4375.5985,4165.7571,92958319.0,4.018174751475561,64076955.35
20181023,4253.5561,4336.4461,4350.7285,4228.3294,74668065.0,-1.9114730839154284,65343411.3
20181024,4245.4884,4233.8377,4297.3708,4207.1648,62823482.0,0.2751806003333605,65762969.1
20181025,4234.4208,4124.1854,4240.5841,4103.5602,69687206.0,2.672901174617406,65894536.6
20181026,4233.9585,4260.9102,4294.5553,4217.7896,67983621.0,-0.6325338656515345,66473768.95
20181029,4162.5255,4220.635,4227.6435,4144.8064,57451570.0,-1.3767951978790034,66051587.65
20181030,4204.5424,4145.3966,4233.7942,4096.136,72834650.0,1.4267826629664393,67060608.15
20181031,4272.5518,4207.7588,4298.2426,4204.3595,74687765.0,1.5398458675910933,67559018.6
20181101,4298.9837,4299.4595,4367.7304,4294.8669,86059142.0,-0.011066507313306776,68790092.1
20181102,4437.9456,4366.734,4437.9818,4360.8748,96892168.0,1.6307748537007207,70771268.5
20181105,4440.8274,4427.6324,4466.1357,4375.0414,87777277.0,0.29801480357763455,71996349.15
20181106,4438.0965,4427.3572,4440.1054,4385.3273,69803049.0,0.24256682971049354,72964628.9
20181107,4415.136,4437.7218,4479.6944,4414.0703,78086368.0,-0.5089503357330745,74301965.45
20181108,4382.3286,4442.6555,4450.9818,4379.8833,72145355.0,-1.3579018224573125,73381053.15
20181109,4368.6143,4363.2135,4396.3932,4348.8119,67424960.0,0.12378032842079226,72676043.7
20181112,4481.6881,4360.6321,4481.7736,4354.4675,86990536.0,2.776111289003273,73910978.1
20181113,4563.5351,4430.9498,4588.4964,4422.9479,128710363.0,2.992254617734548,77292663.3
20181114,4545.5089,4551.7973,4600.1289,4534.5243,112598830.0,-0.13815202183982062,79446410.75
20181115,4619.8141,4540.8808,4619.8141,4539.9556,98305200.0,1.738281700766065,81372475.2
20181116,4659.0965,4625.0038,4691.5609,4609.8319,110671824.0,0.7371388538102226,83427987.5
20181119,4670.737,4660.475,4677.9674,4612.4837,111015106.0,0.22019214779608764,84330826.85
20181120,4537.4493,4629.1263,4645.9,4535.8739,103124225.0,-1.9804385116906333,85753634.85
20181121,4554.6747,4483.378,4564.5342,4476.4164,90156627.0,1.5902451232084354,87120292.1
20181122,4551.3264,4562.6424,4583.3734,4528.2409,75274993.0,-0.24801417704792741,87399681.45
20181123,4374.7644,4542.1102,4547.5147,4365.3486,92074828.0,-3.6843183593387945,88604241.8
20181126,4367.4619,4371.4238,4408.1135,4347.7472,68584699.0,-0.09063179827129396,89160898.25
20181127,4387.6515,4393.2898,4416.357,4361.0232,62352710.0,-0.12833890448109336,88636801.25
20181128,4441.8569,4389.8322,4441.8569,4333.0553,72507931.0,1.185118191989205,88527809.55
20181129,4345.703,4462.7925,4473.3074,4344.9003,77102481.0,-2.6236823692788573,88079976.5
20181130,4376.6511,4334.0405,4385.0031,4291.8111,63848789.0,0.983161094133753,86427807.55
20181203,4515.1735,4483.6634,4536.8317,4460.3878,96265752.0,0.702775770366694,86852231.3
20181204,4536.2104,4506.2466,4538.423,4492.0568,76280213.0,0.664939197956888,87176089.5
20181205,4502.7021,4456.1979,4532.2794,4445.9731,74275973.0,1.0435847115317816,86985569.75
20181206,4411.0884,4476.8102,4483.3157,4405.8361,66047596.0,-1.4680497288002126,86680681.8
20181207,4410.9593,4419.6086,4432.3298,4397.4243,51755054.0,-0.19570285024785072,85897186.5
20181210,4359.3122,4381.3803,4396.4047,4350.2267,53940348.0,-0.5036791716071646,84244677.1
20181211,4395.5702,4373.0273,4398.063,4365.1182,50430781.0,0.5154987255625039,80330698.0
20181212,4393.324,4408.9142,4417.6041,4381.3236,48093612.0,-0.35360633690718113,77105437.1
20181213,4443.1572,4405.0861,4471.2565,4378.4604,63613910.0,0.8642532548909589,75370872.6
20181214,4337.1025,4436.0023,4439.0458,4331.3785,65786546.0,-2.2294803589258767,73126608.7
20181217,4330.6465,4322.5935,4341.2033,4285.2144,51502815.0,0.18630019223412714,70150994.15
20181218,4307.2675,4308.0478,4339.4043,4266.4517,51303478.0,-0.018112612399527044,67559956.8
20181219,4247.8991,4311.2792,4315.1081,4245.1504,46260174.0,-1.470099640032599,65365134.15
20181220,4259.7614,4240.3729,4274.0116,4225.1345,46967852.0,0.45723573037644916,63949777.1
20181221,4231.144,4246.4287,4260.289,4204.486,47110425.0,-0.3599424617679359,61701556.95
20181224,4274.7218,4227.354,4276.9745,4215.0226,41841941.0,1.1205070594986837,60364419.05
20181225,4225.5124,4233.5432,4244.9521,4132.7639,60383673.0,-0.18969453293875574,60265967.2
20181226,4208.4053,4218.6618,4241.3508,4194.305,45032933.0,-0.24312211991014557,58892217.3
20181227,4161.2702,4263.3345,4272.8081,4159.7661,54219393.0,-2.3940016904608354,57748062.9
20181228,4168.0363,4168.9399,4192.6955,4138.9346,49964185.0,-0.021674574872152786,57053832.7
20190102,4131.9567,4176.1098,4179.7233,4125.9356,47494449.0,-1.0572782353567536,54615267.55
20190103,4112.807,4131.6949,4182.1983,4110.527,55491244.0,-0.457146533254443,53575819.1
20190104,4210.8786,4075.6217,4210.8786,4071.6898,73448737.0,3.3186814173651067,53534457.3
20190107,4288.3234,4235.0346,4297.0238,4223.4585,81153450.0,1.258284879183756,54289750.0
20190108,4277.2967,4278.2802,4289.6278,4264.6001,69556937.0,-0.022988209140679387,55179844.15
20190109,4288.7717,4286.231,4354.1986,4280.6556,85153595.0,0.059275853307963804,56740506.5
20190110,4281.8606,4289.5591,4319.4941,4274.1955,68910889.0,-0.17947065935052442,57664511.9
20190111,4314.8757,4282.3935,4316.5413,4267.2889,68355085.0,0.758505728163455,58677585.55
20190114,4286.5474,4317.5239,4325.9474,4278.761,67679614.0,-0.7174598384967773,58880870.75
20190115,4347.3555,4282.9863,4350.9338,4271.6362,72005181.0,1.5029046438929794,59191802.5
20190116,4336.8779,4347.0758,4364.0963,4330.7437,69274744.0,-0.23459218263457032,60080398.95
20190117,4303.7308,4334.6309,4347.1786,4297.6681,74562113.0,-0.7128657713393738,61243330.7
20190118,4347.8112,4307.1386,4351.4382,4297.4773,83371611.0,0.9443067376564078,63098902.55
20190121,4373.6333,4354.6997,4395.0631,4352.8102,72781531.0,0.4347854342286862,64389586.5
20190122,4308.2518,4370.8568,4370.8568,4291.9624,69496672.0,-1.4323278676162434,65508898.85
20190123,4315.6846,4298.938,4322.8895,4292.0872,58485735.0,0.3895520242441154,66341088.55
20190124,4338.17,4318.7091,4363.2181,4292.8296,70630305.0,0.45061844985113814,66853420.15
20190125,4318.4417,4341.4133,4359.4637,4315.9525,71657478.0,-0.5291272314478755,68184647.4
20190128,4307.2196,4341.4922,4370.898,4297.9632,67279935.0,-0.7894198220602431,68837674.5
20190129,4254.2875,4301.4692,4301.4692,4188.594,77753727.0,-1.0968740634013883,70227151.6
20190130,4211.6235,4235.2746,4266.8811,4211.1908,58513770.0,-0.5584313234376832,70778117.65
20190131,4176.4739,4203.9772,4240.7162,4151.414,71511205.0,-0.6542209600946529,71579115.7
20190201,4294.2696,4189.1098,4295.0379,4189.1098,66099677.0,2.5103137664235833,71211662.7
20190211,4402.8668,4306.2006,4403.7282,4306.2006,75297356.0,2.2448141407996567,70918858.0
20190212,4439.485,4398.4427,4452.5007,4394.8339,85271156.0,0.9331098027035812,71704568.95
20190213,4512.4088,4442.7279,4526.2699,4433.0271,113218903.0,1.5684260114152007,73107834.35
20190214,4532.1699,4507.8406,4555.2331,4494.5521,94828533.0,0.5397107430994659,74403716.55
20190215,4502.7348,4523.9449,4544.3864,4497.3858,93511607.0,-0.4688408119205925,75661542.65
20190218,4660.999,4527.9685,4660.999,4527.9685,124124004.0,2.937973177154387,78483762.15
20190219,4667.2836,4683.3252,4706.5253,4614.2779,143874768.0,-0.34252586175310806,82077241.5
20190220,4667.6243,4667.3534,4677.9779,4619.46,120213129.0,0.005804145878485182,84624160.75
20190221,4659.1431,4666.2814,4750.418,4643.1096,145951113.0,-0.15297620070661871,88193610.75
20190222,4777.2977,4651.538,4777.2977,4649.2158,146166142.0,2.703615449341713,91333337.3
20190225,5044.3466,4840.5434,5045.0755,4835.4825,241783579.0,4.210337211313926,99783439.7
20190226,5038.5435,5059.284,5149.6229,5004.552,262833265.0,-0.4099493129857878,109450269.35
20190227,5017.8842,5027.3875,5093.7952,4964.623,208854087.0,-0.18903058497081038,116968686.95
20190228,5025.2913,5017.4403,5072.6687,4994.0501,156042877.0,0.15647420857204136,121239315.55
20190301,5067.225,5047.2277,5067.3068,4984.993,149828330.0,0.3962036426452485,125147858.15
20190304,5158.2467,5112.9515,5253.388,5108.2823,232446864.0,0.8858914464570917,133406204.6
20190305,5295.2878,5146.6204,5295.2878,5125.154,206891261.0,2.8886412528112677,139863081.3
20190306,5390.0294,5328.1279,5395.554,5256.7934,264964318.0,1.1617870509452286,150185608.7
20190307,5458.6153,5381.2266,5512.6438,5353.5735,266967220.0,1.4381237913304084,159958409.45
20190308,5245.6999,5340.1057,5480.1728,5245.5313,285680249.0,-1.7678638832935547,170937438.05
20190311,5456.381,5279.7507,5456.4199,5272.1903,214252213.0,3.3454287907950033,177885180.9
20190312,5551.0029,5500.9359,5591.6863,5458.7596,249333993.0,0.9101542157580859,186088322.75
20190313,5424.8642,5557.1556,5557.1556,5388.2464,224349236.0,-2.380559579796543,191644839.4
20190314,5298.5024,5381.11,5432.5207,5236.7529,178608679.0,-1.5351405193352183,195833846.7
20190315,5359.0087,5328.8085,5418.3293,5308.0621,152846465.0,0.5667345711522608,198800589.6
20190318,5501.183,5387.3756,5501.183,5333.2557,172655255.0,2.11248311701155,201227152.15
20190319,5522.1801,5505.6985,5555.1227,5486.7986,166713931.0,0.29935529524544724,202369110.3
20190320,5515.7856,5518.3087,5533.0525,5415.7549,176820735.0,-0.04572234242711777,205199490.6
20190321,5589.478,5525.9922,5634.6618,5513.392,207150045.0,1.148857937222575,208259437.2
20190322,5622.1402,5591.0427,5625.095,5505.8058,181954823.0,0.5562021552795484,210048871.25
20190325,5549.6711,5521.251,5629.2277,5507.3576,178432937.0,0.5147402282562297,206881339.15
20190326,5394.8787,5571.5251,5589.4127,5380.8535,176164730.0,-3.1705214789393956,202547912.4
20190327,5447.8795,5431.9779,5447.8795,5333.7848,144956608.0,0.2927405135429609,199353038.45
20190328,5370.1234,5432.9438,5487.7654,5370.1234,149261082.0,-1.156286578926136,199013948.7
20190329,5547.6561,5370.4209,5550.7601,5346.2139,178333017.0,3.300210603604646,200439183.05
20190401,5757.8379,5591.6651,5763.5806,5591.6651,221181631.0,2.971794573319498,199875921.4
20190402,5775.5497,5794.7878,5833.0223,5750.3296,228750284.0,-0.331989723592648,200968872.55
20190403,5836.0369,5744.2215,5843.468,5724.1257,199104763.0,1.5983958835849281,197675894.8
20190404,5871.5575,5868.3919,5894.9882,5813.4624,208834859.0,0.0539432276157335,194769276.75
20190408,5847.6296,5921.2105,5939.4979,5765.9069,238317466.0,-1.242666512193747,192401137.6
20190409,5858.0464,5834.29,5877.84,5798.3736,179363502.0,0.40718579295852986,190656702.05
20190410,5850.7609,5826.0258,5906.4273,5782.3689,178753607.0,0.42456214320231594,187127682.75
20190411,5727.1749,5852.636,5866.9221,5720.5516,165876073.0,-2.1436682547829804,184204024.6
20190412,5714.3676,5720.0481,5749.3368,5673.7447,140078341.0,-0.09930860546435603,182277507.7
20190415,5655.9825,5795.5011,5815.3916,5654.3441,157754136.0,-2.407360426521191,182522891.25
20190416,5777.0111,5625.1221,5777.0111,5583.6142,156029632.0,2.700190276758617,181691610.1
20190417,5807.7288,5776.6352,5840.6249,5757.9952,169800155.0,0.5382649054937751,181845921.3
20190418,5775.171,5804.3014,5826.6736,5762.5678,151322505.0,-0.5018760741818129,180571009.8
20190419,5810.1798,5762.5009,5810.1798,5710.7953,148724289.0,0.8273994369354439,177649722.0
20190422,5723.0417,5821.0229,5824.5207,5704.9769,158161026.0,-1.6832299354122136,176460032.15
20190423,5628.0624,5710.7334,5710.7334,5610.7353,149871461.0,-1.447642434157411,175031958.35
20190424,5679.7256,5636.4016,5682.4788,5568.408,134784412.0,0.7686464356975488,172962942.45
20190425,5458.4194,5652.0056,5662.7898,5457.8254,151401718.0,-3.425088609254043,173285197.95
20190426,5408.0306,5427.6228,5496.0353,5407.1942,124279880.0,-0.360972026280088,172036137.85
20190429,5265.6011,5405.1641,5421.6568,5252.0486,138672387.0,-2.58203076572643,170053106.35
20190430,5307.56,5244.0447,5349.9438,5244.0447,102190340.0,1.2111891418469416,164103541.8
20190506,4908.7984,5122.4696,5125.1616,4874.6433,143386233.0,-4.171253646873779,159835339.25
20190507,4973.4043,4933.0425,4990.1939,4886.0568,116573687.0,0.8181928292732241,155708785.45
20190508,4947.7419,4865.7878,5028.526,4842.5603,107738121.0,1.6842925209356627,150653948.55
20190509,4888.4128,4897.9781,4955.7835,4879.6945,90934656.0,-0.19529078743737555,143284808.05
20190510,5064.323,4940.4814,5064.323,4842.6072,122177483.0,2.506670706219047,140425507.1
20190513,5005.9044,5009.4748,5040.5037,4985.1882,91736394.0,-0.07127294062841893,136074646.45
20190514,4965.6124,4942.3937,5018.4131,4941.9271,87540969.0,0.46978653278876503,132157891.25
20190515,5076.555,5002.6051,5086.7298,4999.3368,97463860.0,1.4782278137444935,130027167.2
20190516,5108.3588,5071.1085,5118.4448,5059.2068,104422166.0,0.7345593177507382,127360568.7
20190517,4942.5792,5112.2411,5116.9934,4923.6727,119071213.0,-3.318738234000741,125512647.75
20190520,4923.5589,4937.1767,4947.7455,4835.8087,95686497.0,-0.27582160468350236,121806964.85
20190521,5009.8725,4917.3424,5026.2842,4904.8232,100837073.0,1.881709518539932,119282693.25
20190522,4976.3929,5002.1602,5018.1092,4941.0098,94092709.0,-0.5151234460663701,116551114.25
20190523,4872.9202,4955.2522,4957.9863,4860.1881,90563681.0,-1.6615097814799484,113171247.0
20190524,4841.7573,4848.5757,4892.4587,4831.3352,77933436.0,-0.1406268649162291,109574345.75
20190527,4962.947,4848.6417,4974.2676,4824.142,93076414.0,2.35747054685439,107488945.85
20190528,4955.4855,4965.5908,5002.2491,4933.8967,90263989.0,-0.20350649916622549,104432059.4
20190529,4956.8638,4943.5678,4992.9887,4930.4307,85876852.0,0.2689555506854842,102511908.0
20190530,4926.403,4933.5006,4933.8544,4865.7753,94779602.0,-0.1438653924558164,100317268.75
20190531,4912.0005,4923.9199,4969.0513,4902.7379,86716729.0,-0.24207136269620813,99543588.2
20190603,4853.8153,4921.7084,4942.0652,4838.3523,98540830.0,-1.3794620583373087,97301318.05
20190604,4795.4129,4847.6634,4853.8105,4768.0393,86751653.0,-1.0778491757492918,95810216.35
20190605,4783.8245,4837.895,4850.8038,4777.9781,81300165.0,-1.1176451741925097,94488318.55
20190606,4678.7844,4776.4896,4776.6879,4668.5413,83416931.0,-2.045544074878763,94112432.3
20190610,4725.2643,4693.7633,4750.5423,4662.7808,73361381.0,0.6711245963340376,91671627.2
20190611,4901.4723,4730.8093,4903.8673,4728.4832,116811446.0,3.607480014043273,92925379.8
20190612,4863.4922,4889.3606,4917.0919,4852.9834,107847561.0,-0.5290753150831276,93940709.4
20190613,4877.6505,4855.5398,4892.5811,4831.5194,96172538.0,0.4553705851613075,93876143.3
20190614,4795.5267,4880.2264,4893.9284,4786.195,102803894.0,-1.7355690711397982,93795229.7
20190617,4802.8185,4796.1203,4826.5959,4779.6429,73361138.0,0.13965871539962676,91509725.95
20190618,4797.1468,4804.3018,4825.6252,4773.5495,66523897.0,-0.14892902856352083,90051595.95
20190619,4858.9164,4902.9598,4931.1098,4856.9033,98274376.0,-0.898302286712601,89923461.1
20190620,4954.7338,4853.2088,4987.5951,4837.1763,119695961.0,2.091914940894355,91203623.7
20190621,5021.3051,4973.5853,5045.7149,4973.5853,122814214.0,0.9594647949437974,92816150.35
20190624,5024.2046,5032.3746,5038.4798,4996.1699,99620157.0,-0.1623488044789049,93900486.4
20190625,4974.9882,5020.2009,5020.2009,4910.1971,99202180.0,-0.900615351867692,94206774.7
20190626,4962.5936,4943.7751,4991.1275,4928.733,70035687.0,0.38065040620477075,93195359.6
20190627,5007.4833,4974.9859,5030.3718,4972.6702,81631266.0,0.6532159216772896,92983080.3
20190628,4950.4798,5005.1921,5005.1921,4920.4349,77164628.0,-1.0931108917877526,92102331.6
20190701,5100.2619,5044.6638,5100.2619,5016.2363,111630214.0,1.1021170528747655,93348005.85
20190702,5084.41,5092.8418,5102.4091,5066.2507,97080637.0,-0.16556178909779395,93274996.2
20190703,5040.7227,5074.7097,5074.7097,5021.8958,85358589.0,-0.6697328913218441,93205343.0
20190704,5025.0207,5046.883,5067.997,5002.3322,80147189.0,-0.4331842049835468,93147694.2
20190705,5042.6599,5026.3316,5055.0145,5001.5234,64904141.0,0.32485520851826044,92222054.7
20190708,4870.7807,5028.6349,5028.6349,4855.2148,91766077.0,-3.1391064004268783,93142289.5
20190709,4881.6235,4868.475,4892.5583,4838.9366,61012512.0,0.27007430458201653,90352342.8
20190710,4843.8649,4891.9111,4896.0413,4829.2848,60795192.0,-0.9821560330481205,87999724.35
20190711,4844.5474,4867.6825,4905.1604,4821.5516,62628484.0,-0.47527956065333987,86322521.65
20190712,4861.5679,4848.222,4874.3204,4820.6635,61479398.0,0.2752741107977369,84256296.85
20190715,4925.3243,4850.8904,4951.6237,4787.9062,84594481.0,1.5344378838161337,84817964.0
20190716,4932.0458,4917.7931,4940.2313,4909.6633,68924962.0,0.28981902471659504,84938017.25
20190717,4929.085,4930.6466,4953.4093,4914.4924,75361088.0,-0.031671302502191065,83792352.85
20190718,4844.1087,4909.7172,4909.7172,4843.5134,72636158.0,-1.3362989623923813,81439362.7
20190719,4878.6903,4861.2125,4920.4135,4861.2031,68597298.0,0.3595358153958621,78728516.9
20190722,4776.5749,4885.4293,4886.402,4766.0716,72191578.0,-2.228144003639561,77357087.95
20190723,4823.9182,4778.0529,4823.9182,4778.0529,54729263.0,0.959916119806886,75133442.1
20190724,4873.0271,4837.7669,4898.8054,4837.7669,69451383.0,0.7288528101674479,75104226.9
20190725,4891.6432,4873.1742,4899.715,4861.7715,67384418.0,0.3789932237595785,74391884.5
20190726,4898.1099,4880.7194,4902.0916,4868.197,59252777.0,0.35631017837248397,73496291.95
20190729,4897.0183,4897.6519,4914.48,4872.545,56581521.0,-0.012936811617830881,70743857.3
20190730,4922.9175,4902.8411,4961.0247,4902.7813,71194127.0,0.40948502287785593,69449531.8
20190731,4903.203,4914.044,4921.7224,4892.5557,62754547.0,-0.22061259524740598,68319329.7
20190801,4870.469,4877.5573,4900.0866,4850.5281,64332504.0,-0.14532479198143597,67528595.45
20190802,4809.9198,4773.4302,4816.8104,4756.4044,79002361.0,0.764431414541264,68233506.45
20190805,4751.9846,4795.9105,4838.7588,4749.9444,71612542.0,-0.9159032471519262,67225829.7
20190806,4650.5627,4665.8404,4684.5159,4558.0604,98667866.0,-0.3274372608201438,69108597.4
20190807,4626.3641,4678.4283,4686.7321,4624.7423,67417406.0,-1.1128566403379487,69439708.1
20190808,4656.1009,4641.8665,4663.032,4636.2385,60077796.0,0.30665250713264325,69312173.7
20190809,4600.3526,4677.2477,4690.654,4593.2238,64443337.0,-1.644024540329556,69460370.65
20190812,4685.045,4608.1166,4685.045,4591.6615,61946507.0,1.669410882528445,68327971.95
20190813,4658.3884,4649.349,4667.715,4638.0294,58691317.0,0.1944229181332625,67816289.7
20190814,4683.8403,4713.5026,4731.8627,4677.1302,71148787.0,-0.6293048400991645,67605674.65
20190815,4706.5504,4585.0944,4709.363,4576.4614,78261611.0,2.6489312848171704,67886947.3
20190816,4722.6625,4702.1415,4755.9526,4696.9213,77542458.0,0.4364181724433568,68334205.3
20190819,4875.0363,4765.0581,4875.0363,4765.0581,106580926.0,2.308013830933133,70053672.7
20190820,4872.6061,4878.6745,4912.9917,4864.8159,100202293.0,-0.12438624466543342,72327324.2
20190821,4882.7213,4865.7174,4896.2914,4859.328,84940790.0,0.34946336998527083,73101794.55
20190822,4887.9142,4894.3625,4896.5752,4851.9692,82238110.0,-0.1317495383719538,73844479.15
20190823,4887.9024,4888.5329,4902.7831,4861.2002,82502528.0,-0.012897530054471168,75006966.7
20190826,4855.4584,4799.4831,4867.3032,4793.8441,88453144.0,1.1662776768606613,76600547.85
20190827,4936.1238,4878.2891,4976.5805,4878.2891,108192637.0,1.1855529431414866,78450473.35
20190828,4928.1935,4929.8939,4948.0177,4910.6033,98994293.0,-0.034491614515268124,80262460.65
20190829,4934.1838,4937.5909,4954.9574,4912.22,96817996.0,-0.06900328660279155,81886735.25
20190830,4886.494,4963.2785,4975.9723,4862.5821,102451634.0,-1.5470520141072208,83059198.9
20190902,5008.2958,4894.0496,5020.2648,4890.2253,108292930.0,2.334389908921225,84893218.3
20190903,5044.1805,5019.4049,5044.1805,4999.8872,109090449.0,0.49359636238949245,85414347.45
20190904,5093.2662,5036.5238,5093.2662,5027.6672,122499224.0,1.1266183235349765,88168438.35
20190905,5138.4051,5119.5739,5208.9999,5119.4281,158947369.0,0.36782748658046766,93111917.0
20190906,5154.6378,5152.185,5167.4828,5111.7349,112798576.0,0.047606986162182154,95529678.95
20190909,5263.4594,5202.7058,5263.4594,5171.8514,132941927.0,1.167730837288551,99079449.95
20190910,5245.305,5264.3276,5264.3276,5212.5251,131111547.0,-0.361349092332311,102700461.45
20190911,5217.2913,5262.4946,5273.9678,5206.9728,115603941.0,-0.858970952673284,104923219.15
20190912,5242.6115,5230.2944,5255.7851,5197.5696,96044226.0,0.23549534802477295,105812349.9
20190916,5250.3398,5263.3007,5279.5896,5228.29,114136339.0,-0.2462504184873959,107642043.95
20190917,5140.4502,5237.5592,5237.5592,5118.2077,114771435.0,-1.8540888282465517,108051569.4
20190918,5141.0381,5148.0631,5163.8104,5119.6137,89555999.0,-0.136459088856167,107519254.7
20190919,5191.6687,5150.4983,5191.6687,5126.1532,88129311.0,0.7993478999886278,107678680.75
20190920,5204.4848,5198.7279,5220.2351,5180.0778,94186438.0,0.11073670541595981,108276097.15
20190923,5171.484,5192.8838,5192.8838,5124.7981,94657680.0,-0.41209857228076685,108883854.75
20190924,5180.7418,5168.1222,5237.4102,5159.3315,94527996.0,0.24418153270447032,109187597.35
20190925,5087.0091,5162.1513,5162.1513,5087.0091,92202920.0,-1.4556373037729486,108388111.5
20190926,4970.2403,5099.5177,5108.8037,4970.2403,94670752.0,-2.535090720442051,108171934.45
20190927,5005.6299,4974.0324,5033.185,4974.0324,74329833.0,0.6352491793177675,107047526.3
20190930,4940.903,5009.1385,5022.4285,4940.903,65785130.0,-1.3622202700124937,105214201.1
20191008,4941.7607,4955.078,4994.4433,4937.0284,66443425.0,-0.2687606532127368,103121725.85
20191009,4982.9535,4926.2085,4985.4405,4904.3222,66505759.0,1.1519000870547784,100992491.35
20191010,5046.3594,4988.1408,5049.2193,4979.1948,73818154.0,1.1671402699779474,98558437.85
20191011,5055.5165,5057.8108,5074.9035,5012.3843,82786016.0,-0.045361522815374505,94750370.2
20191014,5131.1312,5095.2164,5151.6944,5089.3126,103688878.0,0.7048729078513634,94294885.3
20191015,5061.0029,5115.2478,5115.2478,5057.2839,88321430.0,-1.0604549793267042,92063860.45
20191016,5038.356,5064.3325,5086.9729,5036.5028,78221408.0,-0.5129303812496645,89419353.5
20191017,5029.854,5039.2712,5049.3606,5017.4677,70514508.0,-0.1868762292452104,87164881.85
20191018,4961.8072,5033.8167,5056.5575,4953.1478,82038850.0,-1.430514941078409,86464613.05
20191021,4951.0354,4956.7929,4957.2357,4906.3624,69899271.0,-0.11615373319310189,84252759.65
20191022,5005.5525,4954.1075,5011.0127,4954.1075,65534982.0,1.0384312411468606,81790937.0
20191023,4967.1949,5009.3572,5009.9404,4955.0555,69036507.0,-0.8416708634792495,80764962.4
20191024,4958.2465,4961.6853,4972.7625,4921.1123,64868443.0,-0.06930709611913316,79601919.0
20191025,4994.5684,4953.3271,5001.5089,4922.0836,73158777.0,0.8325979521925714,78550535.95
20191028,5084.4677,5026.064,5084.6884,5026.064,102907395.0,1.162016639660773,78963021.7
20191029,5007.7126,5080.9295,5080.9295,5007.7126,108706305.0,-1.441013893225646,79671937.15
20191030,4947.8954,4975.6732,4984.4037,4938.1025,85762155.0,-0.5582721952076725,79349898.9
20191031,4917.4174,4950.0259,4967.7453,4911.3756,79582687.0,-0.6587541289430298,78595495.65
20191101,4962.3495,4908.6477,4967.0484,4896.0073,74155656.0,1.094024327718606,78586786.8
20191104,4987.8364,4974.3632,5016.9371,4974.3632,81278227.0,0.27085275960549804,79361441.65
20191105,5025.3029,4995.4616,5041.2355,4972.7168,85072951.0,0.5973682191851909,80292917.95
20191106,4974.7343,5022.1048,5027.7894,4955.8258,83216275.0,-0.9432399738054051,81128443.75
20191107,5007.0666,4970.529,5020.2236,4960.8385,72092198.0,0.7350847364535978,81042145.95
20191108,4988.2938,5036.6566,5051.5643,4985.9488,79096556.0,-0.9602163466931591,80857672.95
20191111,4876.1594,4961.1943,4961.1943,4868.4348,77096401.0,-1.7140005986058753,79528049.1
20191112,4881.6144,4878.9722,4887.2957,4823.4288,68785493.0,0.05415484843304148,78551252.25
20191113,4875.543,4878.9678,4888.1914,4853.5946,60606408.0,-0.07019517529918289,77670502.25
20191114,4912.1075,4875.2493,4925.4416,4871.5569,63910112.0,0.7560269789690481,77340282.45
20191115,4868.4367,4910.2052,4936.9848,4868.4367,70076404.0,-0.850646730609143,76742160.15
20191118,4892.4609,4862.2803,4901.001,4851.39,63965372.0,0.6207087649800791,76445465.2
20191119,4975.1128,4892.3397,4975.1128,4890.7563,72363369.0,1.6918919182983025,76786884.55
20191120,4946.2757,4975.7561,4991.6959,4941.9109,78998277.0,-0.5924808090975252,77284973.05
20191121,4945.7188,4929.8513,4963.0886,4919.5937,66167513.0,0.321865691973293,77349926.55
20191122,4904.0828,4954.3102,5018.0642,4876.8117,88027695.0,-1.0138121751036049,78093372.45
20191125,4901.5021,4904.9949,4915.3452,4853.8425,86347265.0,-0.07120904447831308,77265365.95
20191126,4882.1624,4906.4289,4920.6768,4882.1624,81259730.0,-0.4945857872311107,75893037.2
20191127,4904.2568,4881.402,4935.6277,4872.3024,72646940.0,0.46820155357006177,75237276.45
20191128,4889.2595,4897.6525,4916.8046,4878.0072,59672314.0,-0.17136781345757032,74241757.8
20191129,4894.9416,4888.3484,4909.411,4850.5879,61395620.0,0.13487582022591213,73603756.0
20191202,4905.4209,4897.6306,4930.5853,4889.319,63150159.0,0.15906262918235728,72697352.6
20191203,4926.4548,4889.4069,4926.4548,4863.662,60345525.0,0.7577176691921567,71460981.3
20191204,4920.6682,4902.4853,4935.5695,4901.0364,63496450.0,0.37089147416719004,70474990.05
20191205,4967.6021,4927.7757,4978.9896,4923.1116,74077104.0,0.8082023700875817,70574235.35
20191206,5010.5104,4968.041,5010.513,4954.7856,73705957.0,0.854852043290302,70304705.4
20191209,5024.604,5020.2216,5040.2408,5005.8413,88486415.0,0.08729495128263692,70874206.1
20191210,5049.0514,5012.4716,5054.3122,4998.1479,82936330.0,0.7297757058613645,71581747.95
20191211,5027.2784,5044.9367,5052.3501,5007.5596,86011038.0,-0.3500202490152166,72851979.45
20191212,5012.0011,5025.4907,5044.1972,5008.3676,80055439.0,-0.2684235392177699,73659245.8
20191213,5073.6858,5047.8973,5082.7599,5029.8833,99979184.0,0.5108760829979756,75154384.8
20191216,5166.0391,5095.3481,5166.0391,5081.9093,116522533.0,1.3873635051548254,77782242.85
20191217,5236.0624,5167.2291,5257.8279,5161.1524,150219142.0,1.3321124081763713,81675031.5
20191218,5235.1248,5235.4761,5267.4061,5221.698,129264398.0,-0.006709991475278912,84188337.55
20191219,5241.7376,5236.9151,5255.1689,5215.884,113666294.0,0.0920866561308244,86563276.6
20191220,5184.6752,5244.2134,5258.0056,5182.0632,117998472.0,-1.1353123044153766,88061815.45
20191223,5084.3505,5161.2823,5188.85,5079.4417,105652530.0,-1.490555941882898,89027078.7
20191224,5162.0702,5098.805,5165.1561,5092.9061,85451916.0,1.2407848505679238,89236688.0
20191225,5183.0986,5157.3667,5195.8663,5153.5138,95918676.0,0.4989348537113074,90400274.8
20191226,5219.1404,5181.3814,5219.1404,5171.4403,95625533.0,0.7287438828571858,92197935.75
20191227,5179.1929,5223.4701,5252.7878,5175.852,126259628.0,-0.8476587240348048,95441136.15
20191230,5241.9383,5160.3102,5242.1238,5119.8558,116869456.0,1.5818448278555017,98127101.0
20191231,5267.6622,5239.9132,5269.8736,5228.1726,103889658.0,0.5295698409660641,100304307.65
20200102,5366.1375,5306.6677,5374.9082,5288.1675,145894405.0,1.1206618420821761,104424205.4
20200103,5380.6372,5376.0328,5395.2585,5351.8049,128452021.0,0.08564679888114092,107142951.25
20200106,5434.8503,5365.2171,5481.55,5355.0237,159587414.0,1.2978636036927604,111437024.1
20200107,5499.8395,5441.9032,5499.8395,5440.6916,144142722.0,1.0646330497021759,114219839.45
20200108,5423.7966,5481.9844,5500.1601,5409.569,155406847.0,-1.061436803796826,117843365.3
20200109,5497.5429,5465.8574,5497.5429,5457.3498,132431667.0,0.5796986214825235,120164396.75
20200110,5480.2279,5511.6739,5516.0948,5455.2516,113819821.0,-0.5705344795525714,121852615.85
20200113,5559.6272,5478.3159,5559.6272,5447.7315,118076181.0,1.4842389793549566,122757465.7
20200114,5542.3316,5576.6291,5583.7202,5539.8997,129811383.0,-0.6150220748946649,123421908.2
20200115,5530.0266,5532.9613,5545.1012,5492.6508,112425020.0,-0.05304031315020753,121532202.1
20200116,5527.6676,5539.4211,5559.0175,5514.6912,111897276.0,-0.21217921128978268,120663846.0
20200117,5510.0453,5539.723,5555.4119,5499.4674,104949329.0,-0.5357253422237932,120227997.75
20200120,5587.5359,5523.0098,5587.5359,5500.5937,115403001.0,1.1683140594825676,120098224.2
20200121,5523.9419,5581.0102,5581.98,5515.1928,124604808.0,-1.0225442698527931,121045838.1
20200122,5575.5126,5502.587,5597.9935,5440.1998,123474770.0,1.325296628658476,122946980.8
20200123,5377.7411,5521.7921,5558.4257,5326.9315,145773071.0,-2.608772612065555,125439700.55
20200203,4910.9011,4896.8945,4960.7456,4896.8945,81777084.0,0.2860302585648865,124747278.1
20200204,4996.4743,4736.1227,5013.7695,4736.1227,189672279.0,5.497146431615886,127917910.65
20200205,5123.9619,5035.4089,5178.4378,5026.4083,171095339.0,1.7586059396288527,130629204.8
20200206,5282.8922,5128.1863,5299.178,5100.4818,185957456.0,3.0167761260935455,134732594.7
20200207,5327.0369,5287.269,5329.3558,5226.6999,191147642.0,0.7521444435681224,136995256.55
20200210,5388.4349,5322.0089,5389.0387,5301.4121,176703282.0,1.2481377098035367,139407819.6
20200211,5361.2768,5390.5255,5396.9558,5323.7602,152508177.0,-0.5425945949054521,139053857.75
20200212,5459.9461,5345.522,5461.6736,5340.487,151041473.0,2.140559892934688,139398795.3
20200213,5412.8418,5456.6591,5482.7951,5397.2324,158202642.0,-0.8030060005031229,139538585.05
20200214,5420.8025,5407.4738,5474.4682,5375.9258,145346496.0,0.24648663115113065,140184326.5
20200217,5594.4366,5454.4626,5594.4366,5454.4626,174636657.0,2.5662289810182246,143225168.3
20200218,5660.8142,5607.8401,5660.8142,5577.8981,185098701.0,0.9446435535849078,146576294.3
20200219,5603.2626,5654.1778,5678.8191,5601.3916,185642085.0,-0.900488131094858,149367829.4
20200220,5706.7127,5619.5203,5712.1825,5580.0672,192076026.0,1.551598630224717,153350379.7
20200221,5784.0321,5704.836,5822.3973,5700.9519,207236239.0,1.3882274617535038,158117327.85
20200224,5865.4665,5784.5751,5884.1397,5754.6794,218098962.0,1.398398302409462,163774809.5
20200225,5897.7219,5745.617,5912.2741,5643.8843,267366678.0,2.647320557565869,171372993.35
20200226,5743.3929,5824.0484,5885.2702,5724.499,266375080.0,-1.3848700158467064,178461506.95
20200227,5753.7277,5770.2183,5829.0372,5689.539,204694875.0,-0.28578814773784356,182522512.2
20200228,5451.2897,5558.4158,5641.7724,5438.8521,224306709.0,-1.9272775527156407,186449194.1
20200302,5656.4193,5516.4386,5683.2425,5505.2683,199511612.0,2.5375194060892685,192335920.5
20200303,5710.0235,5756.7914,5832.3531,5658.1205,226325494.0,-0.812395251980119,194168581.25
20200304,5716.5112,5670.4997,5719.1783,5603.9288,185133098.0,0.8114187890707342,194870469.2
20200305,5801.1199,5795.25,5811.2074,5732.168,217232221.0,0.10128812389456346,196434207.45
20200306,5763.8602,5737.0958,5802.6293,5723.7326,185297147.0,0.4665147826187602,196141682.7
20200309,5525.8167,5668.6366,5699.9198,5525.8167,218538089.0,-2.51947531792741,198233423.05
20200310,5675.1113,5459.1732,5675.8756,5423.4289,208402877.0,3.9555092335227497,201028158.05
20200311,5589.5311,5692.7173,5708.9152,5589.5311,187750912.0,-1.812600109265923,202863630.0
20200312,5493.8838,5507.3213,5549.3501,5446.7941,158753157.0,-0.2439933911246471,202891155.75
20200313,5457.2006,5225.5063,5507.3899,5224.7267,195266659.0,4.433911025999531,205387163.9
20200316,5200.1142,5496.889,5496.889,5183.3436,186849952.0,-5.398959302252604,205997828.65
20200317,5212.0619,5245.5231,5300.5591,5052.6546,159137878.0,-0.6379001552771857,204699787.5
20200318,5119.4716,5257.9438,5333.1204,5119.4716,164286604.0,-2.6335808305900903,203632013.45
20200319,5157.8235,5119.9437,5185.0889,5020.4387,154593702.0,0.7398479791877519,201757897.25
20200320,5219.2809,5217.488,5225.0268,5129.0733,127513289.0,0.034363279800537404,197771749.75
20200323,4998.9095,5079.3549,5129.1405,4981.6682,138684745.0,-1.5837719864780566,193801038.9
20200324,5096.0408,5089.1516,5118.0355,4963.2918,140787705.0,0.13537030415835163,187472090.25
20200325,5217.4237,5200.7752,5229.2205,5160.3887,146881070.0,0.32011573966896784,181497389.75
20200326,5166.1091,5180.4657,5227.4679,5157.1478,125652450.0,-0.2771295252471235,177545268.5
20200327,5137.3371,5222.8511,5227.7921,5134.4903,117045073.0,-1.6373049578227519,172182186.7
20200330,5027.4856,5073.7047,5074.6251,4974.3165,123981316.0,-0.9109536863664977,168405671.9
20200331,5041.4534,5073.5232,5090.5675,5030.573,111605612.0,-0.632101179708793,162669677.8
20200401,5019.2187,5029.5837,5108.175,5007.7115,112154111.0,-0.2060806742315429,159020728.45
20200402,5147.2019,4998.6259,5147.2019,4998.1063,113351078.0,2.9723368576152103,153826671.3
20200403,5107.0393,5143.5185,5161.5728,5085.0948,109478978.0,-0.7092265732105321,150035762.85
20200407,5267.073,5202.5465,5273.0857,5197.5826,145109452.0,1.2402868479887674,146364331.0
20200408,5271.7961,5243.1623,5291.4149,5232.6161,137786254.0,0.5461169874523931,142833499.85
20200409,5322.4614,5301.2663,5336.1174,5289.3845,125098462.0,0.39981202227097906,139700877.35
20200410,5208.5102,5321.7865,5321.7865,5197.9841,123816388.0,-2.1285389784050985,137954038.9
20200413,5169.1757,5176.4431,5198.3708,5140.8505,98180993.0,-0.1403937000679218,133099755.6
20200414,5288.593,5197.1716,5288.593,5189.8242,110188244.0,1.7590606398295598,129266670.2
20200415,5268.7497,5291.9664,5320.5792,5264.0114,122477400.0,-0.43871593742545206,127433646.3
20200416,5316.9707,5245.9247,5328.1204,5238.4335,120742193.0,1.3543084215448287,125256425.75
20200417,5318.4547,5354.9828,5377.147,5309.5809,136969833.0,-0.6821329099320271,124375232.3
20200420,5381.7857,5329.8688,5381.7857,5311.1974,120642182.0,0.9740746338821729,124031676.95
20200421,5343.8806,5358.6005,5358.6005,5287.6633,130744426.0,-0.2746967235194925,123634661.0
20200422,5387.6233,5304.731,5388.2073,5296.2644,123597006.0,1.5626108091060682,122775126.05
20200423,5357.7904,5402.6478,5407.49,5354.9401,144618302.0,-0.8302854759475506,122661987.65
20200424,5273.5474,5350.5426,5354.7629,5258.5692,131383367.0,-1.439016670944726,122948533.5
20200427,5265.7248,5278.9787,5314.4114,5249.3133,117132427.0,-0.25106939719229604,122952901.2
20200428,5227.846,5268.1255,5273.2565,5102.0608,140824910.0,-0.7645888466400536,123795080.9
20200429,5226.8116,5203.7103,5269.735,5201.4734,105926849.0,0.4439390102097011,123511142.75
20200430,5353.8595,5261.0467,5368.8943,5261.0467,133036686.0,1.7641508485374153,124555271.5
20200506,5451.3159,5320.94,5451.456,5318.443,141679050.0,2.4502418745559997,125971670.1
20200507,5445.7519,5454.2515,5473.7738,5425.7964,140146354.0,-0.1558343981754435,127505038.9
20200508,5507.6965,5474.8739,5527.0903,5467.646,136318622.0,0.5995133513486114,127065497.4
20200511,5496.192,5529.1056,5547.9416,5466.6158,129851985.0,-0.5952789181671599,126668783.95
20200512,5512.464,5494.0693,5519.2868,5441.7013,115943677.0,0.334810119704894,126211044.7
20200513,5536.2802,5495.8969,5546.5535,5483.9868,107895822.0,0.734789984870357,125415016.4
20200514,5487.107,5513.0817,5528.0915,5485.0152,119197701.0,-0.47114665469223427,126465851.8
20200515,5507.9336,5510.1454,5543.9334,5486.2557,112651511.0,-0.040140501555549504,126589015.15
20200518,5478.8218,5522.7233,5528.7754,5454.9615,133654664.0,-0.7949248516578757,127147878.35
20200519,5547.8759,5515.0289,5548.2181,5504.2327,112008860.0,0.5955907139489287,126711211.7
20200520,5489.7024,5545.0441,5547.1691,5473.7896,123491264.0,-0.9980389515747935,126037283.25
20200521,5426.1745,5508.2041,5511.2324,5415.5986,114559108.0,-1.4892258622007097,125733129.55
20200522,5328.2268,5421.7282,5421.887,5307.2962,106415711.0,-1.7245681921126035,124516693.8
20200525,5316.6036,5323.9656,5344.2849,5293.2294,84385681.0,-0.1382803825779806,122556127.55
20200526,5420.2126,5341.1113,5421.9045,5341.0821,90969008.0,1.480989546126857,119873662.85
20200527,5369.4992,5426.5558,5426.5558,5358.47,103960371.0,-1.0514330286624878,118502513.05
20200528,5361.167,5367.2664,5390.1397,5290.2897,102524251.0,-0.11364071662252613,117772104.25
20200529,5406.3403,5349.5678,5416.6599,5336.0669,105003250.0,1.0612539577496343,115981021.25
20200601,5569.48,5446.2912,5576.6538,5446.2912,141697582.0,2.2618841974516513,117769557.9
20200602,5566.4438,5595.3589,5596.4399,5544.1862,139029103.0,-0.5167693532581112,118069178.75
20200603,5572.3125,5583.701,5618.2892,5567.0729,138345519.0,-0.203959703429679,117902502.2
20200604,5576.7535,5589.3445,5597.2621,5549.3577,120778465.0,-0.2252679182684186,116934107.75
20200605,5585.4231,5585.1592,5592.3453,5542.8701,112253897.0,0.004725021983257369,115730871.5
20200608,5575.3036,5618.3753,5627.1893,5567.2087,119446190.0,-0.7666219805572532,115210581.75
20200609,5610.3774,5582.144,5616.0363,5560.139,114870929.0,0.5057805746322572,115156944.35
20200610,5615.2417,5611.6579,5616.6108,5581.9153,108368097.0,0.0638634796322746,115180558.1
20200611,5589.1019,5618.6411,5673.3108,5567.538,127515454.0,-0.5257356623116605,115596445.75
20200612,5591.4871,5483.7845,5620.2062,5479.2713,129545465.0,1.964019556202483,116441143.45
20200615,5590.6435,5605.8832,5661.9706,5590.6435,145359776.0,-0.2718519001608896,117026399.05
20200616,5695.3007,5633.2588,5695.3007,5624.8549,133951703.0,1.1013500746672633,118123541.2
20200617,5735.4183,5708.6871,5735.4183,5685.6241,146837518.0,0.46825477612882604,119290853.9
20200618,5734.403,5738.0314,5744.4525,5705.295,158154366.0,-0.06323423047144011,121470616.8
20200619,5787.1482,5733.4291,5796.3597,5727.6226,141768098.0,0.9369453962550848,123238236.15
20200622,5784.0269,5793.7883,5815.3942,5770.8094,145392349.0,-0.16848043964603127,126288569.55
20200623,5804.343,5783.1198,5809.2832,5755.3982,125748127.0,0.3669853078263993,128027525.5
20200624,5789.0893,5808.5388,5824.3132,5773.2908,110241436.0,-0.33484324835706747,128341578.75
20200629,5762.4378,5774.4585,5789.1592,5740.2558,117761151.0,-0.20817016868334987,129103423.75
20200630,5864.4164,5790.0647,5875.3274,5788.2081,115350324.0,1.2841255469908681,129620777.45
20200701,5881.8875,5884.54,5885.8738,5814.7554,142832982.0,-0.04507574083955833,129677547.45
20200702,5975.2794,5880.8832,5979.9902,5858.5743,201181380.0,1.6051364529735965,132785161.3
20200703,6051.5099,5989.9958,6052.523,5968.0663,226826818.0,1.0269472976926015,137209226.25
20200706,6299.8551,6095.9561,6318.3081,6095.9561,302376489.0,3.344823956327366,146289127.45
20200707,6380.0276,6368.3135,6480.0286,6300.2446,325865425.0,0.18394351974035425,156969703.85
20200708,6535.4151,6378.9461,6541.4382,6352.3731,288847389.0,2.45289735243256,165439763.8
20200709,6693.7452,6541.2854,6712.1445,6530.0207,317412271.0,2.330731510354227,175566830.9
20200710,6676.4373,6664.3263,6763.8121,6644.3586,288736672.0,0.18172879680275975,184585259.65
20200713,6899.5175,6710.6352,6899.622,6710.6352,297305595.0,2.8146709569311743,193074766.7
20200714,6807.727,6897.0034,6897.0034,6672.7996,293868297.0,-1.2944230243528623,201290908.3
20200715,6638.8384,6815.6162,6838.1524,6598.5228,256472830.0,-2.593717058187648,206846561.0
20200716,6319.9981,6642.3288,6710.995,6305.133,253315870.0,-4.852676067465983,212814769.35
20200717,6344.5912,6327.0265,6447.5092,6272.9416,196803909.0,0.27761382064702755,215313088.9
20200720,6526.8325,6419.08,6526.8325,6340.6495,212413222.0,1.6786284015778041,218026031.7
20200721,6563.3239,6546.5653,6591.0097,6500.8682,193965949.0,0.25599072539611134,220635924.25
20200722,6620.6893,6554.1681,6699.6871,6534.7427,210101198.0,1.0149449782955695,223871366.7
20200723,6620.0859,6562.0485,6629.2067,6431.2609,207992462.0,0.8844402780625618,227983583.45
20200724,6283.9831,6584.8093,6609.2877,6265.3789,219017777.0,-4.568487655367628,233422400.5
20200727,6298.7351,6304.5859,6337.3275,6229.4712,145542481.0,-0.0928022885690266,234811467.0
20200728,6359.6637,6345.682,6385.3908,6307.7891,138838144.0,0.22033407914232506,235985858.0
20200729,6530.2712,6341.0079,6530.2712,6324.0483,159221684.0,2.984751051958168,236805293.1
20200730,6511.436,6548.7007,6564.775,6491.4492,177615561.0,-0.5690395959003078,235627002.15
20200731,6579.6696,6499.3939,6619.2616,6463.415,179912941.0,1.2351259399741896,233281308.3
20200803,6739.8085,6635.3429,6739.8085,6614.4314,207266746.0,1.5743813330280256,228525821.15
20200804,6697.7071,6758.4937,6764.9049,6672.894,209478936.0,-0.8994104707088854,222706496.7
20200805,6772.8422,6696.687,6790.008,6653.2772,184843816.0,1.1372070995702823,217506318.05
20200806,6770.3016,6780.3265,6792.2759,6656.2782,205229842.0,-0.14785276195770725,211897196.6
20200807,6688.8822,6743.2907,6755.528,6578.6672,198128214.0,-0.8068538406626835,207366773.7
20200810,6725.2956,6666.5601,6768.866,6651.7421,175353227.0,0.8810465835296479,201269155.3
20200811,6600.8472,6727.7692,6756.8451,6594.9793,180845771.0,-1.8865391517889702,195618029.0
20200812,6528.3999,6580.0058,6599.6573,6395.006,177889045.0,-0.7842835032151425,191688839.75
20200813,6552.6567,6552.3695,6592.1163,6518.4229,162060515.0,0.004383147195831325,187126072.0
20200814,6623.5633,6542.6032,6629.5058,6506.0266,156875988.0,1.237429468441556,185129675.95
20200817,6744.5468,6646.5418,6752.3176,6614.1849,201407357.0,1.4745261964650567,184579382.7
20200818,6789.3979,6747.6059,6811.5637,6737.5288,189166175.0,0.6193604164108099,184339394.0
20200819,6666.274,6782.5931,6782.5931,6661.9879,194309136.0,-1.7149650330638249,183549790.9
20200820,6593.785,6622.0053,6672.4908,6570.6949,157646258.0,-0.4261594293800996,181032480.7
20200821,6643.9444,6628.9007,6686.0233,6589.1968,142963493.0,0.22694109748845945,177229766.5
20200824,6688.9647,6667.2961,6702.7487,6589.9285,143020354.0,0.3249983152840757,177103660.15
20200825,6652.5478,6698.1196,6734.4378,6631.6853,147098130.0,-0.6803670689905226,177516659.45
20200826,6525.8786,6650.449,6660.7634,6501.2409,153734771.0,-1.8731126274331193,177242313.8
20200827,6578.7912,6538.1362,6585.7193,6486.7508,129836198.0,0.6218132929075376,174853345.65
20200828,6691.2096,6571.8981,6695.3574,6553.9227,141949593.0,1.815480066557937,172955178.25
20200831,6668.4331,6719.2859,6765.8853,6667.6792,156024385.0,-0.7568185184678577,170393060.2
20200901,6710.4599,6667.168,6710.4599,6637.6339,125632490.0,0.6493296704087879,166200737.9
20200902,6717.5579,6725.6913,6742.5527,6647.0341,149562548.0,-0.12093031983196462,164436674.5
20200903,6662.2515,6715.1042,6732.6741,6638.4482,142110335.0,-0.7870719265979441,161280699.15
20200904,6618.5762,6545.888,6631.0289,6538.4896,125358462.0,1.1104406308204555,157642211.55
20200907,6478.8124,6619.8982,6669.3935,6459.1029,155581748.0,-2.1312382114879025,156653637.6
20200908,6525.098,6493.7737,6542.9954,6432.952,161230318.0,0.4823743703911367,155672864.95
20200909,6349.2234,6455.3053,6471.4824,6319.2713,216916351.0,-1.6433289375174889,157624230.25
20200910,6235.5687,6404.6646,6414.9623,6219.6361,181049497.0,-2.6401991448545212,158573679.35
20200911,6311.967,6209.7881,6319.6691,6209.7881,124629194.0,1.6454490612972752,156961339.65
20200914,6351.2422,6350.3551,6381.182,6297.9023,130502277.0,0.013969297559437559,153416085.65
20200915,6387.8805,6351.0366,6388.1304,6328.5366,115184154.0,0.5801241957887606,149716984.6
20200916,6353.836,6379.5178,6387.7666,6321.5668,113379887.0,-0.40256647610575497,145670522.15
20200917,6367.0206,6345.6715,6416.0088,6291.6343,118959681.0,0.336435631753069,143736193.3
20200918,6469.4692,6367.7923,6473.5997,6353.5609,135226264.0,1.5967370669423289,143349331.85
20200921,6445.9649,6492.2249,6515.337,6434.3239,126023721.0,-0.712544631656248,142499500.2
20200922,6358.652,6392.025,6462.9751,6341.4838,121305894.0,-0.5221037151763266,141209888.4
20200923,6392.0329,6382.2813,6411.2048,6356.1636,95048833.0,0.15279176115287346,138275591.5
20200924,6244.6389,6353.694,6354.6827,6243.282,112801467.0,-1.7164046616031632,137423854.95
20200925,6236.8904,6271.7008,6285.4717,6206.1823,87798788.0,-0.555039232738899,134716314.7
20200928,6178.4693,6255.021,6261.9304,6171.02,78962915.0,-1.223844012673978,130863241.2
20200929,6228.7708,6206.9908,6280.4433,6179.8807,81371164.0,0.3508946718593599,128650174.9
20200930,6192.5045,6245.1158,6260.1234,6155.0208,81484093.0,-0.8424391426016404,125246252.15
20201009,6357.9711,6300.0703,6373.9367,6290.4705,100386231.0,0.9190500620286639,123160046.95
20201012,6541.176,6408.0827,6541.3102,6399.6833,144824349.0,2.0769597745672113,124133341.3
20201013,6551.3987,6538.8354,6557.8635,6486.3088,111558450.0,0.19213360226195325,121932176.4
20201014,6508.3743,6547.8376,6547.8376,6492.6581,118629604.0,-0.6026921009769612,119802140.7
20201015,6460.0408,6511.0707,6518.5503,6456.7714,107004252.0,-0.7837405298025784,114306535.75
20201016,6428.6822,6456.7375,6473.6343,6388.6459,98732022.0,-0.4345120116777241,110190662.0
20201019,6358.3213,6466.566,6483.5079,6346.2632,103668363.0,-1.673913171225658,109142620.45
20201020,6423.1128,6349.6437,6423.1573,6324.3889,86189224.0,1.157058623620098,106926967.8
20201021,6350.0127,6426.194,6426.5095,6323.4406,87512255.0,-1.1854808616110903,105543372.85
20201022,6317.1438,6331.8037,6334.5424,6256.2324,85724729.0,-0.23152802415527443,104160614.95
20201023,6213.2626,6312.0076,6362.4283,6202.5347,80565090.0,-1.564399257060462,102240885.4
20201026,6214.3779,6195.3539,6239.7156,6127.3829,73392956.0,0.30706881813483394,99149220.0
20201027,6221.3414,6187.4731,6227.8424,6168.971,75586516.0,0.5473688443186943,96627359.75
20201028,6245.9986,6221.7402,6254.716,6164.2406,87130888.0,0.38989734736914455,94918609.45
20201029,6255.1933,6168.9076,6287.6478,6159.1435,92587483.0,1.3987192805416695,94795541.95
20201030,6111.4803,6272.9273,6274.6162,6103.8909,112122360.0,-2.573710682092555,94761586.6
20201102,6143.1157,6119.4514,6162.2763,6095.8038,111756379.0,0.38670623317639824,95959466.15
20201103,6241.7676,6175.1593,6245.5576,6155.7346,105440036.0,1.0786490965504303,97283322.2
20201104,6234.158,6246.6368,6256.0695,6181.0972,92929745.0,-0.19976829771821955,97861251.25
20201105,6351.9789,6294.6136,6358.4445,6273.3148,118843215.0,0.9113394982656345,99729207.35
20201106,6301.2477,6366.1854,6366.1854,6254.0869,118244211.0,-1.0200409808988662,100622106.35
20201109,6421.6506,6337.4415,6452.9139,6337.4415,160027882.0,1.3287554607012946,101382283.0
20201110,6373.0853,6434.4298,6435.413,6339.2861,141928932.0,-0.9533789614116259,102900807.1
20201111,6294.6055,6356.3666,6375.2402,6292.8368,130728081.0,-0.9716415664257096,103505730.95
20201112,6315.4938,6305.0655,6340.9983,6285.2907,104680687.0,0.16539558550185546,103389552.7
20201113,6306.97,6304.4593,6319.4126,6248.355,107116322.0,0.03982419237760509,103808767.7
20201116,6387.371,6319.7042,6387.4154,6294.2899,133677330.0,1.0707273292949369,105309216.05
20201117,6336.9406,6380.7685,6380.7685,6300.5666,141274318.0,-0.686874943041739,108063470.75
20201118,6341.0136,6333.4506,6382.4966,6314.3093,133982462.0,0.11941357843700717,110386981.1
20201119,6360.5998,6328.0837,6370.1805,6293.5553,123804845.0,0.5138380201892687,112290986.9
20201120,6422.9854,6354.7873,6429.8695,6351.3079,130667645.0,1.073176752902487,114796114.65
20201123,6472.9301,6435.9187,6516.2407,6407.0565,181925668.0,0.5750756298397525,120222750.25
20201124,6475.1881,6472.7468,6495.1373,6454.6653,154062965.0,0.037716599697680285,124146572.7
20201125,6350.3667,6489.2553,6489.722,6350.3667,153813106.0,-2.1402856503426553,127480683.6
20201126,6334.3042,6349.8616,6358.174,6284.9727,123236936.0,-0.24500376512144134,129013156.25
20201127,6351.6119,6337.3839,6351.8103,6276.0729,120885116.0,0.22450904386587764,129451294.05
20201130,6320.9441,6360.462,6397.7204,6309.4445,163157682.0,-0.6213054963617538,132021359.2
20201201,6426.6155,6307.8544,6437.9433,6299.414,150957340.0,1.8827495447580354,134297224.4
20201202,6434.9791,6437.9561,6446.8066,6392.9892,149705105.0,-0.04624138396968521,137135992.4
20201203,6440.8808,6437.3843,6461.0881,6392.8987,152214933.0,0.05431553930996782,138804578.3
20201204,6464.7345,6426.0263,6471.8561,6409.6779,128855169.0,0.6023660376242022,139335126.2
20201207,6424.6823,6465.9879,6472.8495,6417.6481,121078282.0,-0.6388134441142348,137387646.2
20201208,6423.6513,6424.1589,6448.3926,6406.7236,105494992.0,-0.007901423484402157,135565949.2
20201209,6307.2207,6430.4767,6437.4327,6307.2207,121516213.0,-1.916747478456773,135105355.8
20201210,6320.0956,6295.353,6350.9178,6267.1713,110577142.0,0.3930295886505424,135400178.55
20201211,6209.427,6328.8282,6340.3946,6163.4119,132641606.0,-1.8866241305144014,136676442.75
20201214,6259.0175,6207.826,6260.6133,6176.5402,106877149.0,0.8246284609136904,135336433.7
20201215,6265.5819,6250.0967,6276.5843,6228.6787,97980994.0,0.24775936666708015,133171767.5
20201216,6235.4352,6268.2111,6271.0304,6219.0857,99283950.0,-0.5228908132976017,131436841.9
20201217,6308.9013,6225.079,6312.0056,6184.5429,127702744.0,1.3465258834466314,131631736.85
20201218,6291.918,6310.1601,6332.5326,6269.2134,128622288.0,-0.2890909217976956,131529469.0
20201221,6398.5987,6302.2576,6401.5463,6293.922,136347822.0,1.5286760096889669,129250576.7
20201222,6250.0606,6372.8787,6378.4986,6241.5603,151310618.0,-1.9271997127452059,129112959.35
20201223,6307.604,6255.3524,6330.6028,6242.6249,144044323.0,0.8353102536637345,128624520.2
20201224,6205.2247,6308.4801,6308.4801,6202.4031,131221653.0,-1.6367714308871326,129023756.05
20201225,6278.4981,6190.9922,6284.5851,6186.0254,134478267.0,1.4134390284000053,129703413.6
20201228,6244.4818,6283.7821,6288.2442,6219.091,148960214.0,-0.625424296619082,128993540.2
20201229,6199.8523,6240.7355,6280.0396,6196.4147,154476032.0,-0.6551022711986466,129169474.8
20201230,6269.2484,6196.4505,6289.2704,6188.5931,138041673.0,1.1748322688933042,128586303.2
20201231,6367.1149,6282.9576,6370.5695,6281.0138,160194086.0,1.3394535719929075,128985260.85
20210104,6482.7868,6395.6118,6501.5892,6359.0797,186621209.0,1.3630439546065036,131873562.85
20210105,6539.7315,6470.2503,6539.7315,6452.5245,196726292.0,1.0738564472536738,135655963.35
20210106,6528.1425,6549.731,6569.199,6472.7446,178521086.0,-0.3296089564594308,139307268.05
20210107,6538.1162,6523.6756,6567.2727,6467.4371,197135641.0,0.22135680688967452,143088239.45
20210108,6557.5964,6541.5576,6598.3812,6484.3979,180837429.0,0.24518319612442555,146601253.8
20210111,6455.3987,6557.4528,6572.8538,6419.731,183257271.0,-1.556307046541003,149132037.05
20210112,6543.2286,6425.8148,6543.2286,6425.8148,162311237.0,1.8272204172457673,151903741.45
20210113,6496.9131,6550.0346,6553.6488,6457.881,184913420.0,-0.8110109830564896,156250362.75
20210114,6439.8854,6471.7894,6516.2686,6402.6002,163023816.0,-0.49297030586315965,159437356.05
20210115,6417.5011,6427.1304,6447.8762,6339.4283,138243199.0,-0.14982269536649828,159964378.8
20210118,6514.4644,6414.8298,6529.4125,6392.0653,136832807.0,1.553191637290196,160374904.75
20210119,6476.3736,6510.4785,6532.6474,6456.1154,147616716.0,-0.5238462887174924,160938349.45
20210120,6535.4185,6477.6683,6535.4751,6449.2835,128525432.0,0.8915275887158269,159799090.15
20210121,6622.4959,6552.0345,6649.8633,6550.8802,156809587.0,1.075412530260641,160437353.35
20210122,6637.8052,6619.8603,6643.6653,6573.8204,158062310.0,0.27107671743464895,161779386.2
20210125,6645.3137,6636.2196,6711.5711,6599.9742,165623103.0,0.1370373578354662,163336628.0
20210126,6532.961,6621.1481,6624.4493,6515.2584,143371311.0,-1.331900429775919,163057182.85
20210127,6557.1608,6527.6804,6564.2855,6481.1571,139760049.0,0.45162137533570823,162321383.7
20210128,6414.3811,6475.8609,6529.8416,6405.8135,144825406.0,-0.9493687549712514,162660570.35
20210129,6346.1371,6448.6697,6462.3739,6255.7033,146041581.0,-1.589980643604687,161952945.1
20210201,6393.278,6338.6445,6397.0135,6328.3355,137325183.0,0.861911407083958,159488143.8
20210202,6454.7853,6404.853,6459.4797,6361.0882,132394313.0,0.7796010306559649,156271544.85
20210203,6399.3315,6459.6641,6484.4931,6399.3315,145457155.0,-0.9339897410455094,154618348.3
20210204,6328.7881,6375.6723,6414.2983,6249.5311,148861330.0,-0.7353608810791674,152204632.75
20210205,6239.8709,6343.8303,6382.9572,6236.2674,135132879.0,-1.6387481235114334,149919405.25
20210208,6323.1622,6247.919,6354.0199,6215.7284,116134004.0,1.2042921811246254,146563241.9
20210209,6457.8814,6334.4163,6468.4281,6330.792,119319110.0,1.9491156588492666,144413635.55
20210210,6525.1658,6474.7495,6542.745,6424.7212,119042659.0,0.7786602400602505,141120097.5
20210218,6614.5443,6657.3065,6678.6126,6564.3061,166892392.0,-0.6423348541936611,141313526.3
20210219,6703.4821,6600.2459,6706.3901,6542.7821,178767817.0,1.5641265729205676,143339757.2
20210222,6657.056,6731.5054,6810.9223,6657.056,237065585.0,-1.1059844058061727,148351396.1
20210223,6631.2286,6613.6014,6701.4296,6609.0782,192656866.0,0.2665295190000536,150603403.6
20210224,6536.1861,6633.2823,6661.4326,6477.7512,173718832.0,-1.4637730705355319,152863073.6
20210225,6499.1528,6600.2054,6609.5637,6484.5547,162068182.0,-1.531052351794991,153126003.35
20210226,6364.3529,6365.7385,6446.9461,6346.1326,150760206.0,-0.021766524025461025,152760898.15
20210301,6488.4388,6407.1642,6491.9367,6404.8885,158608437.0,1.2684956630267057,152410164.85
20210302,6433.3282,6514.0213,6514.0213,6386.4903,165877069.0,-1.2387601495868674,153535452.75
20210303,6524.7513,6426.0369,6528.2217,6420.2068,171017524.0,1.5361629809502004,155098326.5
20210304,6401.9917,6482.7869,6485.1639,6371.7302,194334616.0,-1.2463034995026672,157573787.0
20210305,6403.4964,6325.7517,6442.0155,6319.5318,166504885.0,1.2290191535655786,158596952.2
20210308,6256.4092,6453.7799,6488.819,6253.6974,168546339.0,-3.0582186417606274,160158010.0
20210309,6108.0027,6235.3139,6250.9352,6033.4082,196432686.0,-2.0417769184002124,163359928.65
20210310,6062.2552,6164.7682,6179.8543,6053.0186,142554279.0,-1.6628849078218515,163214784.85
20210311,6213.8319,6074.3345,6213.9343,6045.5492,160814643.0,2.2965050739303243,163812450.5
20210312,6222.3802,6231.4849,6232.5006,6137.9903,175746178.0,-0.14610803277403073,165843115.45
20210315,6173.8721,6192.299,6229.5721,6111.3575,170799691.0,-0.29757768479849545,168576399.8
20210316,6195.2438,6176.0685,6222.1819,6124.777,152845992.0,0.3104774501772427,170252743.9
20210317,6225.3588,6180.8928,6230.559,6124.0498,134840396.0,0.7194106327163666,171042630.75
20210318,6273.8556,6231.1932,6300.9446,6227.1926,140725665.0,0.6846585979712547,169734294.4
20210319,6206.6023,6195.2534,6258.1321,6167.507,143238275.0,0.18318701862945522,167957817.3
20210322,6305.6919,6208.9317,6307.5479,6206.081,143041445.0,1.558403356248865,163256610.3
20210323,6219.1666,6307.9803,6307.9803,6181.1338,150964052.0,-1.4079577895955162,161171969.6
20210324,6142.5439,6180.3124,6232.1309,6131.8232,147673111.0,-0.6111098849954597,159869683.55
20210325,6157.4072,6118.8697,6190.9381,6108.2613,129307093.0,0.629814032483801,158231629.1
20210326,6251.7941,6164.8237,6264.5552,6164.8237,128887610.0,1.4107524275187329,157137999.3
20210329,6254.9426,6269.9988,6277.7649,6215.798,139633894.0,-0.24013082745725547,156189272.15
20210330,6280.359,6239.4695,6287.8738,6217.3269,134409584.0,0.6553361627939719,154615897.9
20210331,6254.0695,6277.696,6277.696,6205.9386,125128492.0,-0.37635623005638225,152321446.3
20210401,6311.6644,6259.4135,6321.5796,6238.3074,130374818.0,0.834757122212808,149123456.4
20210402,6326.6059,6316.5561,6341.6545,6291.7144,123938871.0,0.15910252107156586,146995155.7
20210406,6343.0962,6345.8913,6367.7849,6323.2422,111489158.0,-0.04404582221571105,144142296.65
20210407,6348.0761,6350.3783,6350.3783,6289.0653,150016775.0,-0.03625295834738041,141821501.1
20210408,6356.7526,6332.9263,6385.1951,6309.1232,173741278.0,0.3762289164805174,143380851.05
20210409,6335.2393,6345.2896,6360.4497,6307.6558,141306900.0,-0.15838993384951064,142405463.9
20210412,6226.4182,6325.2643,6344.1623,6203.569,155441439.0,-1.5627188890747181,141390226.95
20210413,6209.7801,6210.2229,6254.897,6193.8091,130387709.0,-0.007130178853963623,139369627.85
20210414,6277.2111,6206.6373,6287.8377,6206.6373,117438217.0,1.137069826844886,137599239.1
20210415,6276.4609,6263.6281,6281.4258,6211.6602,119776176.0,0.20487806420052515,136846028.1
20210416,6339.5906,6283.8616,6344.9465,6276.4319,126764653.0,0.8868591249686382,136147977.5
20210419,6425.2606,6331.7097,6431.7772,6315.0828,142200930.0,1.477498249801302,136096110.25
20210420,6428.5411,6419.7312,6467.3806,6410.2782,134674523.0,0.13723160246958935,135677764.15
20210421,6420.2587,6396.2721,6434.6303,6369.7696,121051733.0,0.3750090619190541,134182148.2
20210422,6445.4657,6444.2841,6472.8037,6424.7538,124923877.0,0.018335628623199422,133044686.5
20210423,6462.7558,6445.5162,6463.9749,6412.9875,126117306.0,0.2674665529504042,132885197.15
20210426,6442.6451,6480.3,6546.6427,6437.1905,144964139.0,-0.5810672345416177,133689023.6
20210427,6446.2822,6434.6133,6466.252,6399.4358,125894712.0,0.1813457849906795,133002064.5
20210428,6489.7441,6433.0989,6489.7441,6410.3174,117234943.0,0.8805274235718641,132143332.45
20210429,6491.9281,6495.6457,6502.425,6453.5198,128305439.0,-0.057232185554700866,132302179.8
20210430,6485.7075,6470.3528,6503.1544,6434.7302,144254239.0,0.23730854367015006,132996150.85
20210506,6489.3485,6503.6009,6548.0656,6440.3308,154141981.0,-0.21914628863527447,134506306.35
20210507,6444.4429,6505.5752,6524.1804,6439.8945,177518749.0,-0.9396909284823917,137807785.9
20210510,6475.9938,6461.4184,6493.4965,6437.1068,189080134.0,0.22557585808095368,139760953.85
20210511,6456.0376,6436.2918,6472.8694,6349.7869,187263611.0,0.3067884523196989,140437070.5
20210512,6512.0501,6434.9139,6521.4879,6419.7374,156490930.0,1.1987137854323247,141196272.0
20210513,6439.0273,6448.9598,6496.9964,6426.5758,159658646.0,-0.15401708660053814,141407132.35
20210514,6525.8036,6454.6791,6525.8036,6421.2082,166243407.0,1.1019060575761217,143199917.25
20210517,6578.1402,6521.8855,6613.8947,6521.8855,159363758.0,0.8625527081087133,145296194.3
20210518,6599.5985,6578.971,6604.6852,6558.7784,132505491.0,0.31353687377555717,145932660.05
20210519,6584.3869,6582.1042,6590.9811,6544.8406,135181255.0,0.03468039901283634,146353490.15
20210520,6548.7111,6541.0926,6580.4366,6506.4075,162329923.0,0.11647136748989756,147359939.8
20210521,6527.864,6557.4884,6570.4572,6512.8063,134350695.0,-0.45176442858824734,147343748.4
20210524,6544.1218,6515.8325,6564.0707,6494.6163,137226612.0,0.43416248038910543,148152492.35
20210525,6619.6707,6549.3436,6628.6931,6524.3027,144692036.0,1.073803793100724,149140900.3
20210526,6628.2065,6631.3657,6642.3799,6612.4227,156237003.0,-0.047640262095635225,150646885.15
20210527,6685.4054,6629.2373,6685.4829,6620.7204,145166676.0,0.8472784644471826,150657012.0
20210528,6668.1696,6699.284,6718.0899,6643.6437,157318385.0,-0.4644436629347178,152228195.65
20210531,6728.9906,6681.5496,6729.0737,6667.2578,146929493.0,0.7100299008481475,153712923.15
20210601,6739.7624,6718.6433,6742.9797,6656.6634,161091957.0,0.31433578264230655,155352249.05
20210602,6681.4285,6740.5032,6748.151,6662.7512,157365320.0,-0.8764137965248666,156007803.1
20210603,6667.7264,6680.1048,6744.5182,6654.4553,154885691.0,-0.1853024820808277,156044988.6
20210604,6693.0574,6642.0602,6725.6862,6628.0059,137866404.0,0.7677918968575412,154062371.35
20210607,6721.5019,6705.7364,6729.8451,6689.7015,140560896.0,0.23510467843621813,151636409.45
20210608,6684.5626,6726.0868,6752.6266,6652.3908,138684947.0,-0.6173604539269376,149207476.25
20210609,6692.9049,6677.1376,6712.252,6656.0547,136511034.0,0.23613861125163024,148208481.45
20210610,6765.6436,6688.8192,6773.4555,6683.4936,154280964.0,1.1485495078114896,147939597.35
20210611,6725.9152,6773.6422,6775.8628,6717.2725,169569607.0,-0.7045987755302437,148105907.35
20210615,6663.6623,6734.0952,6736.5371,6649.2043,152209250.0,-1.045914824607763,147748181.95
20210616,6566.286,6659.4935,6662.7783,6554.8926,136807877.0,-1.3996184544665378,147963301.25
20210617,6616.174,6554.3012,6618.5036,6554.3012,124492562.0,0.94400300065551,147428866.6
20210618,6657.7635,6610.2661,6671.8815,6587.0346,138022581.0,0.7185399087035271,146213499.5
20210621,6707.1762,6652.6527,6722.9843,6638.517,143031172.0,0.8195753251932157,146647523.35
20210622,6739.7939,6723.2981,6748.9655,6691.8215,146543497.0,0.24535279790732006,147113367.6
20210623,6789.9464,6741.577,6803.9743,6720.5819,155309609.0,0.7174790112165089,147644246.25
20210624,6754.8657,6791.8613,6791.8613,6743.3265,145046522.0,-0.5447048808255153,147084722.2
20210625,6813.4138,6748.8658,6824.8583,6739.0158,151485659.0,0.9564273748042329,147400671.35
20210628,6828.5162,6814.317,6843.5186,6802.8584,145504050.0,0.20837304751158509,146809954.6
20210629,6765.4201,6833.0565,6835.0483,6756.9158,136625722.0,-0.9898410762445681,146294766.05
20210630,6808.1831,6767.7419,6812.3797,6757.3403,125406161.0,0.5975582490815763,144510476.25
20210701,6716.6658,6827.6968,6827.6968,6716.6658,138350811.0,-1.6261852752453794,143559750.8
20210702,6658.0451,6701.0642,6718.5052,6651.4849,136472287.0,-0.6419741509117243,142639080.6
20210705,6711.0136,6670.1262,6716.147,6663.5441,134734721.0,0.6129928995946212,142482496.45
20210706,6709.4983,6727.9674,6747.8474,6633.6146,145017954.0,-0.27451232893905303,142705349.35
20210707,6764.1319,6661.8535,6765.4341,6642.5714,147646952.0,1.5352844369813918,143153449.6
20210708,6748.654,6774.8448,6797.0765,6740.8503,159564543.0,-0.38658892968292646,144306125.05
20210709,6804.5389,6721.6089,6814.6529,6683.7857,166107004.0,1.2337819893091277,144897427.05
20210712,6904.3818,6852.4754,6926.7584,6840.0176,193561044.0,0.7574839305515763,146096998.9
20210713,6961.8475,6901.8116,6961.9744,6889.0257,179620843.0,0.8698571256277099,147467578.55
20210714,6898.7502,6953.8224,6973.6146,6898.7502,171735448.0,-0.7919701831901776,149213957.1
20210715,6932.406,6874.8047,6936.5787,6828.4823,173221108.0,0.8378608922519685,151650384.4
20210716,6925.1232,6931.0514,6992.8342,6922.3462,184907858.0,-0.08553103501728884,153994648.25
20210719,6889.3375,6912.098,6931.1438,6856.6499,169734818.0,-0.3292849725220956,155329830.55
20210720,6901.1318,6831.0513,6901.1329,6825.8225,140140630.0,1.025910901884166,155009687.2
20210721,6984.5418,6923.6119,6998.2849,6922.9205,163009271.0,0.8800305516835814,155394670.3
20210722,7026.5482,6996.2552,7026.7337,6960.2973,190233316.0,0.4329887794830666,157654010.0
20210723,6985.7499,7036.2979,7061.6675,6968.3065,225079074.0,-0.7183891404029351,161333680.75
20210726,6868.2074,6974.1092,6986.497,6778.4971,208197239.0,-1.5184993088436247,164468340.2
20210727,6719.2557,6877.4423,6925.9705,6719.2557,228614339.0,-2.3000789116035185,169067771.05
20210728,6621.9845,6650.1519,6709.2256,6534.9179,197267166.0,-0.42356024980422285,172660821.3
20210729,6758.8869,6720.6164,6773.5669,6682.1185,171017885.0,0.5694492546844444,174294175.0
20210730,6767.316,6739.7545,6775.0062,6702.5114,189711734.0,0.4089392276825483,176956147.35
20210802,6872.0004,6756.8132,6875.4159,6731.7761,206205173.0,1.704756319147617,180529669.95
20210803,6816.0107,6844.3695,6879.5933,6792.7117,194189432.0,-0.4143376537458998,182988243.85
20210804,6931.3365,6814.0846,6931.7808,6813.228,174064347.0,1.720728562718464,184309113.6
20210805,6911.8292,6920.9393,6946.3354,6880.6905,179371885.0,-0.13163097673750548,185299480.7
20210806,6938.8679,6929.0226,6947.5356,6885.6471,172356912.0,0.14208786099211096,185611976.1
20210809,6979.5256,6914.3218,6989.7057,6877.1951,173833371.0,0.9430252436327194,184625592.45
20210810,7019.2284,6970.8257,7019.6854,6958.8054,173087962.0,0.6943610711712335,184298948.4
20210811,7073.5219,7024.7685,7076.3726,6999.9332,188357906.0,0.6940214471124507,185130071.3
20210812,7095.2024,7059.4673,7115.8874,7051.0132,194079125.0,0.5062010840392996,186172972.15
20210813,7088.8876,7070.4711,7124.9216,7050.3051,192190604.0,0.2604706212574756,186537109.45
20210816,7052.4876,7087.5802,7102.3958,7039.1029,188178886.0,-0.49512808334782504,187459312.85
20210817,6894.4042,7045.7547,7063.0175,6876.4991,201936372.0,-2.1481091301688444,190549099.95
20210818,6941.008,6883.2663,6950.8846,6865.0658,175367331.0,0.838870639074353,191167002.95
20210819,6947.0564,6917.5093,6978.9832,6869.2927,171813589.0,0.42713495159306375,190246016.6
20210820,6920.0248,6915.0178,6952.5192,6843.0023,175627139.0,0.07240762272514348,187773419.85
20210823,7024.5647,6949.3323,7031.884,6949.3323,189456608.0,1.0825845815431774,186836388.3
20210824,7090.7817,7031.6481,7098.0287,7009.6901,202726895.0,0.8409635857630475,185542016.1
20210825,7153.0043,7092.1469,7153.274,7058.5714,198126890.0,0.8580955930283941,185585002.3
20210826,7118.8442,7151.5304,7175.5115,7115.8445,230176196.0,-0.45705182208272654,188542917.85
20210827,7180.1088,7096.6546,7185.7274,7083.2112,223830463.0,1.175965362609026,190248854.3
20210830,7226.8823,7202.6263,7262.6044,7190.6143,250649148.0,0.33676604879528893,192471053.05
20210831,7255.3418,7202.5239,7255.3418,7159.3023,245108342.0,0.7333248835175682,195016998.55
20210901,7193.1,7271.0338,7278.1558,7100.307,295520140.0,-1.0718393304676948,201089788.2
20210902,7307.0084,7172.3989,7309.3317,7172.3989,253411698.0,1.8767709643143184,204791778.85
20210903,7278.6809,7335.6955,7385.2425,7227.0348,288801240.0,-0.7772214645496057,210613995.25
20210906,7355.4013,7297.3609,7359.5367,7231.7285,255875153.0,0.7953615121324311,214716084.35
20210907,7498.9255,7360.3829,7501.1262,7350.6962,260727541.0,1.8822743583081891,219098063.3
20210908,7544.0411,7496.3344,7549.4542,7483.8711,272847808.0,0.6364003718937704,223322558.4
20210909,7617.4505,7534.9816,7617.6574,7526.9689,287204068.0,1.0944804430577488,227978805.55
20210910,7607.6749,7613.604,7661.4261,7564.2611,293468642.0,-0.07787507729585476,233042707.45
20210913,7648.7481,7613.5404,7650.8787,7566.7758,263618610.0,0.46243532115492464,236814693.65
20210914,7556.6157,7630.7153,7688.6036,7544.0161,271501512.0,-0.9710701695291862,240292950.65
20210915,7592.3059,7535.2511,7627.6702,7521.8772,233398416.0,0.7571718479295253,243194504.9
20210916,7446.9353,7616.8813,7657.2251,7445.2326,267649779.0,-2.231175638774887,247986314.4
20210917,7395.5645,7421.805,7471.419,7275.9829,233604226.0,-0.3535595451510769,250885168.75
20210922,7453.6247,7305.0785,7453.9319,7298.0267,196794534.0,2.033464801233836,251252065.05
20210923,7502.8391,7512.3311,7543.6595,7467.2021,241158694.0,-0.12635225835560135,253173655.0
20210924,7380.3843,7490.5645,7490.5645,7373.2854,231715582.0,-1.4709198485641595,254853089.6
20210927,7170.5899,7400.0047,7410.4669,7128.5116,239542407.0,-3.1001980309553105,255321400.15
20210928,7198.8966,7158.6203,7227.4568,7155.2737,202800567.0,0.5626265720504893,254269905.35
20210929,7010.2192,7142.7611,7161.2117,6996.5724,210570702.0,-1.8556115505529114,252265983.05
20210930,7103.6076,7034.6937,7116.037,7034.6937,202482612.0,0.9796290064484325,250134696.55
20211008,7091.3356,7191.2254,7198.9614,7058.831,205467705.0,-1.3890511622678372,245632074.8
20211011,7090.4673,7102.882,7123.7457,7048.8733,195420839.0,-0.1747839820512203,242732531.85
20211012,6952.1903,7069.3516,7079.7053,6891.8448,201666723.0,-1.6573132393075447,238375806.0
20211013,6981.5947,6957.7292,6991.2444,6887.3389,162604655.0,0.34300702591299304,233712281.1
20211014,7008.3326,6970.6469,7033.3956,6949.4809,154764668.0,0.5406341841816719,228414137.45
20211015,7024.1596,6996.1199,7034.0279,6975.2395,174108339.0,0.4007893003663397,223477164.0
20211018,7068.1048,7027.1401,7071.8702,6983.7158,175627014.0,0.5829498119725897,217898311.3
20211019,7120.3794,7060.7748,7127.2362,7051.779,168135764.0,0.8441651474282916,211631667.4
20211020,7118.7959,7081.9851,7154.9089,7067.1346,170511341.0,0.5197808168221111,206976303.95
20211021,7098.2542,7127.6351,7145.5837,7069.4508,167971967.0,-0.4122110572130735,201799826.7
20211022,7026.0676,7089.1349,7110.657,7020.8705,171615151.0,-0.8896332329633013,198710663.45
20211025,7103.9856,7019.0224,7105.9767,7003.7789,159004603.0,1.2104705635360296,193278404.65
20211026,7102.4335,7120.0662,7155.628,7085.0685,175032205.0,-0.24764797832919186,190349803.6
20211027,7048.604,7093.1238,7097.8574,7017.8618,179020887.0,-0.6276472997693912,189461121.25
20211028,6950.2768,7026.2937,7043.4168,6930.5413,188075338.0,-1.0818918656930114,186806953.45
20211029,7022.4992,6955.8473,7022.7535,6920.3074,170779533.0,0.9582139619424918,183760151.0
20211101,7060.756,7005.0693,7087.2923,6993.27,184142991.0,0.7949485952979822,180990180.2
20211102,6985.0998,7061.0022,7093.6115,6921.8496,196114728.0,-1.0749522213716338,180655888.25
20211103,7017.8541,6975.0635,7034.0916,6962.8685,150814648.0,0.6134797195753037,177668085.55
20211104,7073.8522,7031.9467,7073.8522,7018.6086,152652049.0,0.5959302848526973,175176557.4
20211105,6991.9077,7071.0831,7073.8516,6991.1519,177241392.0,-1.1197068239800503,173765241.75
20211108,7026.9715,6986.4961,7034.141,6984.8099,146360857.0,0.5793376167489644,171312242.65
20211109,7081.7539,7037.5733,7087.0231,7028.3131,141696847.0,0.6277817383443762,168313748.85
20211110,7062.3313,7061.6357,7072.1479,6965.8634,162138354.0,0.009850409020675098,168290433.8
20211111,7119.8589,7048.8625,7121.9221,7033.0881,165400693.0,1.0072036445596717,168822235.05
20211112,7156.6127,7118.9925,7165.1056,7112.5819,168513423.0,0.5284483724347143,168542489.25
20211115,7098.2129,7166.0372,7176.7701,7083.7783,161148202.0,-0.9464687121635276,167818548.65
20211116,7045.9387,7083.9214,7121.7443,7040.5069,162370316.0,-0.5361818384941492,167530276.25
20211117,7104.5344,7043.633,7106.0537,7033.9529,140347107.0,0.8646305109877209,166022064.55
20211118,7084.6827,7108.7797,7130.2877,7066.4894,162714860.0,-0.3389751971073144,165759209.2
20211119,7169.8759,7083.0066,7174.2512,7073.717,178185854.0,1.2264466900256776,166087744.35
20211122,7255.0736,7177.4005,7259.5317,7177.4005,180522480.0,1.0821898541122232,167163638.2
20211123,7261.3791,7245.9455,7292.917,7239.0001,189595033.0,0.21299635775621412,167891779.6
20211124,7256.1117,7260.2161,7278.3963,7229.604,177674072.0,-0.05653275251681915,167824438.85
20211125,7233.5423,7262.7934,7262.7934,7228.2913,164068098.0,-0.40275274799913074,166624076.85
20211126,7219.8622,7216.6383,7249.1985,7201.1952,159423137.0,0.04467315481226152,166056257.05
20211129,7221.8978,7129.9393,7226.3391,7125.4296,166941406.0,1.2897515130318111,165196177.8
20211130,7252.7552,7252.3323,7281.1339,7210.8352,186336163.0,0.005831227562470795,164707249.55
20211201,7272.837,7239.1277,7272.9398,7215.6723,171806295.0,0.4656541699077976,165756831.9
20211202,7229.988,7256.4241,7279.9456,7221.3624,176555544.0,-0.3643130505561258,166952006.65
20211203,7301.9173,7233.5723,7310.2748,7223.7957,186222738.0,0.944830536911897,167401073.95
20211206,7240.4558,7308.9885,7330.4685,7235.4479,213069952.0,-0.9376495803762813,170736528.7
20211207,7206.8257,7274.1261,7284.6445,7148.0679,192243854.0,-0.92520254769848,173263879.05
20211208,7302.9905,7224.9995,7302.9905,7214.2588,169280453.0,1.0794602823155903,173620984.0
20211209,7320.3177,7298.7955,7331.5838,7290.268,196087168.0,0.29487331163065783,175155307.75
20211210,7306.646,7285.9735,7317.2658,7276.6134,187230695.0,0.28373010140648564,176091171.35
20211213,7353.0306,7334.11,7371.31,7322.4381,185363061.0,0.25798085929990655,177301914.3
20211214,7324.1331,7330.236,7349.8781,7314.4295,159583753.0,-0.08325652816634913,177162586.15
20211215,7314.2586,7319.6641,7352.379,7302.3831,159923923.0,-0.07384901719738543,178141426.95
20211216,7380.9974,7323.4117,7380.9974,7323.4117,177690340.0,0.7863234017008841,178890200.95
20211217,7314.5601,7380.7202,7384.0175,7308.7215,196265336.0,-0.8963908427256199,179794175.05
20211220,7195.9732,7290.9488,7313.4816,7191.0499,181727853.0,-1.3026507606252804,179854443.7
20211221,7275.4675,7190.9728,7285.7209,7190.9728,176216746.0,1.1750107023072065,179185529.35
20211222,7302.463,7289.9065,7318.605,7271.8182,174117190.0,0.17224500753198532,179007685.25
20211223,7337.19,7306.1587,7349.9951,7290.3792,169131760.0,0.4247279764125524,179260868.35
20211224,7278.7556,7335.9996,7339.9405,7257.5267,169418702.0,-0.7803162911840901,179760646.6
20211227,7272.7493,7269.37,7323.876,7255.7163,148618789.0,0.04648683448497617,178844515.75
20211228,7286.0336,7281.0041,7290.5389,7240.9278,143262040.0,0.0690770109578656,176690809.6
20211229,7247.7741,7275.6736,7290.8597,7242.3024,136209552.0,-0.38346277655996613,174910972.45
20211230,7310.96,7246.0313,7324.4981,7244.2221,141651111.0,0.8960587846204914,173165750.8
20211231,7359.4024,7320.9363,7368.1297,7317.7047,149909003.0,0.5254259622502062,171350064.05
20220104,7354.4562,7387.8055,7392.1023,7317.5011,200810018.0,-0.4514100973557136,170737067.35
20220105,7222.6747,7343.8995,7346.2621,7200.7314,194002404.0,-1.6506870770767064,170824994.85
20220106,7229.9601,7187.9499,7242.766,7167.8078,173335765.0,0.5844531554122355,171027760.45
20220107,7175.676,7232.4087,7262.805,7168.0396,200018011.0,-0.7844233139092315,171224302.6
20220110,7191.4511,7161.4375,7193.9224,7122.0892,165748878.0,0.4191002155642666,170150211.75
20220111,7135.2232,7187.0155,7206.9187,7118.8378,169494565.0,-0.7206370989460098,169356786.95
20220112,7196.9327,7160.1762,7196.9327,7148.6276,156051483.0,0.5133463056398028,169180173.45
20220113,7097.7594,7203.2434,7203.2434,7096.3251,169148968.0,-1.4643958858866324,169641425.7
20220114,7081.1408,7063.4231,7125.092,7052.6348,175591198.0,0.2508373029501822,169536468.6
20220117,7157.8593,7080.6157,7169.3446,7078.6629,161779719.0,1.0909164297675382,167812187.75
20220118,7163.1586,7163.1284,7191.0046,7133.1954,179235391.0,0.0004216034993893155,167687564.65
20220119,7118.762,7144.4768,7182.0623,7078.3609,163178368.0,-0.3599255861534976,167035645.75
20220120,7056.7854,7119.5101,7135.7759,7040.0143,168666282.0,-0.881025507639924,166763100.35
20220121,6976.6155,7037.9389,7040.425,6965.333,144679789.0,-0.8713261207766413,165540501.8
20220124,6979.2456,6942.9178,7006.7008,6925.7709,122679564.0,0.5232353463841963,163203544.9
20220125,6743.9566,6959.995,6979.483,6743.9566,150337244.0,-3.1040022298866514,163289467.65
20220126,6782.5763,6762.3509,6799.8129,6721.8961,120615310.0,0.2990882948709354,162157131.15
20220127,6605.9159,6781.6081,6785.7265,6605.9159,125243756.0,-2.590715909991915,161608841.35
20220128,6580.53,6690.1755,6690.1755,6510.1811,127088819.0,-1.6389031946919856,160880726.75
20220207,6676.6122,6664.5682,6702.3323,6656.1312,145092619.0,0.18071688425365456,160639907.55
20220208,6742.1921,6678.9894,6742.4015,6599.3668,159598575.0,0.9462913655769511,158579335.4
20220209,6843.0271,6736.7511,6848.6947,6725.7983,162822721.0,1.5775556855588717,157020351.25
20220210,6840.485,6841.1608,6864.6863,6797.0071,154916565.0,-0.009878440512609806,156099391.25
20220211,6745.0235,6811.7797,6840.7212,6735.894,159801354.0,-0.9800111415816899,154088558.4
20220214,6695.6958,6711.5875,6765.5158,6667.4898,137082459.0,-0.23678004644950573,152655237.45
20220215,6760.2776,6700.8179,6762.8586,6686.9491,112805760.0,0.8873498860489902,149820797.2
20220216,6772.0336,6779.2077,6788.3641,6751.8001,108414003.0,-0.10582505091266314,147438923.2
20220217,6768.7888,6764.3343,6797.6154,6730.1804,122985089.0,0.06585274769757943,145130729.25
20220218,6835.0217,6734.519,6835.2033,6727.8158,139952638.0,1.4923515695775749,143348801.25
20220221,6867.1129,6843.0844,6871.9925,6822.8758,145146313.0,0.3511355201172201,142517130.95
20220222,6784.7622,6827.0469,6827.0469,6743.8487,148609915.0,-0.6193702873199854,140985857.15
20220223,6887.4236,6785.1032,6889.6961,6785.1032,144116620.0,1.508015382875835,140032769.75
20220224,6764.8756,6861.4115,6898.4143,6688.7529,210849755.0,-1.4069393739174492,142141943.4
20220225,6819.4311,6805.6374,6895.0443,6801.3265,156429139.0,0.20268050131498594,142729410.9
20220228,6853.3081,6831.4875,6853.3427,6770.0507,139601388.0,0.31941213388738565,143575502.1
20220301,6874.0447,6868.6218,6889.3312,6837.2469,137717218.0,0.07895179204655701,142944500.8
20220302,6875.2404,6853.0715,6878.35,6828.0631,137114978.0,0.3234885262761328,143769484.2
20220303,6859.5522,6900.9773,6907.4088,6843.9865,189091781.0,-0.600278746026298,146961885.45
20220304,6803.8337,6823.8348,6871.0857,6779.414,177411882.0,-0.29310645093576265,149478038.6
20220307,6659.3902,6800.7674,6800.8159,6628.4825,166484594.0,-2.078841867169283,150547637.35
20220308,6429.8888,6650.5797,6665.9467,6416.8002,186296079.0,-3.3183708782559287,151882512.55
20220309,6305.6093,6443.2024,6462.4778,6066.7635,197802740.0,-2.1354769175030115,153631513.5
20220310,6414.9402,6424.9121,6475.1435,6390.7252,153152355.0,-0.15520679263455683,153543303.0
20220311,6474.1269,6343.1858,6479.7207,6270.0233,152114503.0,2.0642797504055457,153158960.45
20220314,6323.5779,6419.2391,6490.6124,6323.5779,137954005.0,-1.490226466248929,153202537.75
20220315,5964.9813,6272.4432,6278.0688,5964.9813,194713745.0,-4.9017885088221975,157297937.0
20220316,6156.2714,6068.8999,6173.7875,5824.3301,178826847.0,1.4396595995923296,160818579.2
20220317,6267.5244,6233.6437,6369.8884,6225.9795,170438541.0,0.54351357938537,163191251.8
20220318,6332.2166,6249.476,6338.2235,6231.7261,152620214.0,1.3239606008567772,163824630.6
20220321,6358.943,6340.5589,6389.2103,6284.8526,159653723.0,0.2899444716143275,164550001.1
20220322,6358.1093,6343.4004,6404.827,6313.2741,151107874.0,0.23187721210219725,164674899.05
20220323,6398.1009,6368.3126,6420.1586,6353.3361,143179358.0,0.4677581310942582,164628035.95
20220324,6344.115,6370.971,6384.4046,6315.1424,137749086.0,-0.4215369996190497,160973002.5
20220325,6268.2376,6346.7106,6373.4658,6268.2376,134972256.0,-1.2364357687902132,159900158.35
20220328,6283.2814,6230.1211,6322.1284,6176.2482,144857887.0,0.8532787588992379,160162983.3
20220329,6253.0692,6289.4756,6316.3129,6233.2822,141362124.0,-0.5788463508785987,160345228.6
20220330,6377.8744,6272.0017,6377.8744,6261.8037,164014575.0,1.6880209072647399,161690208.45
20220331,6324.9609,6361.1036,6383.0744,6313.9663,176903948.0,-0.5681828543084935,161080816.8
20220401,6364.5206,6289.39,6373.2603,6274.0006,175128596.0,1.194560998761398,160966652.5
20220406,6356.9271,6363.002,6363.002,6279.0719,196853584.0,-0.0954722315033144,162485102.0
20220407,6221.5908,6321.8086,6364.6276,6221.5908,190762192.0,-1.5852710251303772,162708407.65
20220408,6224.1167,6227.1952,6237.9145,6117.0139,183954892.0,-0.04943638188827823,162016015.25
20220411,6029.8935,6202.0226,6202.0226,6001.5658,178384812.0,-2.7753704090017357,163277638.1
20220412,6126.9065,6019.6735,6135.5702,5964.3887,173180188.0,1.781375684246001,164330922.35
20220413,6044.3263,6094.6845,6129.6592,6039.9234,167043060.0,-0.8262642635562281,165785375.1
20220414,6126.4902,6074.1342,6156.4962,6060.6813,159033106.0,0.8619500043314776,164001343.15
20220415,6070.7489,6094.1219,6122.2895,6048.1602,184627000.0,-0.38353351612478415,164291350.8
20220418,6074.0069,6019.5305,6094.6714,5975.4455,149186380.0,0.9049941685651476,163228742.75
20220419,6092.3963,6067.4795,6106.9313,6052.0964,141997534.0,0.41066146164976686,162697608.75
20220420,5956.9208,6082.8122,6093.7827,5942.0045,151055603.0,-2.069624967215007,162267702.75
20220421,5759.8013,5933.7886,5971.1943,5742.4182,157854505.0,-2.9321452402264514,162605034.3
20220422,5740.9844,5728.193,5794.3351,5667.3384,139997598.0,0.22330602338294236,162445946.3
20220425,5369.7171,5656.3939,5656.3939,5369.7171,186753480.0,-5.068190176783837,164896166.0
20220426,5234.0059,5374.2548,5434.7038,5225.2065,171299433.0,-2.609643666318158,166712524.85
20220427,5437.0374,5179.0311,5440.0693,5158.476,179693384.0,4.981748420085757,168454299.7
20220428,5418.7641,5398.9043,5472.8233,5339.6085,155039773.0,0.36784871330281177,169138182.15
20220429,5627.9021,5458.9146,5630.9326,5443.6651,181289512.0,3.095624540453521,170001929.0
20220505,5686.7023,5612.4964,5728.6163,5606.9405,168643208.0,1.3221549683310252,169588892.0
20220506,5563.7693,5560.9758,5629.647,5542.1811,152993341.0,0.05023398950953476,168482129.25
20220509,5608.5162,5552.4756,5626.5906,5537.9754,131553929.0,1.0092903424915594,165217146.5
20220510,5690.0868,5532.6001,5698.5144,5519.4721,165329613.0,2.8465223792335976,163945517.55
20220511,5737.8173,5697.4294,5856.1924,5696.7023,185163627.0,0.7088793412692349,164005954.3
20220512,5743.1007,5707.5559,5779.3195,5687.175,139216169.0,0.6227674441173615,162047522.15
20220513,5796.8014,5765.3172,5796.8014,5731.8598,136559775.0,0.546096579039916,160216501.5
20220516,5791.0809,5840.243,5855.7226,5767.5448,151387275.0,-0.8417817546290532,159433712.25
20220517,5816.3379,5789.9157,5816.3379,5724.4448,130829391.0,0.45634861315858,158023526.5
20220518,5797.4896,5815.6052,5846.844,5785.4545,127243845.0,-0.3114998246442191,155154368.75
20220519,5838.4074,5708.8006,5838.4074,5700.1061,136623740.0,2.2702982479367115,154526236.75
20220520,5929.4882,5854.014,5929.5421,5849.7614,165727329.0,1.289272625586472,155712726.5
20220523,5965.7277,5941.1422,5968.851,5908.6589,153876017.0,0.41381773356645357,155853747.2
20220524,5745.6751,5962.1488,5967.2326,5745.6751,177540834.0,-3.630800022971576,156838063.65
20220525,5844.2546,5741.2348,5844.282,5736.1388,143590635.0,1.7943840234508444,157017715.5
20220526,5911.5607,5848.0259,5928.7066,5780.9701,162350362.0,1.0864315768505808,155797559.6
20220527,5899.915,5921.3316,5952.615,5854.61,143406862.0,-0.3616855370842678,154402931.05
20220530,5942.8317,5918.2429,5942.9969,5867.1924,133852647.0,0.41547466732059163,152110894.2
20220531,6026.2373,5940.3724,6033.4732,5902.2751,155944918.0,1.4454464167936605,152156151.45
20220601,6023.644,6008.7519,6042.3715,5970.493,155365773.0,0.24784015462512315,150859964.5
20220602,6078.4349,6000.6176,6084.3166,5987.6409,159571675.0,1.2968215138388524,150406387.85
20220606,6187.4441,6079.8854,6194.4258,6070.707,182679963.0,1.7690909108253847,151890718.95
20220607,6186.5672,6186.5768,6199.7233,6136.0388,177311718.0,-0.00015517466782937524,154178608.4
20220608,6217.8276,6184.9604,6227.3285,6110.0604,186428864.0,0.5314051808642086,155233570.95
20220609,6130.6862,6207.7272,6209.1099,6088.4637,172129775.0,-1.2410500255230315,154581878.35
20220610,6240.1032,6083.5009,6250.3633,6078.7845,192541340.0,2.5742134763224835,157248136.9
20220613,6233.6194,6188.7655,6250.6808,6172.9148,188132397.0,0.7247632827580743,159826768.0
20220614,6275.5652,6161.6197,6278.9724,6061.1905,197403165.0,1.8492783642586674,162127562.5
20220615,6261.0613,6275.3708,6398.3587,6261.0394,238140765.0,-0.22802636618698913,167493131.2
20220616,6264.822,6262.2871,6330.3502,6242.3287,194615083.0,0.04047882122811907,170861693.1
20220617,6316.3092,6220.5832,6328.3614,6181.8541,167859129.0,1.538858928854125,172423462.55
20220620,6330.3942,6323.4058,6359.0,6277.2155,175207146.0,0.11051639292229629,172897453.4
20220621,6277.0014,6324.8405,6337.0828,6215.292,164461630.0,-0.7563684807545762,173426734.05
20220622,6179.57,6281.8672,6285.6521,6176.8507,154094318.0,-1.6284521264632905,172254408.25
20220623,6300.4746,6186.9871,6300.4746,6142.9367,168266044.0,1.8342934640998245,173488178.7
20220624,6368.2827,6306.829,6378.498,6304.0817,157712704.0,0.9743993376069024,173256295.8
20220627,6407.7447,6398.3596,6449.3379,6390.2849,168918191.0,0.14667978336197957,174531862.25
20220628,6501.352,6412.44,6506.665,6392.1091,170582711.0,1.3865548839443373,176368365.45
20220629,6374.2974,6479.1702,6501.3927,6370.0158,190728308.0,-1.6186146800094738,178107534.95
20220630,6454.0778,6385.2145,6493.0905,6385.2145,163846775.0,1.0784806054675216,178531585.05
20220701,6438.5375,6450.7504,6481.1493,6423.8571,144204643.0,-0.1893252605154206,177763233.45
20220704,6523.1311,6445.0746,6524.295,6405.3788,157819969.0,1.2111031267194283,176520233.75
20220705,6511.5297,6535.4543,6548.3018,6435.7372,186625469.0,-0.3660740156962046,176985921.3
20220706,6418.5453,6489.0207,6496.972,6359.4656,177104502.0,-1.0860714313948832,176519703.2
20220707,6452.9863,6414.4083,6482.4181,6380.1669,157351123.0,0.6014272586919595,175780770.6
20220708,6404.4393,6478.2911,6490.1491,6404.1612,150986698.0,-1.1399889084947166,173703038.5
20220711,6319.1402,6387.4493,6387.4493,6274.7378,151993666.0,-1.069426883748422,171896101.95
20220712,6241.4793,6317.8781,6346.514,6238.5626,144513092.0,-1.2092477694370194,169251598.3
20220713,6268.4943,6238.6803,6287.6398,6207.7219,142710723.0,0.4778895305790923,164480096.2
20220714,6302.4319,6267.4723,6339.4222,6254.6817,140354050.0,0.5577942482489986,161767044.55
20220715,6196.7999,6279.6767,6323.5345,6196.7999,158386828.0,-1.319762210051355,161293429.5
20220718,6312.3557,6216.0998,6315.6563,6200.5203,159144624.0,1.5484934781774273,160490303.4
20220719,6335.7093,6318.8373,6347.2428,6283.4024,146384780.0,0.2670111477629009,159586460.9
20220720,6410.7088,6353.0031,6416.8716,6351.8184,142932573.0,0.9083216093503942,159028373.65
20220721,6347.5984,6400.0661,6408.458,6347.5984,148210184.0,-0.8197993455098871,158025580.65
20220722,6289.5325,6353.9247,6371.3183,6236.343,130620669.0,-1.0134240338101477,156670978.9
20220725,6231.2355,6297.0995,6319.1797,6213.4739,129458029.0,-1.0459418657748776,154697970.8
20220726,6307.956,6239.2088,6319.2494,6213.8365,117276541.0,1.101857658618506,152032662.3
20220727,6332.2327,6301.6083,6344.207,6286.3516,120435127.0,0.4859775241821948,148518003.25
20220728,6348.1655,6361.2729,6393.7268,6339.5502,138473429.0,-0.20604995581937494,147249335.95
20220729,6294.1144,6356.5204,6365.2595,6285.7193,137925792.0,-0.9817635447217308,146935393.4
20220801,6347.2211,6293.3831,6350.0383,6253.0553,128679012.0,0.8554699299967888,145478345.55
20220802,6169.9961,6288.6064,6288.6064,6095.0566,182902539.0,-1.8861142271521298,145292199.05
20220803,6124.3146,6171.6172,6261.9097,6111.2198,147213409.0,-0.7664538882936548,143797644.4
20220804,6158.7346,6160.4864,6177.6166,6080.101,113646381.0,-0.028436066346969015,141612407.3
20220805,6270.5113,6175.4805,6274.2729,6163.5051,124284448.0,1.5388405809070316,140277294.8
20220808,6323.0746,6266.5673,6324.3401,6249.6163,116132934.0,0.9017265321637926,138484258.2
20220809,6341.4806,6314.1043,6344.84,6290.8724,116966653.0,0.43357376912509826,137106936.25
20220810,6322.0558,6331.4129,6362.2914,6298.8613,118899928.0,-0.14778849757216392,135916396.5
20220811,6439.3586,6349.4961,6439.3586,6341.7215,142038284.0,1.4152697881017562,136000608.2
20220812,6420.853,6425.1102,6463.0667,6416.2908,140399917.0,-0.066258785724796,135101262.65
20220815,6442.8093,6405.7169,6462.5378,6394.2182,133627482.0,0.5790515031970823,133825405.55
20220816,6465.1866,6446.7604,6492.5396,6440.3764,135841495.0,0.2858210768931304,133298241.3
20220817,6493.5047,6473.2526,6501.362,6428.9652,146220319.0,0.31285817581103836,133462628.6
20220818,6468.8056,6481.3704,6483.6928,6448.7455,130451759.0,-0.19386023671784142,132574707.35
20220819,6391.7159,6468.8233,6477.3137,6390.9328,142590851.0,-1.1919849472468953,133173216.45
20220822,6472.6799,6381.3397,6472.7936,6363.218,133735500.0,1.4313640127949878,133387090.0
20220823,6466.4045,6460.1716,6475.8227,6436.081,133676377.0,0.09648195722850415,134207081.8
20220824,6284.5769,6470.6864,6472.6832,6277.9892,158103872.0,-2.8761940927936114,136090519.05
20220825,6322.6961,6303.1445,6327.0917,6225.6756,141946367.0,0.3101880339249684,136264165.95
20220826,6298.3739,6331.079,6381.4834,6286.5227,130405837.0,-0.5165801911490937,135888168.2
20220829,6310.402,6213.4016,6310.9932,6205.1266,125268849.0,1.561148083523201,135717660.05
20220830,6285.9273,6309.5791,6319.1701,6248.1377,132109200.0,-0.374855432115902,133177993.1
20220831,6155.7455,6265.5934,6280.1856,6132.2326,147275408.0,-1.753192283431602,133181093.05
20220901,6126.7685,6153.287,6207.244,6118.5774,118575054.0,-0.43096478353764633,133427526.7
20220902,6149.4273,6135.2957,6176.1706,6117.7266,106564384.0,0.23033282650093975,132541523.5
20220905,6182.6465,6147.7062,6184.8042,6122.619,117479244.0,0.5683469388956846,132608839.0
20220906,6291.5707,6198.4868,6292.5319,6187.9517,129846040.0,1.5017197423087283,133252808.35
20220907,6301.5644,6269.9911,6314.1182,6256.6131,120160292.0,0.5035621182939162,133315826.55
20220908,6272.5752,6299.9068,6309.8969,6266.5175,116164269.0,-0.43384133873217817,132022125.8
20220909,6316.9724,6275.8978,6321.8229,6254.2611,121389228.0,0.6544816583851942,131071591.35
20220913,6300.422,6334.8609,6343.7743,6291.4445,118106314.0,-0.5436409819195889,130295532.95
20220914,6249.963,6214.9119,6273.6335,6206.9248,109121160.0,0.563983859529846,128959516.2
20220915,6107.7964,6280.4462,6282.6932,6053.7988,141643500.0,-2.7490053174884315,128730675.25
20220916,5954.5037,6091.4195,6102.5416,5954.5037,137172115.0,-2.2476829908036997,129066693.05
20220919,5913.1493,5947.8566,5967.6548,5880.4941,104025412.0,-0.5835261731091504,127138421.1
20220920,5958.2922,5949.3355,6002.792,5940.5814,88813000.0,0.1505495865882791,124892296.1
20220921,5978.581,5943.0935,5998.7001,5876.5156,103463644.0,0.5971216841868664,123381659.45
20220922,5965.8854,5938.0989,6015.1192,5931.7309,99867602.0,0.4679359584260235,120469845.95
20220923,5889.6019,5961.0615,5986.8209,5839.9316,100609437.0,-1.1987730708700144,118402999.45
20220926,5806.3181,5841.5777,5922.3202,5798.2786,103244360.0,-0.6035972097058542,117044925.6
20220927,5920.0531,5823.5478,5920.0531,5808.2522,97418022.0,1.6571564845745717,115652384.25
20220928,5769.5198,5910.0494,5910.0494,5769.5198,93694853.0,-2.3778075357542674,113731666.9
20220929,5771.8812,5823.2724,5856.1602,5741.0175,95385798.0,-0.88251409980409,111137186.4
20220930,5714.0629,5764.1521,5804.2022,5714.0629,85545168.0,-0.8689777634424384,109485692.1
20221010,5635.7109,5729.7548,5758.0415,5618.8038,97469345.0,-1.6413250354098865,109030940.15
20221011,5684.5063,5642.4791,5703.2705,5606.9944,86571469.0,0.7448357230069395,107485551.4
20221012,5820.4537,5680.3641,5820.4537,5594.2971,106101757.0,2.4662081080330793,106298337.25
20221013,5830.3355,5789.661,5876.4759,5780.1758,105722268.0,0.7025368151952261,105576436.05
20221014,5973.4389,5866.8591,5996.044,5866.8591,118212245.0,1.816641548456489,105678834.85
20221017,6015.5963,5952.3801,6023.5259,5945.4277,111461869.0,1.0620323120830244,105182466.9
20221018,6035.6737,6031.047,6074.3734,5996.3927,105750195.0,0.07671470641831692,104564660.95
20221019,5972.7226,6021.8,6037.4429,5970.4371,93881065.0,-0.8149955162908121,103802656.2
20221020,5948.8621,5943.4767,6035.5523,5886.3955,103388245.0,0.09061026520050323,101889893.45
20221021,5956.8811,5959.2074,5993.8762,5928.9185,96826295.0,-0.03903707060104383,99872602.45
20221024,5896.9031,5968.5417,6061.2078,5857.8584,119501081.0,-1.200269740931848,100646385.9
20221025,5869.781,5864.0249,5926.5683,5785.4086,107045854.0,0.09815954226250992,101558028.6
20221026,5971.6009,5871.0773,6016.9172,5871.0773,116530079.0,1.7121832138030348,102211350.35
20221027,5963.0037,5978.2847,6020.893,5962.9743,117088219.0,-0.2556084356437549,103072381.2
20221028,5781.7972,5922.8193,5934.7974,5760.0452,131676332.0,-2.3809961583666777,104625725.95
20221031,5807.1063,5745.0776,5859.5968,5743.5552,127016064.0,1.0796842848563222,105814311.15
20221101,5941.1451,5814.2148,5942.1356,5786.8711,136616776.0,2.183103039124045,107774248.85
20221102,5997.8038,5925.6508,6028.767,5916.0613,142330286.0,1.2176384069071253,110206020.5
20221103,5996.7187,5944.5114,6018.4176,5937.605,106386906.0,0.8782437527161615,110756075.9
20221104,6133.4629,5996.3054,6157.4279,5996.3054,138707111.0,2.287366817574039,113414173.05
20221107,6141.4088,6133.2389,6166.1908,6100.6056,138092409.0,0.133206942256886,115445326.25
20221108,6134.2564,6139.8902,6141.0231,6095.4447,108267531.0,-0.0917573411980496,116530129.35
20221109,6120.8286,6140.5417,6182.3383,6118.7288,104762250.0,-0.3210319376220495,116463154.0
20221110,6089.6951,6085.2848,6119.0345,6061.8078,116401928.0,0.0724748330595727,116997137.0
20221111,6138.6211,6223.228,6249.3487,6134.6815,176492121.0,-1.3595339910413016,119911130.8
20221114,6129.5129,6140.1875,6189.3825,6104.9304,159486725.0,-0.17384811131582353,122312373.6
20221115,6236.3838,6125.1067,6236.3838,6112.6193,149860965.0,1.8167373312859896,124517912.1
20221116,6203.9174,6238.5838,6263.1555,6190.0123,129770376.0,-0.555677395885907,126312377.65
20221117,6217.2052,6182.6909,6217.2052,6148.6148,123430196.0,0.558240749185775,127314475.2
20221118,6191.6477,6213.0909,6251.1066,6181.5541,131181093.0,-0.34512934616809976,129032215.1
20221121,6189.7092,6147.7174,6196.6472,6116.2957,112854387.0,0.6830470118876931,128699880.4
20221122,6125.3999,6178.1632,6196.1962,6100.1131,116086024.0,-0.8540289126709961,129151888.9
20221123,6115.6049,6114.2692,6140.1142,6045.0243,115193517.0,0.021845619751262226,129085060.8
20221124,6120.0659,6126.5982,6149.9599,6099.7498,100200699.0,-0.10662197498116914,128240684.8
20221125,6087.8591,6095.1259,6107.0725,6062.0028,107742345.0,-0.11922313204392268,127043985.45
20221128,6055.2843,5999.8546,6059.0163,5970.0861,117940107.0,0.9238507213158232,126590187.6
20221129,6163.8214,6071.4494,6173.849,6071.2244,155324471.0,1.5214159571188945,127525572.35
20221130,6156.1465,6156.7719,6175.6824,6118.902,154647972.0,-0.010157920581723998,128141456.65
20221201,6186.1021,6211.2911,6229.834,6186.1021,152523325.0,-0.40553565425391674,130448277.6
20221202,6168.0127,6177.9231,6206.9855,6154.2094,115500975.0,-0.16041637034944242,129287970.8
20221205,6215.1244,6201.9803,6227.2141,6182.9759,170477211.0,0.21193392052534454,130907210.9
20221206,6211.2515,6202.5242,6244.6382,6185.494,149372815.0,0.14070561788377173,132962475.1
20221207,6204.0051,6198.0532,6243.9022,6183.3338,137821246.0,0.09602854005835289,134615424.9
20221208,6186.2835,6199.164,6206.1408,6168.7805,131051325.0,-0.20777801651965028,135347894.75
20221209,6192.3009,6185.7939,6213.5165,6159.5043,167806825.0,0.10519264148132251,134913629.95
20221212,6154.8092,6181.2441,6182.0784,6146.2547,134098310.0,-0.4276630977896537,133644209.2
20221213,6121.6615,6153.7384,6154.2972,6113.4142,104857515.0,-0.5212587522407521,131394036.7
20221214,6096.3856,6122.4318,6139.7384,6084.0799,95089916.0,-0.42542246040210163,129660013.7
20221215,6101.8787,6090.1178,6108.9595,6078.0039,88190454.0,0.19311449115155407,127898026.6
20221216,6072.8627,6071.9564,6087.4579,6036.0507,93910672.0,0.014925996504185147,126034505.55
20221219,5936.4751,6058.8941,6081.4436,5911.8803,105106201.0,-2.020484233253075,125647096.25
20221220,5878.0314,5919.0267,5920.9868,5857.8575,78623273.0,-0.6926020455356366,123773958.7
20221221,5845.835,5879.2722,5892.907,5819.6676,69783431.0,-0.5687302588235377,121503454.4
20221222,5779.0555,5867.724,5875.4736,5761.9836,82231873.0,-1.5111225408693347,120605013.1
20221223,5763.3458,5751.9489,5805.5101,5732.4711,66556865.0,0.1981397991904923,118545739.1
20221226,5843.2555,5769.0686,5850.9115,5769.0686,75424133.0,1.2859424136506301,116419940.4
20221227,5885.6622,5857.7543,5891.3544,5832.2697,81780423.0,0.476426606011798,112742738.0
20221228,5862.0967,5869.4556,5889.318,5848.2421,90098898.0,-0.12537619332191857,109515284.3
20221229,5857.4021,5843.9431,5895.9811,5835.3337,79510794.0,0.23030682827832175,105864657.75
20221230,5864.4669,5875.2787,5885.8903,5848.9547,75345032.0,-0.18402190861174797,103856860.6
20230103,5955.8969,5861.5504,5964.8185,5848.1461,99557837.0,1.6095826796951138,100310891.9
20230104,5952.4538,5952.5062,5970.5758,5922.8646,97160441.0,-0.0008803014770413756,97700273.2
20230105,6010.4641,5959.4378,6017.3406,5950.0896,96629979.0,0.8562267400458555,95640709.85
20230106,6012.8152,6004.1731,6050.8874,5998.8349,99244877.0,0.14393489088447547,94050387.45
20230109,6040.0193,6028.399,6070.1614,6023.6388,100696829.0,0.1927593047507238,90694887.65
20230110,6048.2968,6044.641,6053.5849,6017.1524,96393351.0,0.0604800185817562,88809639.7
20230111,6014.1565,6049.0393,6070.4478,6004.2194,94406389.0,-0.5766667774831669,88287083.4
20230112,6015.2871,6022.561,6048.1893,5995.9111,92900124.0,-0.12077752305041228,88177593.8
20230113,6057.6902,6030.93,6058.2249,6015.218,90025020.0,0.4437159774694734,88269322.1
20230116,6126.1772,6068.9115,6168.7448,6068.14,129619730.0,0.9435909553138141,90054775.0
20230117,6132.6391,6129.7345,6138.1742,6107.7606,95921699.0,0.047385412859247904,89595549.9
20230118,6151.4557,6139.6912,6168.3735,6136.9704,94555836.0,0.19161387139470834,90392178.05
20230119,6204.3261,6145.6211,6204.3261,6130.424,99777793.0,0.9552329869474043,91891896.15
20230120,6251.4337,6214.0251,6253.269,6214.0251,113904542.0,0.6020027180128344,93475529.6
20230130,6283.3272,6331.8759,6342.4494,6279.4508,146517920.0,-0.7667348628863727,97473582.35
20230131,6289.15,6266.2956,6303.9117,6259.5275,135302093.0,0.36471946838893554,100467480.35
20230201,6365.9051,6300.4997,6368.7906,6293.4917,152442220.0,1.0380986130354015,104000570.2
20230202,6370.1411,6383.298,6402.2639,6347.7289,149292811.0,-0.20611445682153567,106960265.85
20230203,6343.6861,6354.7135,6354.7135,6267.4377,121507182.0,-0.17353103330307407,109060085.25
20230206,6302.3349,6314.5995,6330.7929,6274.5427,108485308.0,-0.19422609462406012,110717099.05
20230207,6317.2377,6309.2209,6318.8407,6273.5954,109662683.0,0.1270648171472237,111222341.35
20230208,6268.2759,6319.5164,6323.8492,6263.7627,105994895.0,-0.8108294489116412,111664064.05
20230209,6354.562,6256.3124,6354.8028,6250.4545,109031119.0,1.5704075135378488,112284121.05
20230210,6334.252,6348.9994,6368.4882,6296.5476,120100829.0,-0.23227912102179896,113326918.65
20230213,6383.8279,6333.2194,6386.7243,6331.3687,131566227.0,0.7990959542630133,114870388.55
20230214,6397.2146,6394.6196,6408.5508,6369.5727,124674389.0,0.04058099093181797,116284440.45
20230215,6384.3479,6398.8735,6407.753,6365.3107,115907022.0,-0.22700245597916477,117359472.1
20230216,6289.4786,6384.2145,6429.0531,6244.4787,168388416.0,-1.4839084745664433,121133886.7
20230217,6237.4053,6284.9225,6308.568,6237.4053,117210985.0,-0.7560506911580743,122493184.95
20230220,6346.0678,6248.2555,6349.4074,6227.3489,140334075.0,1.5654337438665817,123028902.2
20230221,6383.4248,6349.9071,6396.742,6337.5976,141824714.0,0.5278455176139415,125324052.95
20230222,6375.0684,6352.0275,6397.1452,6344.9861,109083029.0,0.36273300139207465,126050412.6
20230223,6360.3202,6377.2925,6396.6563,6328.644,116064654.0,-0.26613645210721404,126864755.65
20230224,6340.8435,6367.6311,6372.4918,6308.2213,96957281.0,-0.4206839180743316,126017392.6
20230227,6307.2057,6318.6393,6349.091,6288.2994,101082738.0,-0.18095035113017746,123745633.5
20230228,6357.5352,6323.8417,6357.5352,6293.1792,96603163.0,0.5328011294147403,121810687.0
20230301,6402.1411,6356.5035,6410.5217,6340.0045,123907639.0,0.7179670395839477,120383957.95
20230302,6382.2322,6398.2563,6410.2306,6375.0068,125349297.0,-0.2504447969675681,119186782.25
20230303,6390.3177,6384.0636,6398.4707,6346.9593,123234775.0,0.0979642496042677,119273161.9
20230306,6395.2191,6398.1023,6405.8199,6362.4723,126845634.0,-0.045063361990934504,120191178.2
20230307,6284.2986,6389.8109,6396.5414,6284.2198,137928869.0,-1.6512585685438723,121604487.5
20230308,6301.5157,6264.4315,6303.7106,6258.3174,98698357.0,0.5919802938223562,121239660.6
20230309,6285.9521,6311.0424,6311.3353,6258.4498,92688914.0,-0.39756189880771264,120422550.35
20230310,6204.8989,6251.56,6261.3301,6202.6117,108052290.0,-0.7463913007313415,119820123.4
20230313,6245.0029,6189.9761,6245.0029,6178.672,108006552.0,0.8889662756533188,118642139.65
20230314,6189.3969,6237.7306,6243.4184,6127.6878,121200145.0,-0.7748603314160464,118468427.45
20230315,6224.64,6210.928,6254.4857,6210.928,112948528.0,0.22077216158359014,118320502.75
20230316,6140.8317,6191.2955,6209.9732,6133.8328,127632685.0,-0.8150765861522915,116282716.2
20230317,6183.1843,6174.1919,6233.7534,6169.8441,137108334.0,0.1456449709637319,117277583.65
20230320,6160.3541,6195.3506,6201.9742,6152.8083,145580891.0,-0.5648832852171465,117539924.45
20230321,6234.6793,6171.8856,6235.0064,6171.2834,123025331.0,1.0174151640140605,116599955.3
20230322,6269.7384,6244.3623,6271.5228,6242.157,128266386.0,0.40638417152701733,117559123.15
20230323,6305.7585,6253.5774,6305.7585,6245.9826,129179648.0,0.834419991347669,118214872.85
20230324,6310.0979,6312.4308,6315.6795,6279.5407,141020989.0,-0.03695723682230839,120418058.25
20230327,6311.5998,6304.4792,6320.6622,6265.0053,144664863.0,0.11294509465587887,122597164.5
20230328,6279.9217,6314.5821,6331.5584,6272.7168,139156104.0,-0.5488945974746255,124724811.55
20230329,6260.551,6285.9539,6294.2951,6239.9373,131548284.0,-0.40412164015393187,125106843.8
20230330,6286.1773,6257.6398,6287.4396,6213.9745,123218599.0,0.45604254818246914,125000308.9
20230331,6339.8183,6284.8522,6343.2299,6282.1402,129489835.0,0.8745806305516561,125313061.9
20230403,6413.8073,6346.6925,6419.8686,6346.6925,163921048.0,1.0574767881065654,127166832.6
20230404,6408.8994,6414.8177,6423.3058,6377.5322,157491755.0,-0.0922598314835878,128144976.9
20230406,6416.8456,6387.2289,6428.7215,6382.0333,144064448.0,0.46368621609912214,130413281.45
20230407,6464.4664,6418.2601,6470.0888,6416.6812,127964625.0,0.7199194061954551,132177067.0
20230410,6410.5218,6474.9415,6476.2165,6395.3745,145134187.0,-0.9949078304413942,134031161.85
20230411,6420.877,6405.6279,6421.4857,6381.0566,142399109.0,0.23805784909860278,135750789.7
20230412,6443.4391,6415.7038,6450.3488,6407.1996,149447956.0,0.4323033117582418,137163180.25
20230413,6404.6463,6438.1638,6451.7864,6396.0167,156199573.0,-0.5206065120617143,139325732.5
20230414,6431.0688,6420.3118,6444.886,6390.9182,145300668.0,0.1675463799125707,140209131.65
20230417,6459.2396,6422.8669,6459.2396,6421.3936,168823079.0,0.5663000738813363,141794868.9
20230418,6449.8531,6448.7565,6462.2489,6422.053,143471341.0,0.01700482876039517,141689391.4
20230419,6416.9696,6444.8726,6456.1491,6404.9942,148699774.0,-0.43294882198290996,142973113.55
20230420,6411.7564,6408.8077,6413.0794,6376.3489,150501294.0,0.046010118231506886,144084858.95
20230421,6250.5446,6411.5137,6411.5137,6250.5446,162313297.0,-2.5106255329377247,145741541.4
20230424,6208.7797,6250.9635,6260.5395,6184.7122,147694845.0,-0.6748367671639708,146075234.2
20230425,6118.1526,6205.6184,6208.4027,6042.6423,162459277.0,-1.4094614647913242,146964954.9
20230426,6142.1541,6095.1335,6178.1675,6093.1976,152166354.0,0.7714449568659953,147615467.4
20230427,6157.936,6127.6444,6190.2503,6121.6098,143136116.0,0.4943433075196002,148194859.0
20230428,6241.2441,6151.6433,6245.55,6151.6433,167876482.0,1.456534386511002,150427753.15
20230504,6262.3891,6223.2261,6264.5158,6218.7822,202487970.0,0.6293038268367024,154077659.9
20230505,6200.5759,6255.7044,6256.2287,6172.6931,178261017.0,-0.8812516780684171,154794658.35
20230508,6248.5828,6202.6787,6259.6869,6200.1467,202718255.0,0.7400689640751462,157055983.35
20230509,6181.9757,6242.6615,6274.898,6177.6544,224389467.0,-0.9721142176297752,161072234.3
20230510,6173.8093,6167.1346,6199.1609,6137.1536,175453727.0,0.1082301657563883,163446689.4
20230511,6154.4703,6185.6686,6190.3906,6151.0696,146064946.0,-0.504364233156623,163493227.35
20230512,6091.6464,6138.9404,6173.9124,6088.2239,140410664.0,-0.7703935356662003,163393805.1
20230515,6159.3888,6094.6758,6159.3888,6036.8139,149843583.0,1.0617956085539404,163413586.45
20230516,6110.8271,6159.1693,6159.1693,6095.6879,121841116.0,-0.7848818183971521,161695663.6
20230517,6122.0518,6097.9771,6137.0165,6090.8823,107266349.0,0.394798137238005,159793947.65
20230518,6128.1762,6132.5182,6153.992,6101.2437,122942111.0,-0.07080288811862886,157499899.25
20230519,6117.0833,6116.8432,6149.1426,6085.0442,119304896.0,0.003925227313330249,156291577.0
20230522,6115.3151,6111.8445,6136.8627,6086.233,112715682.0,0.05678482166880472,154492372.4
20230523,6052.4297,6114.2135,6117.3597,6052.4297,111104244.0,-1.0104946449776437,152522519.9
20230524,6005.7913,6032.689,6058.3946,5988.0278,107223414.0,-0.44586584854615313,149768025.75
20230525,5988.1885,6000.2187,6028.6386,5926.2038,109922832.0,-0.20049602525321533,147879425.1
20230526,6034.9834,5983.1367,6045.1292,5953.8807,106381588.0,0.8665471407330548,145075540.65
20230529,6025.1552,6046.5431,6058.9211,6012.4012,125139417.0,-0.3537211204200251,143724193.8
20230530,6061.3089,6008.4621,6061.3089,5960.3372,127312017.0,0.8795395414077799,142932988.85
20230531,6047.8021,6044.02,6063.1925,6009.2476,117476106.0,0.06257590146954255,140412970.05
20230601,6051.4603,6028.8032,6094.2403,6008.2705,126250315.0,0.3758142246208907,136601087.3
20230602,6105.2181,6061.911,6115.0679,6061.911,122306738.0,0.7144133260946918,133803373.35
20230605,6097.1059,6102.1295,6107.1211,6075.5921,115747953.0,-0.08232535871289592,129454858.25
20230606,5983.4202,6088.6625,6089.0746,5969.2945,123045387.0,-1.7284962009308413,124387654.25
20230607,5987.011,5982.3085,6010.0304,5969.1593,93597892.0,0.07860677863738266,120294862.5
20230608,5966.1477,5971.7247,5992.9692,5922.3872,108981632.0,-0.09339010554185989,118440696.8
20230609,6009.5826,5968.7001,6017.2812,5960.106,127553432.0,0.684948134686809,117797835.2
20230612,6027.7122,5999.6174,6045.6593,5987.2682,113612471.0,0.46827652709987555,115986279.6
20230613,6044.0371,6016.6857,6047.06,6014.0625,98680298.0,0.45459246774348805,114828238.7
20230614,6044.0766,6046.4375,6064.2896,6034.4718,109689021.0,-0.039046132536715614,114949372.3
20230615,6096.8075,6049.4683,6100.2336,6046.1621,118417734.0,0.7825348882314075,114723153.45
20230616,6148.0125,6094.8437,6154.9321,6091.1847,115349568.0,0.8723570712732052,114525387.05
20230619,6131.3849,6148.8548,6148.8548,6126.3881,113787209.0,-0.2841163203268363,114578963.4
20230620,6126.1133,6122.7448,6144.0071,6100.1435,106630832.0,0.0550161750984556,114355292.8
20230621,5990.8455,6104.2468,6104.2468,5990.7866,106447766.0,-1.857744349392943,114316510.4
20230626,5887.0324,5947.57,5970.6114,5875.9378,111081791.0,-1.0178543506003235,114374458.35
20230627,5948.0029,5897.6948,5956.181,5884.9486,93039155.0,0.85301294329439,113707336.7
20230628,5942.3112,5945.6446,5951.1273,5857.1313,93944302.0,-0.05606456867602764,112147580.95
20230629,5940.5782,5928.709,5964.8577,5924.2783,88376857.0,0.2001987279186766,110200822.95
20230630,5998.7293,5931.8714,6016.4459,5927.9362,94504668.0,1.1270962482430076,109052251.05
20230703,6042.3122,6009.2697,6056.1632,5997.8471,113075905.0,0.5498588289355772,108393530.55
20230704,6055.2577,6042.7217,6059.5729,6027.2909,105583765.0,0.2074561865061576,107557381.9
20230705,6020.8212,6050.3461,6059.3789,6011.87,104129041.0,-0.4879869599525791,106976436.3
20230706,5988.5525,6010.6552,6042.2947,5983.4842,93965038.0,-0.36772530222662525,105522418.85
20230707,5961.6057,5973.9756,5994.2828,5936.2272,94118346.0,-0.20706311555741355,105548441.55
20230710,5984.2814,5980.6083,6003.4018,5958.7306,85168564.0,0.06141682945529097,104357788.15
20230711,6029.2318,5991.0207,6029.2318,5972.1378,84531897.0,0.6378061754986013,102206711.4
20230712,5962.7938,6030.6447,6033.5832,5960.431,96692241.0,-1.1251019314734203,101360699.9
20230713,6044.0583,5986.2518,6049.0626,5986.2518,99656398.0,0.9656543348209925,101409504.9
20230714,6030.5188,6052.9495,6055.5275,6026.3263,94963197.0,-0.370574709073649,100673213.7
20230717,6012.6895,6012.7648,6018.0694,5985.4382,88420212.0,-0.0012523356975399308,99173337.6
20230718,6001.7998,6015.9819,6027.6063,5984.0598,87719910.0,-0.235740403407796,97791854.7
20230719,5993.4126,5998.3813,6017.4492,5962.9863,77791034.0,-0.08283401390305671,95992045.95
20230720,5925.4843,5996.838,6009.4266,5920.151,91195368.0,-1.1898553871223412,95220272.75
20230721,5925.6255,5914.3541,5961.0501,5904.7877,81975307.0,0.19057702344877422,93996649.8
20230724,5916.7141,5913.5709,5954.2372,5896.4481,75928001.0,0.05315231783219905,92238960.3
20230725,6016.6312,5976.9683,6016.7544,5971.7319,131896392.0,0.6635956225499698,94181822.15
20230726,6001.5402,6014.7614,6015.5833,5984.3913,121825219.0,-0.21981254318749788,95575868.0
20230727,5961.1843,5998.8485,6017.6706,5952.8932,123000825.0,-0.62785716292052,97307066.4
20230728,6043.2438,5945.9139,6049.7643,5932.0603,163171871.0,1.6369207768043976,100740426.55
20230731,6088.2431,6059.1096,6133.718,6059.1096,186551103.0,0.480821472514706,104414186.45
20230801,6098.8789,6086.8982,6113.9839,6077.1053,187588600.0,0.19682767160456321,108514428.2
20230802,6077.4645,6088.1355,6111.2437,6059.8653,147154529.0,-0.17527533675950996,110665702.6
20230803,6098.6868,6062.6427,6101.8106,6047.676,146479011.0,0.59452786158749,113291401.25
20230804,6128.556,6126.1504,6164.1552,6105.6391,196943501.0,0.03926772676033451,118432659.0
20230807,6090.7307,6115.8362,6117.9163,6072.5354,145319137.0,-0.41049987571609037,121440187.65
20230808,6066.1019,6077.3032,6088.0983,6044.2376,121545728.0,-0.18431366070398839,123290879.2
20230809,6021.7506,6049.449,6062.0243,6012.247,98809174.0,-0.45786649329549367,123396725.85
20230810,6031.7105,6013.3501,6040.4605,5999.5626,99842638.0,0.30532730831688115,123406037.85
20230811,5913.3502,6030.0453,6030.0453,5913.3502,113072007.0,-1.935227584442855,124311478.35
20230814,5916.8029,5864.4821,5919.8035,5833.4629,103675706.0,0.8921640326943705,125074253.05
20230815,5879.7782,5919.7688,5926.4197,5830.9695,92417381.0,-0.6755432745954553,125309126.6
20230816,5833.2155,5858.5966,5891.8116,5833.2155,104950425.0,-0.4332283263879204,126667096.15
20230817,5874.3609,5808.9095,5882.1512,5778.5287,113576384.0,1.1267416027052912,127786146.95
20230818,5777.7972,5875.1097,5891.3976,5777.7972,102931845.0,-1.6563520507540481,128833973.85
20230821,5710.7783,5764.6679,5802.5119,5710.7783,92835698.0,-0.9348257511937578,129679358.7
20230822,5741.0606,5733.2548,5754.5746,5646.5119,106175193.0,0.1361495393506685,128393298.75
20230823,5629.4999,5732.3943,5732.3943,5629.4999,94186725.0,-1.7949637553718196,127011374.05
20230824,5652.6729,5650.3593,5701.3208,5619.333,108086771.0,0.040946068686277995,126265671.35
20230825,5581.2116,5624.7697,5648.624,5560.2171,106241602.0,-0.7743979277942739,123419157.9
20230828,5644.1405,5885.8843,5887.5085,5631.694,185745619.0,-4.107178933163863,123378883.7
20230829,5770.3155,5631.006,5789.9623,5626.5175,160851895.0,2.4739717911861465,122042048.45
20230830,5775.1534,5780.2848,5817.7342,5753.2161,136004384.0,-0.08877417251136505,121484541.2
20230831,5739.3984,5770.9531,5777.422,5728.4729,116335134.0,-0.546784897628083,119977347.35
20230901,5750.8027,5746.4128,5775.1769,5732.9674,104179103.0,0.07639374602534864,115339127.45
20230904,5829.784,5772.0266,5829.784,5758.0309,135648873.0,1.000643344228516,114855614.25
20230905,5788.7149,5819.9667,5822.0615,5779.3725,106517658.0,-0.5369755809771215,114104210.75
20230906,5790.3806,5771.849,5800.9647,5748.6467,90480502.0,0.321068690466439,113687777.15
20230907,5702.7008,5782.0706,5782.0706,5701.7975,92920518.0,-1.3726881854400117,113341671.15
20230908,5708.6227,5684.6558,5732.3747,5683.3973,79520028.0,0.42160688075431835,111664072.2
20230911,5774.7305,5723.0181,5802.2053,5704.7003,112837137.0,0.9035861689831006,112122143.75
20230912,5770.9259,5774.4661,5793.829,5763.2995,86041207.0,-0.06130783242453287,111803335.05
20230913,5715.3973,5764.8241,5770.4141,5681.5003,91472473.0,-0.8573860909303406,111129437.45
20230914,5702.102,5714.6748,5721.2073,5679.199,90247792.0,-0.22000901958585495,109963007.85
20230915,5704.6632,5716.2937,5741.0711,5680.8954,98375964.0,-0.20346225387264846,109735213.8
20230918,5719.6887,5685.8527,5734.1861,5665.579,92305722.0,0.5950910406103086,109708715.0
20230919,5687.9007,5713.4945,5713.6003,5670.4201,85112102.0,-0.44795352476491657,108655560.45
20230920,5651.0062,5677.9249,5689.8254,5651.0062,77634158.0,-0.47409397753746574,107827932.1
20230921,5611.9186,5638.4406,5666.6958,5609.2143,81931509.0,-0.4703782815411753,106520169.0
20230922,5698.8168,5606.8347,5700.323,5603.8126,104118982.0,1.6405352560152926,106414038.0
20230925,5666.6642,5694.9025,5699.1544,5659.3191,93340719.0,-0.4958522116928249,101793793.0
20230926,5646.6544,5661.0321,5682.2786,5646.6544,74309615.0,-0.25397665559960353,97466679.0
20230927,5674.3451,5642.3852,5701.5084,5641.8508,81086240.0,0.5664253479184626,94720771.8
20230928,5690.7697,5687.6411,5704.6228,5677.531,79477338.0,0.055006986991496455,92877882.0
20231009,5658.0832,5679.6412,5680.9516,5634.3532,90029836.0,-0.3795662303456774,92170418.65
20231010,5630.3714,5665.6622,5678.4631,5627.4139,87726425.0,-0.6228892361425954,89774296.25
20231011,5629.7886,5639.0722,5674.2543,5617.8727,90644826.0,-0.16462991908491173,88980654.65
20231012,5671.6419,5655.6129,5677.8191,5642.4931,100502986.0,0.2834175585107591,89481778.85
20231013,5633.3831,5645.4366,5646.0737,5616.8508,89391702.0,-0.2135087302193773,89305338.05
20231016,5580.6666,5633.3012,5636.3194,5559.4212,89867550.0,-0.9343473414842494,89822714.15
20231017,5595.3423,5585.1448,5599.424,5556.5739,92516737.0,0.18258255363406548,88806694.15
20231018,5524.5988,5586.0206,5586.0206,5519.4562,98953562.0,-1.0995627191206578,89452311.9
20231019,5464.027,5496.7574,5529.8697,5463.6516,108078335.0,-0.5954492370356452,90282605.0
20231020,5423.6748,5443.4557,5473.2111,5413.0233,94936115.0,-0.3633886466642992,90517021.15
20231023,5290.3343,5400.5436,5400.7943,5269.8274,103083126.0,-2.040707531738093,90752379.25
20231024,5352.0123,5311.6694,5363.1951,5290.5047,114745729.0,0.7595145134597525,91874379.6
20231025,5375.9983,5386.4255,5423.0139,5375.9983,114921244.0,-0.19358292433451615,93364836.7
20231026,5398.934,5351.1628,5404.9918,5337.4926,102485044.0,0.8927255960143866,94607381.0
20231027,5492.0274,5387.2742,5514.3081,5380.9409,112542804.0,1.9444564377287519,96137945.75
20231030,5546.3881,5484.624,5559.7847,5483.1591,123034185.0,1.1261318916301342,97083705.9
20231031,5528.2385,5547.3243,5554.1902,5505.9335,105679375.0,-0.34405415958825114,97700638.7
20231101,5509.9662,5534.8883,5534.9432,5496.8278,87185785.0,-0.4502728627784553,98344447.2
20231102,5459.4517,5514.5172,5532.8505,5457.7453,90202645.0,-0.998555231634795,98800267.45
20231103,5510.357,5462.144,5537.7293,5462.144,97990576.0,0.8826753743584888,99725929.35
20231106,5605.0621,5549.2909,5609.2576,5549.2909,139241046.0,1.005014892983897,102186489.85
20231107,5611.0983,5594.4667,5631.1001,5578.5126,120579321.0,0.2972866028499143,103829134.65
20231108,5608.0173,5602.9707,5633.9706,5577.3911,122994558.0,0.09007007657563836,105446621.25
20231109,5592.0568,5602.49,5638.0805,5582.1194,106362800.0,-0.18622433953473344,105739611.95
20231110,5573.0999,5577.3371,5585.2123,5550.8219,94324024.0,-0.07597173927320218,105986228.05
20231113,5605.5688,5589.0595,5605.5688,5565.0914,102158932.0,0.2953860126198283,106600797.15
20231114,5630.5534,5602.9829,5639.188,5600.7841,101073136.0,0.49206825171641716,107028617.1
20231115,5664.617,5677.5503,5684.7473,5649.7168,113087937.0,-0.22779718922084566,107735335.85
20231116,5609.3607,5647.0613,5652.4004,5609.3607,94662677.0,-0.6676144988898938,107064552.95
20231117,5631.4233,5598.953,5632.3894,5593.4903,89422342.0,0.5799352128871228,106788864.3
20231120,5659.7727,5635.5867,5669.3846,5609.2691,103105072.0,0.4291656093233488,106789961.6
20231121,5641.0844,5669.1651,5696.0944,5634.2723,114861205.0,-0.4953233766291342,106795735.4
20231122,5572.8986,5622.8615,5639.0036,5572.8986,104718408.0,-0.8885671468166082,106285593.6
20231123,5622.9891,5566.7332,5627.7947,5548.972,98042432.0,1.0105729514753845,106063463.0
20231124,5570.4205,5619.3187,5619.3187,5556.7138,101248044.0,-0.8701802230935868,105498725.0
20231127,5566.5069,5562.7486,5579.7151,5531.6548,98218653.0,0.06756192433360043,104257948.4
20231128,5591.4955,5561.5765,5594.718,5529.5352,89373272.0,0.5379589762003609,103442643.25
20231129,5553.3349,5588.7739,5593.3712,5547.8408,89509151.0,-0.6341104620460725,103558811.55
20231130,5545.0504,5548.524,5560.3283,5509.9646,87841505.0,-0.06260403667714622,103440754.55
20231201,5566.8689,5541.226,5576.7275,5521.0558,93371708.0,0.46276582113779036,103209811.15
20231204,5559.0682,5578.4205,5590.8353,5559.0682,99306543.0,-0.3469136111198585,101213086.0
20231205,5460.4088,5542.8669,5542.8669,5460.4088,91298248.0,-1.4876435153079326,99749032.35
20231206,5481.824,5448.4575,5513.0858,5443.0738,88373997.0,0.6124026846130153,98018004.3
20231207,5481.1355,5475.2678,5501.4783,5443.2936,89048687.0,0.10716736083668266,97152298.65
20231208,5497.9897,5484.6829,5522.0575,5477.5286,118123774.0,0.24261749024725374,98342286.15
20231211,5564.8538,5473.6514,5574.1237,5429.443,118605911.0,1.6662076799410377,99164635.1
20231212,5566.1778,5560.4355,5576.0089,5545.1624,84232331.0,0.10327068806032902,98322594.85
20231213,5507.5128,5557.0463,5558.0572,5507.5128,75929894.0,-0.8913638167815796,96464692.7
20231214,5489.3267,5532.9861,5557.3719,5487.7542,74118097.0,-0.78907481802639,95437463.7
20231215,5449.7864,5499.3692,5516.2199,5438.5282,80125418.0,-0.9016088608853563,94972617.5
20231218,5385.2702,5436.9888,5448.0772,5374.5881,78022493.0,-0.9512360959801895,93718488.55
20231219,5379.8735,5380.7346,5406.9585,5344.0325,70323722.0,-0.016003391061140213,91491614.4
20231220,5309.2865,5385.9956,5388.463,5308.5727,75387097.0,-1.4242325040146715,90025048.85
20231221,5338.762,5286.4531,5352.5049,5253.3152,81522318.0,0.9894895312700306,89199043.15
20231222,5311.6902,5337.3807,5366.2345,5293.2193,90387004.0,-0.4813316014726044,88655991.15
20231225,5315.3746,5301.5735,5339.6644,5288.4665,65918772.0,0.260320827392088,87040997.1
20231226,5258.2841,5312.7999,5313.9193,5238.0417,67532007.0,-1.0261218383173085,85948933.85
20231227,5285.5301,5261.5699,5293.7973,5235.4559,75397918.0,0.45538119715941683,85243372.2
20231228,5382.7966,5280.6904,5400.2364,5275.4028,107699239.0,1.9335767156506516,86236258.9
20231229,5429.2288,5376.9768,5437.1538,5374.6877,90931766.0,0.9717728371080101,86114261.8
20240102,5409.4554,5431.4784,5439.4778,5409.4554,92964747.0,-0.4054697152068236,85797172.0
20240103,5401.395,5398.2939,5428.5204,5373.8317,86705229.0,0.05744592749944144,85567521.05
20240104,5355.3216,5395.1428,5395.1428,5331.892,78846568.0,-0.7380935310924377,85091149.6
20240105,5281.8711,5347.0727,5373.6788,5260.5939,89538884.0,-1.219388694677733,85115659.45
20240108,5167.6997,5268.2339,5268.9787,5167.6997,83785155.0,-1.9083093482238906,83398728.5
20240109,5180.653,5176.1129,5220.4578,5152.9987,78740418.0,0.0877125381094405,81405453.85
20240110,5158.0784,5167.7319,5211.8158,5118.4332,71173946.0,-0.18680342143909284,80752534.6
20240111,5223.8633,5152.359,5243.1387,5146.8978,85041295.0,1.3877973176946636,81208104.65
20240112,5206.178,5213.1356,5262.6165,5206.1607,76619831.0,-0.13346286254283757,81333191.35
20240115,5193.2956,5189.5279,5238.9581,5171.2399,73925097.0,0.07260197984483968,81023175.3
20240116,5190.3975,5188.3692,5210.0834,5124.0823,83070371.0,0.03909320870997277,81275569.2
20240117,5061.5395,5180.9251,5180.9251,5061.5395,78741849.0,-2.3043297807953356,81696475.55
20240118,5066.9579,5033.1032,5069.2295,4924.6815,118751055.0,0.672640688154393,83864673.45
20240119,5018.4332,5056.4765,5084.2902,5014.7667,78467383.0,-0.7523677802121569,83711926.7
20240122,4780.9748,5008.6804,5008.7672,4753.6302,109708492.0,-4.546219399425051,84678001.1
20240123,4865.743,4771.4963,4889.4223,4727.8806,99944718.0,1.9752022022945004,86379298.4
20240124,4933.7009,4886.2037,4941.4403,4766.8035,114025805.0,0.9720675378310527,88703988.3
20240125,5073.1779,4931.6273,5074.4943,4910.9591,132307766.0,2.870261505771119,91549480.7
20240126,5027.0932,5055.2878,5086.129,5009.9729,117009836.0,-0.5577249231982363,92015010.55
20240129,4927.9137,5032.1113,5050.1092,4927.9137,116876657.0,-2.0706537234182307,93312255.1
20240130,4814.9908,4898.3613,4939.3511,4810.099,99675811.0,-1.7020079756060462,93647808.3
20240131,4696.9796,4786.8128,4832.401,4690.9429,121093158.0,-1.8766808679044238,95367204.75
20240201,4678.7308,4667.9126,4771.0465,4629.9901,111471910.0,0.23175669570164223,96998471.85
20240202,4563.2221,4686.0999,4724.0488,4435.5569,137501832.0,-2.622176279255169,99396619.25
20240205,4460.2635,4527.7091,4598.0608,4281.2399,165958337.0,-1.489618668301813,103505278.35
20240206,4805.9013,4411.298,4817.1179,4405.3085,173058335.0,8.945287758841063,108221174.2
20240207,5109.5685,4813.9545,5110.8041,4813.2326,227198934.0,6.140772622591271,116022423.6
20240208,5150.2288,5131.8032,5367.2243,5129.7843,213676123.0,0.35904728380853684,122454165.0
20240219,5141.6037,5225.1379,5225.1379,5074.7611,162949893.0,-1.598698476455522,126770668.1
20240220,5140.9575,5107.5677,5151.7201,5072.8837,121646379.0,0.6537319123543058,129156732.2
20240221,5139.0372,5101.4113,5252.8785,5074.8224,150872501.0,0.7375586438207796,132546838.7
20240222,5176.3431,5133.5478,5184.6228,5117.6799,116614806.0,0.8336398465014735,134440486.55
20240223,5197.7115,5190.6466,5197.7115,5118.568,135265004.0,0.13610828369629918,135266184.0
20240226,5195.4642,5194.737,5255.3615,5162.9504,144018944.0,0.013998783769039055,138543762.05
20240227,5307.8043,5174.8194,5307.8043,5160.8782,138971751.0,2.5698462056472824,140006925.0
20240228,5184.0471,5311.4253,5383.3193,5184.0471,202560985.0,-2.398192439984049,145137738.35
20240229,5346.7929,5154.1487,5349.7678,5154.1487,160790165.0,3.73765312591778,147475956.35
20240301,5379.0482,5350.8566,5387.7839,5321.5587,142298395.0,0.5268614374752653,147975487.8
20240304,5388.82,5386.9441,5400.1227,5325.9642,143928469.0,0.03482308271957011,149321419.45
20240305,5351.8268,5358.2206,5382.9834,5329.9702,140816479.0,-0.11932692730119825,150518410.55
20240306,5350.1016,5332.8328,5405.4908,5293.9518,121099564.0,0.3238203905436493,151589598.2
20240307,5277.2988,5354.3337,5384.6567,5277.2988,139831342.0,-1.4387392403278967,152526507.4
20240308,5349.595,5282.4077,5361.7104,5268.5296,121467978.0,1.2719067481292765,153026310.8
20240311,5441.0507,5342.1778,5443.0421,5339.2607,142981732.0,1.8507976278887495,153300305.8
20240312,5423.7183,5445.8776,5473.2901,5385.1402,147072536.0,-0.40690044153763844,152356015.75
20240313,5415.1126,5430.0437,5459.3222,5389.5251,129746301.0,-0.27497200436894803,150190414.05
20240314,5392.9267,5415.1499,5447.5416,5352.1195,131887357.0,-0.41038937814076687,145424835.2
20240315,5454.1463,5380.019,5456.7336,5357.1797,136405030.0,1.377825989090375,141561280.55
20240318,5528.447,5472.3147,5528.447,5459.5453,159862638.0,1.0257505841175438,141406917.8
20240319,5478.2248,5514.55,5533.639,5477.1172,146777240.0,-0.6587155796937234,142663460.85
20240320,5493.414,5469.606,5499.2382,5455.7613,126273262.0,0.43527815349039756,141433498.9
20240321,5465.8286,5505.6985,5517.4566,5454.2313,129489458.0,-0.724156980263278,142077231.5
20240322,5384.5656,5454.4143,5463.5407,5356.108,137096029.0,-1.2805902917935745,142168782.75
20240325,5294.7463,5369.7761,5401.5975,5292.6372,130778254.0,-1.397261237763717,141506748.25
20240326,5284.4188,5291.5227,5318.8757,5237.8993,116468112.0,-0.13425058159535186,140381566.3
20240327,5156.684,5280.7332,5282.6954,5156.684,110107142.0,-2.3490904634227587,135758874.15
20240328,5223.806,5156.4803,5276.6382,5156.4803,116318192.0,1.3056522294868347,133535275.5
20240329,5286.1612,5220.5524,5287.0376,5211.1946,109047149.0,1.2567405702124546,131872713.2
20240401,5401.2249,5309.8325,5401.7799,5309.8325,136734854.0,1.7211917701735362,131513032.45
20240402,5381.2291,5395.4811,5402.1597,5353.3119,132148642.0,-0.2641469729177702,131079640.6
20240403,5374.5954,5373.5021,5386.3422,5350.1601,133628053.0,0.020346135158306796,131706065.05
20240408,5298.5912,5358.9565,5383.6587,5297.559,148588559.0,-1.1264375816448666,132143925.9
20240409,5342.8982,5294.4743,5342.8982,5284.9557,113300745.0,0.9146120512852386,131735564.25
20240410,5275.4727,5335.7302,5335.7302,5242.863,117908618.0,-1.1293205942084499,130481908.55
20240411,5301.8094,5244.0544,5353.8091,5240.5101,127745143.0,1.1013425032356665,129515538.9
20240412,5277.219,5307.7225,5336.4477,5270.4618,118524933.0,-0.5747003540595765,128954470.5
20240415,5339.7223,5270.0415,5376.0484,5219.4286,159217624.0,1.322205906727681,130320983.85
20240416,5191.554,5309.1005,5346.7615,5184.6535,162583973.0,-2.214056787962471,131629931.0
20240417,5339.7467,5211.2486,5339.7467,5211.2486,147594552.0,2.4657833441298465,131016526.7
20240418,5349.8361,5317.7986,5410.6963,5299.2288,153497682.0,0.6024579419010032,131352548.8
20240419,5314.8667,5322.3588,5369.9543,5292.0162,142134216.0,-0.14076653381580345,132145596.5
20240422,5267.5811,5289.4066,5340.6307,5264.1859,135266882.0,-0.41262662620793644,132434467.7
20240423,5208.2712,5257.766,5280.0593,5196.955,125801120.0,-0.9413655913937495,131869722.25
20240424,5263.0391,5210.1831,5263.0391,5183.7005,117297220.0,1.0144749039625838,131195670.55
20240425,5259.3354,5240.4817,5297.1627,5229.8248,110833929.0,0.35977036233138,130913961.4
20240426,5372.1209,5258.3847,5379.6707,5258.3847,173777701.0,2.162949393946021,134097489.35
20240429,5478.4908,5371.2122,5488.2776,5371.2122,190936055.0,1.997288433326087,137828382.5
20240430,5441.1411,5471.1676,5478.0353,5436.5752,162797344.0,-0.5488133830884644,140515892.25
20240506,5528.6036,5498.4442,5535.9488,5496.9071,165791626.0,0.5485078851941512,141968730.85
20240507,5527.0847,5532.323,5543.1251,5507.5008,136535402.0,-0.09468536092343091,142188068.85
20240508,5458.7559,5516.4477,5516.4477,5454.8735,123955621.0,-1.0458143199653573,141704447.25
20240509,5556.7712,5461.36,5568.7324,5461.36,131121230.0,1.7470227196156354,140831080.8
20240510,5535.3954,5562.1931,5570.5652,5497.4972,128688030.0,-0.48178298592330565,141600445.05
20240513,5505.2595,5503.1286,5527.2001,5462.5075,131627588.0,0.038721610103752815,142286393.55
20240514,5500.7379,5508.4663,5538.7434,5484.964,118994399.0,-0.14030039541133194,141848856.35
20240515,5446.6557,5495.5571,5497.0842,5441.3548,110124989.0,-0.8898351724886953,141428859.15
20240516,5424.6652,5461.1077,5475.3735,5408.1251,122108119.0,-0.6673096741893444,139573383.9
20240517,5491.8944,5418.6575,5493.2007,5409.7047,126916168.0,1.3515690925289128,137789993.65
20240520,5523.5013,5496.7904,5536.662,5484.358,144971448.0,0.4859363020281806,137658838.45
20240521,5478.9131,5511.4838,5513.4235,5460.975,108691192.0,-0.5909606411253575,135418513.95
20240522,5468.6068,5472.0098,5486.3049,5455.0766,113057782.0,-0.06218921610849907,133964692.25
20240523,5362.3053,5448.9403,5448.9403,5352.3934,126657569.0,-1.5899421764631962,133534226.6
20240524,5313.4546,5348.51,5400.1594,5311.4888,106564175.0,-0.6554236600473812,132572379.35
20240527,5371.3693,5325.8508,5373.1116,5284.5055,115643229.0,0.8546709569858797,132489679.8
20240528,5316.1286,5363.33,5365.473,5310.3183,110965373.0,-0.8800763704638708,132496252.0
20240529,5328.3064,5308.593,5361.744,5305.9631,104361267.0,0.3713488677696811,129025430.3
20240530,5308.66,5316.3983,5349.688,5296.4925,107350187.0,-0.14555530950342793,124846136.9
20240531,5308.5403,5310.7218,5357.021,5308.5403,104151147.0,-0.04107727879853538,121913827.05
20240603,5274.0687,5300.7869,5316.3352,5232.688,126968515.0,-0.5040421451388708,119972671.5
20240604,5341.9496,5263.2256,5352.2839,5247.5837,108083144.0,1.4957367588423374,118550058.6
20240605,5277.9405,5328.8678,5347.4297,5277.9405,105792757.0,-0.9556870598291121,117641915.4
20240606,5228.8002,5291.5208,5305.878,5213.6618,133368231.0,-1.1853038544231094,117754265.45
20240607,5208.9798,5247.1462,5258.818,5172.0505,113527478.0,-0.7273744345068958,116996237.85
20240611,5217.4702,5182.4129,5232.8495,5159.334,116437116.0,0.6764667477575839,116236714.25
20240612,5232.9534,5209.1344,5245.9909,5205.5716,103065569.0,0.45725447206738257,115440272.75
20240613,5194.59,5231.9096,5233.7954,5182.7423,118232764.0,-0.7133074317644902,115845661.5
20240614,5213.0927,5180.2887,5235.8781,5163.384,133998620.0,0.6332465601772366,116440186.55
20240617,5207.128,5189.284,5223.5894,5184.5987,107970664.0,0.34386246734617054,115492911.35
20240618,5230.8913,5207.9777,5243.5867,5204.9707,94090903.0,0.4399711619348881,112948884.1
20240619,5168.8204,5235.4758,5236.3018,5168.8204,87849590.0,-1.273148851151228,111906804.0
20240620,5094.5653,5162.1609,5184.747,5092.2867,95609003.0,-1.309443880371874,111034365.05
20240621,5102.3292,5079.9226,5128.1378,5071.6547,83838907.0,0.4410815235649506,108893431.95
20240624,4992.9097,5072.8028,5078.955,4986.7679,100186646.0,-1.5749301352696032,108574555.5
20240625,4948.6343,4989.0713,5007.3355,4918.0393,91636779.0,-0.8105115675536628,107374233.0
20240626,5020.4318,4942.1652,5024.7679,4915.6644,93394621.0,1.583650016393623,106495695.4
20240627,4928.0514,4998.9936,5000.1752,4925.1601,88537187.0,-1.4191296424144153,105704491.4
20240628,4942.7817,4914.6693,5003.4091,4914.5467,106308342.0,0.572010002788997,105652399.15
20240701,5003.1608,4943.7867,5017.6099,4929.0871,97312793.0,1.2009842576743857,105310481.45
20240702,4949.4771,5000.5757,5002.7424,4934.1169,96209334.0,-1.0218543436908727,103772522.4
20240703,4910.9245,4945.3994,4950.5148,4905.3897,84528331.0,-0.6971105306479425,102594781.75
20240704,4834.4982,4917.4414,4935.6055,4827.342,91008466.0,-1.6867145585100358,101855567.2
20240705,4866.2647,4828.8628,4877.9326,4794.1292,83133279.0,0.7745488233792819,99343819.6
20240708,4783.6165,4857.0245,4857.2655,4768.5636,90254500.0,-1.5113780051963985,98180170.7
20240709,4876.899,4775.3131,4888.4822,4745.3165,111401968.0,2.1273139137201293,97928413.3
20240710,4844.1624,4857.483,4891.3725,4836.17,100953186.0,-0.2742284430022712,97822794.15
20240711,4939.7318,4902.8106,4941.7015,4871.172,115275494.0,0.7530619273769167,97674930.65
20240712,4919.3639,4926.9812,4937.3471,4905.7967,97175106.0,-0.15460379674271715,95833754.95
20240715,4883.8971,4903.5161,4903.5161,4868.743,86824312.0,-0.40010065430395325,94776437.35
20240716,4898.3626,4877.601,4907.8321,4850.4315,87267978.0,0.42565187271367066,94435291.1
20240717,4856.5794,4893.4137,4900.3599,4853.603,96909547.0,-0.7527321877567891,94888288.95
20240718,4877.6916,4822.1303,4879.6927,4793.4294,96654750.0,1.152214820906028,94940576.3
20240719,4872.0532,4853.0422,4900.3787,4842.9297,93290746.0,0.39173366347402505,95413168.25
20240722,4865.9778,4872.6362,4885.3641,4839.1121,92710458.0,-0.13664882266400796,95039358.85
20240723,4722.7994,4862.9705,4862.9705,4722.7994,102403712.0,-2.8824172385993387,95577705.5
20240724,4668.0621,4712.287,4738.762,4661.8271,112674635.0,-0.938501835732844,96541706.2
20240725,4665.4488,4644.4217,4710.4627,4635.244,88600074.0,0.45273881999130805,96544850.55
20240726,4736.3771,4670.4463,4744.4537,4670.4463,86472049.0,1.4116595238446505,95553035.9
20240729,4708.8443,4740.499,4742.1481,4702.9803,81102039.0,-0.6677503781774883,94742498.2
20240730,4699.282,4694.5247,4712.0417,4650.5592,83353382.0,0.10133720246482489,94099700.6
20240731,4886.4136,4694.7288,4887.9192,4687.0458,143180919.0,4.082979191471081,97032330.0
20240801,4852.9725,4893.8709,4928.2412,4834.6536,113213393.0,-0.8357065569506552,98142576.35
20240802,4788.6159,4816.9369,4874.7114,4783.115,98529844.0,-0.5879462527316875,98912404.6
20240805,4693.8478,4756.0755,4846.542,4693.8165,113338148.0,-1.3083833509371408,100066587.0
20240806,4750.776,4740.4539,4774.9279,4699.1769,107774770.0,0.21774497163656437,99885227.1
20240807,4751.9408,4747.9803,4783.4202,4719.938,96989481.0,0.08341441517775754,99687041.85
20240808,4755.8149,4737.0927,4791.6592,4701.7856,104309253.0,0.39522553569619095,99138729.8
20240809,4720.3104,4778.2568,4805.0992,4720.3104,108819586.0,-1.2127100410342075,99720953.8
20240812,4714.1586,4716.9605,4737.1908,4696.0525,89100832.0,-0.05940053981796936,99834779.8
20240813,4731.8353,4713.9598,4731.8353,4680.5879,81365173.0,0.3792034883284347,99539639.55
20240814,4667.0731,4729.8146,4730.2369,4667.0731,74588030.0,-1.326510768519343,98423563.7
20240815,4698.375,4656.695,4746.4095,4647.7947,90973293.0,0.895055398732369,98139490.85
20240816,4670.3789,4703.6042,4708.0187,4662.1132,87379580.0,-0.706379588656717,97843932.55
20240819,4682.9628,4666.3308,4729.8742,4666.2577,87136867.0,0.3564256524633984,97565253.0
20240820,4602.0095,4684.2948,4686.3633,4590.3913,91846146.0,-1.7566208685243199,97037374.7
20240821,4587.1218,4589.0885,4610.8666,4582.2653,83526910.0,-0.042856005065056955,95579988.45
20240822,4533.3695,4589.4956,4595.0496,4526.2499,85856868.0,-1.2229252382331601,95442828.15
20240823,4537.0872,4523.9907,4549.3026,4513.2038,75778364.0,0.28948998502582357,94908143.9
20240826,4544.3594,4542.8564,4558.5917,4523.7274,87118296.0,0.03308491107050206,95208956.75
20240827,4495.2856,4532.4861,4532.4861,4487.0915,82529205.0,-0.8207526549281623,95167747.9
20240828,4500.0088,4486.4311,4527.7686,4482.0324,82681199.0,0.3026392180635477,92142761.9
20240829,4557.9006,4483.5534,4577.7919,4475.2228,103115562.0,1.6582204641523879,91637870.35
20240830,4639.1144,4557.5014,4704.3407,4548.3827,151593361.0,1.7907399874852543,94291046.2
20240902,4546.8832,4631.9003,4632.3107,4546.8393,126368517.0,-1.8354691270017196,94942564.65
20240903,4596.4819,4543.2198,4612.2826,4543.2198,98589686.0,1.1723425751930365,94483310.45
20240904,4582.084,4567.6858,4623.3782,4552.3037,92435685.0,0.3152187044038719,94255620.65
20240905,4601.0911,4585.1677,4630.6388,4582.0535,80583723.0,0.34728064580930534,93069344.15
20240906,4537.4544,4609.3419,4613.3097,4535.3486,90147596.0,-1.559604419884772,92135744.65
20240909,4507.1866,4517.5658,4541.7935,4487.8427,91944608.0,-0.22975204921199618,92277933.45
20240910,4507.7074,4509.3236,4528.6691,4432.9128,98529542.0,-0.03584129557700141,93136151.9
20240911,4514.9158,4490.1867,4529.3452,4479.0306,85206842.0,0.5507365651410343,93667092.5
20240912,4496.5919,4518.9882,4568.7462,4496.5919,86654304.0,-0.4956043036359208,93451143.05
20240913,4450.9587,4500.3949,4509.072,4450.9587,92533757.0,-1.0984858239884705,93708851.9
20240918,4462.8701,4450.089,4474.722,4397.161,90989683.0,0.2872099861373593,93901492.7
20240919,4520.3939,4481.4635,4565.3899,4437.5363,115611868.0,0.8686983615954965,95089778.8
20240920,4498.3901,4514.9598,4515.8064,4471.9438,94312044.0,-0.3669955156632848,95629035.5
20240923,4494.6878,4495.7805,4545.5411,4483.13,89935227.0,-0.024305012222019067,95832953.45
20240924,4689.5964,4524.2214,4690.5736,4503.1245,177144703.0,3.655325090854307,100901270.4
20240925,4731.4755,4743.6343,4847.2034,4724.4301,204593519.0,-0.2563182410583412,106775031.55
20240926,4938.1839,4725.996,4938.1839,4719.3492,229930323.0,4.489802784428931,114145087.45
20240927,5201.6656,5027.2644,5227.9577,5021.5148,230177508.0,3.4691073737836478,121519902.9
20240930,5743.217,5449.7889,5757.9213,5387.338,388703200.0,5.384210386571122,135799284.8
20241008,6155.5817,6417.8142,6417.8142,5868.8525,493546420.0,-4.086009532653658,152896937.75
20241009,5735.641,6013.7015,6088.0804,5704.4779,431156416.0,-4.6237828731605735,168136332.7
20241010,5690.8822,5768.6107,5875.9358,5597.4766,353480245.0,-1.3474388209278911,180880860.65
20241011,5470.8133,5650.0488,5652.852,5408.8696,244383373.0,-3.172282334977351,188478245.05
20241014,5608.153,5503.6461,5623.9685,5408.3917,250608541.0,1.898866644059841,196979485.95
20241015,5472.56,5578.2611,5661.0749,5471.8807,238997019.0,-1.8948754478344394,204421957.1
20241016,5461.0877,5393.6657,5546.1764,5393.6657,205450926.0,1.2500218543392574,210097273.0
20241017,5418.9883,5499.7659,5541.0331,5417.881,202768685.0,-1.4687461515407472,215309230.15
20241018,5640.0198,5416.0319,5774.1408,5404.2035,287114219.0,4.135645877565826,225404599.0
20241021,5704.225,5680.5648,5797.8808,5631.2316,266885186.0,0.4165114004156816,234416143.1
20241022,5753.8497,5703.3196,5779.2983,5673.7901,237023624.0,0.8859770018850065,241640636.45
20241023,5776.383,5745.1069,5853.4555,5727.7736,273412640.0,0.5443954402310607,250761784.3
20241024,5726.7041,5747.5577,5759.8651,5694.7789,207690046.0,-0.36282541365353094,255365693.2
20241025,5809.6879,5735.2853,5855.2647,5729.4384,236725708.0,1.297278097046024,262486376.4
20241028,5883.7203,5816.3296,5883.7203,5787.4843,270653787.0,1.1586465113668925,271522304.4
20241029,5812.5286,5903.3065,5917.2149,5807.29,275371143.0,-1.5377466848451804,276433626.4
20241030,5837.9338,5793.8326,5869.1113,5777.43,252021275.0,0.7611749086433748,278805014.2
20241031,5901.2904,5839.9766,5935.1827,5812.0324,313549202.0,1.0498980423996889,282985958.15
20241101,5831.8217,5893.3192,5934.2031,5795.0805,369840641.0,-1.0435121179249802,289969114.8
20241104,5928.9085,5835.3918,5928.9085,5835.3918,286552294.0,1.6025779108782243,284861569.5
20241105,6111.9707,5925.8652,6119.2536,5910.8887,366344492.0,3.140562495414166,278501473.1
20241106,6125.7868,6134.9236,6204.5331,6081.8065,415187737.0,-0.14893095001216025,277703039.15
20241107,6239.5598,6061.7349,6240.7574,6049.587,418413323.0,2.933564448686128,280949693.05
20241108,6222.445,6306.7986,6333.6792,6206.2949,385648347.0,-1.3375026752875916,288012941.75
20241111,6330.6152,6211.0328,6330.8046,6199.0563,334096921.0,1.9253223071048704,292187360.75
20241112,6263.883,6349.2295,6382.9784,6205.0988,332856919.0,-1.344202473701739,296880355.75
20241113,6259.8412,6234.1577,6282.2777,6162.8979,260400673.0,0.411980274416223,299627843.1
20241114,6078.3051,6240.6093,6240.6093,6068.6584,239743138.0,-2.60077489548978,301476565.75
